"Timestamp","Edited by","Record Key","Asset ID","Field","Previous value","New value","Sheet cell"
"2026-08-24 09:54","J. Krasnoff-Hnatjuk","(schema)","","new column","","Area (m2)","Master Register!BI1"
"2026-08-24 09:54","J. Krasnoff-Hnatjuk","(schema)","","new column","","Timber Density","Master Register!BJ1"
"2026-08-24 09:54","J. Krasnoff-Hnatjuk","PWG-TS-0001","PWG-TS-0001","RECORD ADDED","","Trench Stop & Bulkhead @ 2 m (TRENCH STOP)","Trench&Bulkheads- T2W_PIPELINE.xlsm row 458"
"2026-08-24 09:54","J. Krasnoff-Hnatjuk","PWG-BS-0001","PWG-BS-0001","RECORD ADDED","","Trench Stop & Bulkhead @ 7 m (BULK HEAD)","Trench&Bulkheads- T2W_PIPELINE.xlsm row 459"
"2026-08-24 09:54","J. Krasnoff-Hnatjuk","PWG-TS-0002","PWG-TS-0002","RECORD ADDED","","Trench Stop & Bulkhead @ 12 m (TRENCH STOP)","Trench&Bulkheads- T2W_PIPELINE.xlsm row 460"
"2026-08-24 09:54","J. Krasnoff-Hnatjuk","PWG-TS-0003","PWG-TS-0003","RECORD ADDED","","Trench Stop & Bulkhead @ 1190.9 m (TRENCH STOP)","Trench&Bulkheads- T2W_PIPELINE.xlsm row 461"
"2026-08-24 09:54","J. Krasnoff-Hnatjuk","PWG-TS-0004","PWG-TS-0004","RECORD ADDED","","Trench Stop & Bulkhead @ 2052.9 m (TRENCH STOP)","Trench&Bulkheads- T2W_PIPELINE.xlsm row 462"
"2026-08-24 09:54","J. Krasnoff-Hnatjuk","PWG-TS-0005","PWG-TS-0005","RECORD ADDED","","Trench Stop & Bulkhead @ 2061.5 m (TRENCH STOP)","Trench&Bulkheads- T2W_PIPELINE.xlsm row 463"
"2026-08-24 09:54","J. Krasnoff-Hnatjuk","PWG-TS-0006","PWG-TS-0006","RECORD ADDED","","Trench Stop & Bulkhead @ 4010.3 m (TRENCH STOP)","Trench&Bulkheads- T2W_PIPELINE.xlsm row 464"
"2026-08-24 09:54","J. Krasnoff-Hnatjuk","PWG-TS-0007","PWG-TS-0007","RECORD ADDED","","Trench Stop & Bulkhead @ 5445.3 m (TRENCH STOP)","Trench&Bulkheads- T2W_PIPELINE.xlsm row 465"
"2026-08-24 09:54","J. Krasnoff-Hnatjuk","PWG-TS-0008","PWG-TS-0008","RECORD ADDED","","Trench Stop & Bulkhead @ 8669.8 m (TRENCH STOP)","Trench&Bulkheads- T2W_PIPELINE.xlsm row 466"
"2026-08-24 09:54","J. Krasnoff-Hnatjuk","PWG-TS-0009","PWG-TS-0009","RECORD ADDED","","Trench Stop & Bulkhead @ 8677 m (TRENCH STOP)","Trench&Bulkheads- T2W_PIPELINE.xlsm row 467"
"2026-08-24 09:54","J. Krasnoff-Hnatjuk","PWG-TS-0010","PWG-TS-0010","RECORD ADDED","","Trench Stop & Bulkhead @ 9344.9 m (TRENCH STOP)","Trench&Bulkheads- T2W_PIPELINE.xlsm row 468"
"2026-08-24 09:54","J. Krasnoff-Hnatjuk","PWG-TS-0011","PWG-TS-0011","RECORD ADDED","","Trench Stop & Bulkhead @ 9358.4 m (TRENCH STOP)","Trench&Bulkheads- T2W_PIPELINE.xlsm row 469"
"2026-08-24 09:54","J. Krasnoff-Hnatjuk","PWG-TS-0012","PWG-TS-0012","RECORD ADDED","","Trench Stop & Bulkhead @ 9371.9 m (TRENCH STOP)","Trench&Bulkheads- T2W_PIPELINE.xlsm row 470"
"2026-08-24 09:54","J. Krasnoff-Hnatjuk","PWG-TS-0013","PWG-TS-0013","RECORD ADDED","","Trench Stop & Bulkhead @ 9810.2 m (TRENCH STOP)","Trench&Bulkheads- T2W_PIPELINE.xlsm row 471"
"2026-08-24 09:54","J. Krasnoff-Hnatjuk","PWG-TS-0014","PWG-TS-0014","RECORD ADDED","","Trench Stop & Bulkhead @ 9825.8 m (TRENCH STOP)","Trench&Bulkheads- T2W_PIPELINE.xlsm row 472"
"2026-08-24 09:54","J. Krasnoff-Hnatjuk","PWG-TS-0015","PWG-TS-0015","RECORD ADDED","","Trench Stop & Bulkhead @ 9841.4 m (TRENCH STOP)","Trench&Bulkheads- T2W_PIPELINE.xlsm row 473"
"2026-08-24 09:54","J. Krasnoff-Hnatjuk","PWG-TS-0016","PWG-TS-0016","RECORD ADDED","","Trench Stop & Bulkhead @ 11111.31 m (TRENCH STOP)","Trench&Bulkheads- T2W_PIPELINE.xlsm row 474"
"2026-08-24 09:54","J. Krasnoff-Hnatjuk","PWG-TS-0017","PWG-TS-0017","RECORD ADDED","","Trench Stop & Bulkhead @ 11118.61 m (TRENCH STOP)","Trench&Bulkheads- T2W_PIPELINE.xlsm row 475"
"2026-08-24 09:54","J. Krasnoff-Hnatjuk","PWG-TS-0018","PWG-TS-0018","RECORD ADDED","","Trench Stop & Bulkhead @ 11125.91 m (TRENCH STOP)","Trench&Bulkheads- T2W_PIPELINE.xlsm row 476"
"2026-08-24 09:54","J. Krasnoff-Hnatjuk","PWG-TS-0019","PWG-TS-0019","RECORD ADDED","","Trench Stop & Bulkhead @ 11305.8 m (TRENCH STOP)","Trench&Bulkheads- T2W_PIPELINE.xlsm row 477"
"2026-08-24 09:54","J. Krasnoff-Hnatjuk","PWG-TS-0020","PWG-TS-0020","RECORD ADDED","","Trench Stop & Bulkhead @ 11318.5 m (TRENCH STOP)","Trench&Bulkheads- T2W_PIPELINE.xlsm row 478"
"2026-08-24 09:54","J. Krasnoff-Hnatjuk","PWG-TS-0021","PWG-TS-0021","RECORD ADDED","","Trench Stop & Bulkhead @ 11331.2 m (TRENCH STOP)","Trench&Bulkheads- T2W_PIPELINE.xlsm row 479"
"2026-08-24 09:54","J. Krasnoff-Hnatjuk","PWG-TS-0022","PWG-TS-0022","RECORD ADDED","","Trench Stop & Bulkhead @ 13376.5 m (TRENCH STOP)","Trench&Bulkheads- T2W_PIPELINE.xlsm row 480"
"2026-08-24 09:54","J. Krasnoff-Hnatjuk","PWG-TS-0023","PWG-TS-0023","RECORD ADDED","","Trench Stop & Bulkhead @ 13384.4 m (TRENCH STOP)","Trench&Bulkheads- T2W_PIPELINE.xlsm row 481"
"2026-08-24 09:54","J. Krasnoff-Hnatjuk","PWG-TS-0024","PWG-TS-0024","RECORD ADDED","","Trench Stop & Bulkhead @ 13392.3 m (TRENCH STOP)","Trench&Bulkheads- T2W_PIPELINE.xlsm row 482"
"2026-08-24 09:54","J. Krasnoff-Hnatjuk","PWG-TS-0025","PWG-TS-0025","RECORD ADDED","","Trench Stop & Bulkhead @ 14244.2 m (TRENCH STOP)","Trench&Bulkheads- T2W_PIPELINE.xlsm row 483"
"2026-08-24 09:54","J. Krasnoff-Hnatjuk","PWG-TS-0026","PWG-TS-0026","RECORD ADDED","","Trench Stop & Bulkhead @ 14254.6 m (TRENCH STOP)","Trench&Bulkheads- T2W_PIPELINE.xlsm row 484"
"2026-08-24 09:54","J. Krasnoff-Hnatjuk","PWG-TS-0027","PWG-TS-0027","RECORD ADDED","","Trench Stop & Bulkhead @ 14577.5 m (TRENCH STOP)","Trench&Bulkheads- T2W_PIPELINE.xlsm row 485"
"2026-08-24 09:54","J. Krasnoff-Hnatjuk","PWG-TS-0028","PWG-TS-0028","RECORD ADDED","","Trench Stop & Bulkhead @ 14588.8 m (TRENCH STOP)","Trench&Bulkheads- T2W_PIPELINE.xlsm row 486"
"2026-08-24 09:54","J. Krasnoff-Hnatjuk","PWG-TS-0029","PWG-TS-0029","RECORD ADDED","","Trench Stop & Bulkhead @ 14600.1 m (TRENCH STOP)","Trench&Bulkheads- T2W_PIPELINE.xlsm row 487"
"2026-08-24 09:54","J. Krasnoff-Hnatjuk","PWG-TS-0030","PWG-TS-0030","RECORD ADDED","","Trench Stop & Bulkhead @ 14611.4 m (TRENCH STOP)","Trench&Bulkheads- T2W_PIPELINE.xlsm row 488"
"2026-08-24 09:54","J. Krasnoff-Hnatjuk","PWG-TS-0031","PWG-TS-0031","RECORD ADDED","","Trench Stop & Bulkhead @ 14622.7 m (TRENCH STOP)","Trench&Bulkheads- T2W_PIPELINE.xlsm row 489"
"2026-08-24 09:54","J. Krasnoff-Hnatjuk","PWG-TS-0032","PWG-TS-0032","RECORD ADDED","","Trench Stop & Bulkhead @ 18779.3 m (TRENCH STOP)","Trench&Bulkheads- T2W_PIPELINE.xlsm row 490"
"2026-08-24 09:54","J. Krasnoff-Hnatjuk","PWG-TS-0033","PWG-TS-0033","RECORD ADDED","","Trench Stop & Bulkhead @ 25025.6 m (TRENCH STOP)","Trench&Bulkheads- T2W_PIPELINE.xlsm row 491"
"2026-08-24 09:54","J. Krasnoff-Hnatjuk","PWG-TS-0034","PWG-TS-0034","RECORD ADDED","","Trench Stop & Bulkhead @ 25039.6 m (TRENCH STOP)","Trench&Bulkheads- T2W_PIPELINE.xlsm row 492"
"2026-08-24 09:54","J. Krasnoff-Hnatjuk","PWG-TS-0035","PWG-TS-0035","RECORD ADDED","","Trench Stop & Bulkhead @ 25053.6 m (TRENCH STOP)","Trench&Bulkheads- T2W_PIPELINE.xlsm row 493"
"2026-08-24 09:54","J. Krasnoff-Hnatjuk","PWG-TS-0036","PWG-TS-0036","RECORD ADDED","","Trench Stop & Bulkhead @ 25067.6 m (TRENCH STOP)","Trench&Bulkheads- T2W_PIPELINE.xlsm row 494"
"2026-08-24 09:54","J. Krasnoff-Hnatjuk","PHW-VG-0001","VEG_PHW001","RECORD ADDED","","Vegetation @ 10.0-20.0 m, 195 m2 HEAVY","T2W - Tree Removal TakeOff (V.1).xlsx row 18"
"2026-08-24 09:54","J. Krasnoff-Hnatjuk","PHW-VG-0002","VEG_PHW002","RECORD ADDED","","Vegetation @ 60.0-200.0 m, 658 m2 LIGHT","T2W - Tree Removal TakeOff (V.1).xlsx row 19"
"2026-08-24 09:54","J. Krasnoff-Hnatjuk","PHW-VG-0003","VEG_PHW003","RECORD ADDED","","Vegetation @ 250.0-270.0 m, 110 m2 HEAVY","T2W - Tree Removal TakeOff (V.1).xlsx row 20"
"2026-08-24 09:54","J. Krasnoff-Hnatjuk","PHW-VG-0004","VEG_PHW004","RECORD ADDED","","Vegetation @ 330.0-370.0 m, 486 m2 HEAVY","T2W - Tree Removal TakeOff (V.1).xlsx row 21"
"2026-08-24 09:54","J. Krasnoff-Hnatjuk","PHW-VG-0005","VEG_PHW005","RECORD ADDED","","Vegetation @ 380.0-410.0 m, 145 m2 HEAVY","T2W - Tree Removal TakeOff (V.1).xlsx row 22"
"2026-08-24 09:54","J. Krasnoff-Hnatjuk","PHW-VG-0006","VEG_PHW006","RECORD ADDED","","Vegetation @ 450.0-460.0 m, 18.7 m2 TRIM","T2W - Tree Removal TakeOff (V.1).xlsx row 23"
"2026-08-24 09:54","J. Krasnoff-Hnatjuk","PHW-VG-0007","VEG_PHW007","RECORD ADDED","","Vegetation @ 510.0-530.0 m, 85.9 m2 TRIM","T2W - Tree Removal TakeOff (V.1).xlsx row 24"
"2026-08-24 09:54","J. Krasnoff-Hnatjuk","PHW-VG-0008","VEG_PHW008","RECORD ADDED","","Vegetation @ 540.0-560.0 m, 147 m2 HEAVY","T2W - Tree Removal TakeOff (V.1).xlsx row 25"
"2026-08-24 09:54","J. Krasnoff-Hnatjuk","PHW-VG-0009","VEG_PHW009","RECORD ADDED","","Vegetation @ 620.0-640.0 m, 108 m2 HEAVY","T2W - Tree Removal TakeOff (V.1).xlsx row 26"
"2026-08-24 09:54","J. Krasnoff-Hnatjuk","PHW-VG-0010","VEG_PHW010","RECORD ADDED","","Vegetation @ 670.0-690.0 m, 110 m2 HEAVY","T2W - Tree Removal TakeOff (V.1).xlsx row 27"
"2026-08-24 09:54","J. Krasnoff-Hnatjuk","PHW-VG-0011","VEG_PHW011","RECORD ADDED","","Vegetation @ 730.0-740.0 m, 62.9 m2 HEAVY","T2W - Tree Removal TakeOff (V.1).xlsx row 28"
"2026-08-24 09:54","J. Krasnoff-Hnatjuk","PHW-VG-0012","VEG_PHW012","RECORD ADDED","","Vegetation @ 770.0-800.0 m, 262 m2 HEAVY","T2W - Tree Removal TakeOff (V.1).xlsx row 29"
"2026-08-24 09:54","J. Krasnoff-Hnatjuk","PHW-VG-0013","VEG_PHW013","RECORD ADDED","","Vegetation @ 890.0-900.0 m, 24.2 m2 LIGHT","T2W - Tree Removal TakeOff (V.1).xlsx row 30"
"2026-08-24 09:54","J. Krasnoff-Hnatjuk","PHW-VG-0014","VEG_PHW014","RECORD ADDED","","Vegetation @ 920.0-930.0 m, 66.5 m2 HEAVY","T2W - Tree Removal TakeOff (V.1).xlsx row 31"
"2026-08-24 09:54","J. Krasnoff-Hnatjuk","PHW-VG-0015","VEG_PHW015","RECORD ADDED","","Vegetation @ 950.0-950.0 m, 9.64 m2 LIGHT","T2W - Tree Removal TakeOff (V.1).xlsx row 32"
"2026-08-24 09:54","J. Krasnoff-Hnatjuk","PHW-VG-0016","VEG_PHW016","RECORD ADDED","","Vegetation @ 960.0-980.0 m, 123 m2 HEAVY","T2W - Tree Removal TakeOff (V.1).xlsx row 33"
"2026-08-24 09:54","J. Krasnoff-Hnatjuk","PHW-VG-0017","VEG_PHW017","RECORD ADDED","","Vegetation @ 1000-1010.0 m, 55.6 m2 TRIM","T2W - Tree Removal TakeOff (V.1).xlsx row 34"
"2026-08-24 09:54","J. Krasnoff-Hnatjuk","PHW-VG-0018","VEG_PHW018","RECORD ADDED","","Vegetation @ 1010.0-1020.0 m, 57.9 m2 HEAVY","T2W - Tree Removal TakeOff (V.1).xlsx row 35"
"2026-08-24 09:54","J. Krasnoff-Hnatjuk","PHW-VG-0019","VEG_PHW019","RECORD ADDED","","Vegetation @ 1040.0-1050.0 m, 23 m2 LIGHT","T2W - Tree Removal TakeOff (V.1).xlsx row 36"
"2026-08-24 09:54","J. Krasnoff-Hnatjuk","PHW-VG-0020","VEG_PHW020","RECORD ADDED","","Vegetation @ 1070.0-1080.0 m, 85.4 m2 HEAVY","T2W - Tree Removal TakeOff (V.1).xlsx row 37"
"2026-08-24 09:54","J. Krasnoff-Hnatjuk","PHW-VG-0021","VEG_PHW021","RECORD ADDED","","Vegetation @ 1100.0-1130.0 m, 117 m2 HEAVY","T2W - Tree Removal TakeOff (V.1).xlsx row 38"
"2026-08-24 09:54","J. Krasnoff-Hnatjuk","PHW-VG-0022","VEG_PHW022","RECORD ADDED","","Vegetation @ 1140.0-1150.0 m, 82 m2 HEAVY","T2W - Tree Removal TakeOff (V.1).xlsx row 39"
"2026-08-24 09:54","J. Krasnoff-Hnatjuk","PHW-VG-0023","VEG_PHW023","RECORD ADDED","","Vegetation @ 1170.0-1190.0 m, 46.3 m2 TRIM","T2W - Tree Removal TakeOff (V.1).xlsx row 40"
"2026-08-24 09:54","J. Krasnoff-Hnatjuk","PHW-VG-0024","VEG_PHW024","RECORD ADDED","","Vegetation @ 1210.0-1220.0 m, 12.4 m2 TRIM","T2W - Tree Removal TakeOff (V.1).xlsx row 41"
"2026-08-24 09:54","J. Krasnoff-Hnatjuk","PHW-VG-0025","VEG_PHW025","RECORD ADDED","","Vegetation @ 1250.0-1250.0 m, 54 m2 LIGHT","T2W - Tree Removal TakeOff (V.1).xlsx row 42"
"2026-08-24 09:54","J. Krasnoff-Hnatjuk","PHW-VG-0026","VEG_PHW026","RECORD ADDED","","Vegetation @ 1320.0-1330.0 m, 66 m2 LIGHT","T2W - Tree Removal TakeOff (V.1).xlsx row 43"
"2026-08-24 09:54","J. Krasnoff-Hnatjuk","PHW-VG-0027","VEG_PHW027","RECORD ADDED","","Vegetation @ 1740.0-1780.0 m, 402 m2 HEAVY","T2W - Tree Removal TakeOff (V.1).xlsx row 44"
"2026-08-24 09:54","J. Krasnoff-Hnatjuk","PHW-VG-0028","VEG_PHW028","RECORD ADDED","","Vegetation @ 1810.0-1830.0 m, 271 m2 HEAVY","T2W - Tree Removal TakeOff (V.1).xlsx row 45"
"2026-08-24 09:54","J. Krasnoff-Hnatjuk","PHW-VG-0029","VEG_PHW029","RECORD ADDED","","Vegetation @ 1980.0-2010.0 m, 380 m2 HEAVY","T2W - Tree Removal TakeOff (V.1).xlsx row 46"
"2026-08-24 09:54","J. Krasnoff-Hnatjuk","PHW-VG-0030","VEG_PHW030","RECORD ADDED","","Vegetation @ 2030.0-2040.0 m, 99 m2 LIGHT","T2W - Tree Removal TakeOff (V.1).xlsx row 47"
"2026-08-24 09:54","J. Krasnoff-Hnatjuk","PHW-VG-0031","VEG_PHW031","RECORD ADDED","","Vegetation @ 2320.0-2330.0 m, 44.8 m2 LIGHT","T2W - Tree Removal TakeOff (V.1).xlsx row 48"
"2026-08-24 09:54","J. Krasnoff-Hnatjuk","PHW-VG-0032","VEG_PHW032","RECORD ADDED","","Vegetation @ 2360.0-2380.0 m, 141 m2 TRIM","T2W - Tree Removal TakeOff (V.1).xlsx row 49"
"2026-08-24 09:54","J. Krasnoff-Hnatjuk","PHW-VG-0033","VEG_PHW033","RECORD ADDED","","Vegetation @ 2360.0-2370.0 m, 94 m2 TRIM","T2W - Tree Removal TakeOff (V.1).xlsx row 50"
"2026-08-24 09:54","J. Krasnoff-Hnatjuk","PHW-VG-0034","VEG_PHW034","RECORD ADDED","","Vegetation @ 2400.0-2420.0 m, 138 m2 HEAVY","T2W - Tree Removal TakeOff (V.1).xlsx row 51"
"2026-08-24 09:54","J. Krasnoff-Hnatjuk","PHW-VG-0035","VEG_PHW035","RECORD ADDED","","Vegetation @ 2460.0-2480.0 m, 132 m2 HEAVY","T2W - Tree Removal TakeOff (V.1).xlsx row 52"
"2026-08-24 09:54","J. Krasnoff-Hnatjuk","PHW-VG-0036","VEG_PHW036","RECORD ADDED","","Vegetation @ 2480.0-2490.0 m, 37.7 m2 LIGHT","T2W - Tree Removal TakeOff (V.1).xlsx row 53"
"2026-08-24 09:54","J. Krasnoff-Hnatjuk","PHW-VG-0037","VEG_PHW037","RECORD ADDED","","Vegetation @ 2500.0-2510.0 m, 17 m2 LIGHT","T2W - Tree Removal TakeOff (V.1).xlsx row 54"
"2026-08-24 09:54","J. Krasnoff-Hnatjuk","PHW-VG-0038","VEG_PHW038","RECORD ADDED","","Vegetation @ 2560.0-2580.0 m, 117 m2 HEAVY","T2W - Tree Removal TakeOff (V.1).xlsx row 55"
"2026-08-24 09:54","J. Krasnoff-Hnatjuk","PHW-VG-0039","VEG_PHW039","RECORD ADDED","","Vegetation @ 2620.0-2620.0 m, 29 m2 HEAVY","T2W - Tree Removal TakeOff (V.1).xlsx row 56"
"2026-08-24 09:54","J. Krasnoff-Hnatjuk","PHW-VG-0040","VEG_PHW040","RECORD ADDED","","Vegetation @ 2710.0-2720.0 m, 43.3 m2 LIGHT","T2W - Tree Removal TakeOff (V.1).xlsx row 57"
"2026-08-24 09:54","J. Krasnoff-Hnatjuk","PHW-VG-0041","VEG_PHW041","RECORD ADDED","","Vegetation @ 2750.0-2750.0 m, 32.5 m2 TRIM","T2W - Tree Removal TakeOff (V.1).xlsx row 58"
"2026-08-24 09:54","J. Krasnoff-Hnatjuk","PHW-VG-0042","VEG_PHW042","RECORD ADDED","","Vegetation @ 2770.0-2790.0 m, 86.4 m2 HEAVY","T2W - Tree Removal TakeOff (V.1).xlsx row 59"
"2026-08-24 09:54","J. Krasnoff-Hnatjuk","PHW-VG-0043","VEG_PHW043","RECORD ADDED","","Vegetation @ 2810.0-2810.0 m, 41.4 m2 LIGHT","T2W - Tree Removal TakeOff (V.1).xlsx row 60"
"2026-08-24 09:54","J. Krasnoff-Hnatjuk","PHW-VG-0044","VEG_PHW044","RECORD ADDED","","Vegetation @ 3930.0-3940.0 m, 283 m2 HEAVY","T2W - Tree Removal TakeOff (V.1).xlsx row 61"
"2026-08-24 09:54","J. Krasnoff-Hnatjuk","PHW-VG-0045","VEG_PHW045","RECORD ADDED","","Vegetation @ 3950.0-3960.0 m, 99 m2 LIGHT","T2W - Tree Removal TakeOff (V.1).xlsx row 62"
"2026-08-24 09:54","J. Krasnoff-Hnatjuk","PHW-VG-0046","VEG_PHW046","RECORD ADDED","","Vegetation @ 4900.0-4910.0 m, 309 m2 HEAVY","T2W - Tree Removal TakeOff (V.1).xlsx row 63"
"2026-08-24 09:54","J. Krasnoff-Hnatjuk","PHW-VG-0047","VEG_PHW047","RECORD ADDED","","Vegetation @ 5390.0-5410.0 m, 142 m2 HEAVY","T2W - Tree Removal TakeOff (V.1).xlsx row 64"
"2026-08-24 09:54","J. Krasnoff-Hnatjuk","PHW-VG-0048","VEG_PHW048","RECORD ADDED","","Vegetation @ 5840.0-5850.0 m, 85.2 m2 LIGHT","T2W - Tree Removal TakeOff (V.1).xlsx row 65"
"2026-08-24 09:54","J. Krasnoff-Hnatjuk","PHW-VG-0049","VEG_PHW049","RECORD ADDED","","Vegetation @ 5970.0-5990.0 m, 212 m2 HEAVY","T2W - Tree Removal TakeOff (V.1).xlsx row 66"
"2026-08-24 09:54","J. Krasnoff-Hnatjuk","PHW-VG-0050","VEG_PHW050","RECORD ADDED","","Vegetation @ 6620.0-6630.0 m, 27 m2 LIGHT","T2W - Tree Removal TakeOff (V.1).xlsx row 67"
"2026-08-24 09:54","J. Krasnoff-Hnatjuk","PHW-VG-0051","VEG_PHW051","RECORD ADDED","","Vegetation @ 8310.0-8320.0 m, 188 m2 HEAVY","T2W - Tree Removal TakeOff (V.1).xlsx row 68"
"2026-08-24 09:54","J. Krasnoff-Hnatjuk","PHW-VG-0052","VEG_PHW052","RECORD ADDED","","Vegetation @ 8350.0-8360.0 m, 54.8 m2 HEAVY","T2W - Tree Removal TakeOff (V.1).xlsx row 69"
"2026-08-24 09:54","J. Krasnoff-Hnatjuk","PHW-VG-0053","VEG_PHW053","RECORD ADDED","","Vegetation @ 8460.0-8470.0 m, 56 m2 TRIM","T2W - Tree Removal TakeOff (V.1).xlsx row 70"
"2026-08-24 09:54","J. Krasnoff-Hnatjuk","PHW-VG-0054","VEG_PHW054","RECORD ADDED","","Vegetation @ 8950.0-8960.0 m, 88.8 m2 HEAVY","T2W - Tree Removal TakeOff (V.1).xlsx row 71"
"2026-08-24 09:54","J. Krasnoff-Hnatjuk","PHW-VG-0055","VEG_PHW055","RECORD ADDED","","Vegetation @ 8970.0-8980.0 m, 5 m2 LIGHT","T2W - Tree Removal TakeOff (V.1).xlsx row 72"
"2026-08-24 09:54","J. Krasnoff-Hnatjuk","PHW-VG-0056","VEG_PHW056","RECORD ADDED","","Vegetation @ 9140.0-9150.0 m, 164 m2 HEAVY","T2W - Tree Removal TakeOff (V.1).xlsx row 73"
"2026-08-24 09:54","J. Krasnoff-Hnatjuk","PHW-VG-0057","VEG_PHW057","RECORD ADDED","","Vegetation @ 9220.0-9230.0 m, 40 m2 LIGHT","T2W - Tree Removal TakeOff (V.1).xlsx row 74"
"2026-08-24 09:54","J. Krasnoff-Hnatjuk","PHW-VG-0058","VEG_PHW058","RECORD ADDED","","Vegetation @ 9460.0-9470.0 m, 48 m2 HEAVY","T2W - Tree Removal TakeOff (V.1).xlsx row 75"
"2026-08-24 09:54","J. Krasnoff-Hnatjuk","PHW-VG-0059","VEG_PHW059","RECORD ADDED","","Vegetation @ 9590.0-9600.0 m, 29 m2 LIGHT","T2W - Tree Removal TakeOff (V.1).xlsx row 76"
"2026-08-24 09:54","J. Krasnoff-Hnatjuk","PHW-VG-0060","VEG_PHW060","RECORD ADDED","","Vegetation @ 10320.0-10330.0 m, 65.7 m2 HEAVY","T2W - Tree Removal TakeOff (V.1).xlsx row 77"
"2026-08-24 09:54","J. Krasnoff-Hnatjuk","PHW-VG-0061","VEG_PHW061","RECORD ADDED","","Vegetation @ 11180.0-11190.0 m, 23.8 m2 LIGHT","T2W - Tree Removal TakeOff (V.1).xlsx row 78"
"2026-08-24 09:54","J. Krasnoff-Hnatjuk","PHW-VG-0062","VEG_PHW062","RECORD ADDED","","Vegetation @ 13590.0-13610.0 m, 90 m2 LIGHT","T2W - Tree Removal TakeOff (V.1).xlsx row 79"
"2026-08-24 09:54","J. Krasnoff-Hnatjuk","PHW-VG-0063","VEG_PHW063","RECORD ADDED","","Vegetation @ 13960.0-13980.0 m, 73 m2 TRIM","T2W - Tree Removal TakeOff (V.1).xlsx row 80"
"2026-08-24 09:54","J. Krasnoff-Hnatjuk","PHW-VG-0064","VEG_PHW064","RECORD ADDED","","Vegetation @ 14250.0-14260.0 m, 21.5 m2 LIGHT","T2W - Tree Removal TakeOff (V.1).xlsx row 81"
"2026-08-24 09:54","J. Krasnoff-Hnatjuk","PHW-VG-0065","VEG_PHW065","RECORD ADDED","","Vegetation @ 14350.0-14360.0 m, 29 m2 TRIM","T2W - Tree Removal TakeOff (V.1).xlsx row 82"
"2026-08-24 09:54","J. Krasnoff-Hnatjuk","PHW-VG-0066","VEG_PHW066","RECORD ADDED","","Vegetation @ 15760.0-15770.0 m, 43 m2 TRIM","T2W - Tree Removal TakeOff (V.1).xlsx row 83"
"2026-08-24 09:54","J. Krasnoff-Hnatjuk","PHW-VG-0067","VEG_PHW067","RECORD ADDED","","Vegetation @ 18990.0-19000 m, 63.7 m2 LIGHT","T2W - Tree Removal TakeOff (V.1).xlsx row 84"
"2026-08-24 09:54","J. Krasnoff-Hnatjuk","PHW-VG-0068","VEG_PHW068","RECORD ADDED","","Vegetation @ 19010.0-19060.0 m, 593 m2 HEAVY","T2W - Tree Removal TakeOff (V.1).xlsx row 85"
"2026-08-24 09:54","J. Krasnoff-Hnatjuk","PHW-VG-0069","VEG_PHW069","RECORD ADDED","","Vegetation @ 19110.0-19120.0 m, 105 m2 HEAVY","T2W - Tree Removal TakeOff (V.1).xlsx row 86"
"2026-08-24 09:54","J. Krasnoff-Hnatjuk","PHW-VG-0070","VEG_PHW070","RECORD ADDED","","Vegetation @ 19132.0-19132.0 m, 73 m2 HEAVY","T2W - Tree Removal TakeOff (V.1).xlsx row 87"
"2026-08-24 09:54","J. Krasnoff-Hnatjuk","PWG-VG-0001","VEG_PWG001","RECORD ADDED","","Vegetation @ 400.0-430.0 m, 234 m2 HEAVY","T2W - Tree Removal TakeOff (V.1).xlsx row 88"
"2026-08-24 09:54","J. Krasnoff-Hnatjuk","PWG-VG-0002","VEG_PWG002","RECORD ADDED","","Vegetation @ 440.0-450.0 m, 113 m2 LIGHT","T2W - Tree Removal TakeOff (V.1).xlsx row 89"
"2026-08-24 09:54","J. Krasnoff-Hnatjuk","PWG-VG-0003","VEG_PWG003","RECORD ADDED","","Vegetation @ 490.0-530.0 m, 273 m2 HEAVY","T2W - Tree Removal TakeOff (V.1).xlsx row 90"
"2026-08-24 09:54","J. Krasnoff-Hnatjuk","PWG-VG-0004","VEG_PWG004","RECORD ADDED","","Vegetation @ 590.0-740.0 m, 1550 m2 HEAVY","T2W - Tree Removal TakeOff (V.1).xlsx row 91"
"2026-08-24 09:54","J. Krasnoff-Hnatjuk","PWG-VG-0005","VEG_PWG005","RECORD ADDED","","Vegetation @ 760.0-880.0 m, 1520 m2 HEAVY","T2W - Tree Removal TakeOff (V.1).xlsx row 92"
"2026-08-24 09:54","J. Krasnoff-Hnatjuk","PWG-VG-0006","VEG_PWG006","RECORD ADDED","","Vegetation @ 990.0-1000 m, 56.6 m2 LIGHT","T2W - Tree Removal TakeOff (V.1).xlsx row 93"
"2026-08-24 09:54","J. Krasnoff-Hnatjuk","PWG-VG-0007","VEG_PWG007","RECORD ADDED","","Vegetation @ 1040.0-1050.0 m, 27 m2 LIGHT","T2W - Tree Removal TakeOff (V.1).xlsx row 94"
"2026-08-24 09:54","J. Krasnoff-Hnatjuk","PWG-VG-0008","VEG_PWG008","RECORD ADDED","","Vegetation @ 1430.0-1460.0 m, 215 m2 HEAVY","T2W - Tree Removal TakeOff (V.1).xlsx row 95"
"2026-08-24 09:54","J. Krasnoff-Hnatjuk","PWG-VG-0009","VEG_PWG009","RECORD ADDED","","Vegetation @ 2210.0-2220.0 m, 80 m2 HEAVY","T2W - Tree Removal TakeOff (V.1).xlsx row 96"
"2026-08-24 09:54","J. Krasnoff-Hnatjuk","PWG-VG-0010","VEG_PWG010","RECORD ADDED","","Vegetation @ 2370.0-2380.0 m, 50 m2 LIGHT","T2W - Tree Removal TakeOff (V.1).xlsx row 97"
"2026-08-24 09:54","J. Krasnoff-Hnatjuk","PWG-VG-0011","VEG_PWG011","RECORD ADDED","","Vegetation @ 3250.0-3260.0 m, 31.4 m2 LIGHT","T2W - Tree Removal TakeOff (V.1).xlsx row 98"
"2026-08-24 09:54","J. Krasnoff-Hnatjuk","PWG-VG-0012","VEG_PWG012","RECORD ADDED","","Vegetation @ 3540.0-3560.0 m, 145 m2 HEAVY","T2W - Tree Removal TakeOff (V.1).xlsx row 99"
"2026-08-24 09:54","J. Krasnoff-Hnatjuk","PWG-VG-0013","VEG_PWG013","RECORD ADDED","","Vegetation @ 3590.0-3600.0 m, 13.6 m2 LIGHT","T2W - Tree Removal TakeOff (V.1).xlsx row 100"
"2026-08-24 09:54","J. Krasnoff-Hnatjuk","PWG-VG-0014","VEG_PWG014","RECORD ADDED","","Vegetation @ 4080.0-4090.0 m, 46.6 m2 LIGHT","T2W - Tree Removal TakeOff (V.1).xlsx row 101"
"2026-08-24 09:54","J. Krasnoff-Hnatjuk","PWG-VG-0015","VEG_PWG015","RECORD ADDED","","Vegetation @ 10680.0-10690.0 m, 116 m2 HEAVY","T2W - Tree Removal TakeOff (V.1).xlsx row 102"
"2026-08-24 09:54","J. Krasnoff-Hnatjuk","PWG-VG-0016","VEG_PWG016","RECORD ADDED","","Vegetation @ 21580.0-21590.0 m, 74.8 m2 HEAVY","T2W - Tree Removal TakeOff (V.1).xlsx row 103"
"2026-08-24 09:54","J. Krasnoff-Hnatjuk","PWG-VG-0017","VEG_PWG017","RECORD ADDED","","Vegetation @ 24010.0-24020.0 m, 32.5 m2 LIGHT","T2W - Tree Removal TakeOff (V.1).xlsx row 104"
"2026-08-24 09:54","J. Krasnoff-Hnatjuk","PWG-VG-0018","VEG_PWG018","RECORD ADDED","","Vegetation @ 24830.0-24860.0 m, 176 m2 HEAVY","T2W - Tree Removal TakeOff (V.1).xlsx row 105"
"2026-08-24 09:54","J. Krasnoff-Hnatjuk","PWG-VG-0019","VEG_PWG019","RECORD ADDED","","Vegetation @ 26070.0-26080.0 m, 64.7 m2 HEAVY","T2W - Tree Removal TakeOff (V.1).xlsx row 106"
"2026-08-24 09:54","J. Krasnoff-Hnatjuk","PWG-VG-0020","VEG_PWG020","RECORD ADDED","","Vegetation @ 26290.0-26300.0 m, 23 m2 LIGHT","T2W - Tree Removal TakeOff (V.1).xlsx row 107"
"2026-08-24 09:54","J. Krasnoff-Hnatjuk","PWG-VG-0021","VEG_PWG021","RECORD ADDED","","Vegetation @ 26430.0-26440.0 m, 79 m2 HEAVY","T2W - Tree Removal TakeOff (V.1).xlsx row 108"
"2026-08-24 09:54","J. Krasnoff-Hnatjuk","(source)","","Src - Trench Stop & BH reloaded","452 rows","489 rows (source rev 2026-08-17)","Src - Trench Stop & BH"
"2026-08-24 09:54","J. Krasnoff-Hnatjuk","(derived)","","Chainage Index","ranges to row 1189, 6 registers","ranges to row 1317, 7 registers (Vegetation added)","Chainage Index"
"2026-08-24 10:19","J. Krasnoff-Hnatjuk","(schema)","","new column","","Thrust Block Category","Master Register!BK1"
"2026-08-24 10:19","J. Krasnoff-Hnatjuk","PHW-TB-001","PHW-TB-001","Thrust Block Category","","Bend","Master Register!BK5"
"2026-08-24 10:19","J. Krasnoff-Hnatjuk","PHW-TB-002","PHW-TB-002","Thrust Block Category","","Bend","Master Register!BK97"
"2026-08-24 10:19","J. Krasnoff-Hnatjuk","PHW-TB-003","PHW-TB-003","Thrust Block Category","","Bend","Master Register!BK104"
"2026-08-24 10:19","J. Krasnoff-Hnatjuk","PHW-TB-004","PHW-TB-004","Thrust Block Category","","Bend","Master Register!BK155"
"2026-08-24 10:19","J. Krasnoff-Hnatjuk","PHW-TB-005","PHW-TB-005","Thrust Block Category","","Bend","Master Register!BK161"
"2026-08-24 10:19","J. Krasnoff-Hnatjuk","PHW-TB-006","PHW-TB-006","Thrust Block Category","","Bend","Master Register!BK181"
"2026-08-24 10:19","J. Krasnoff-Hnatjuk","PHW-TB-007","PHW-TB-007","Thrust Block Category","","Bend","Master Register!BK182"
"2026-08-24 10:19","J. Krasnoff-Hnatjuk","PHW-TB-008","PHW-TB-008","Thrust Block Category","","Bend","Master Register!BK189"
"2026-08-24 10:19","J. Krasnoff-Hnatjuk","PHW-TB-009","PHW-TB-009","Thrust Block Category","","Bend","Master Register!BK192"
"2026-08-24 10:19","J. Krasnoff-Hnatjuk","PHW-TB-010","PHW-TB-010","Thrust Block Category","","Bend","Master Register!BK223"
"2026-08-24 10:19","J. Krasnoff-Hnatjuk","PHW-TB-011","PHW-TB-011","Thrust Block Category","","Bend","Master Register!BK226"
"2026-08-24 10:19","J. Krasnoff-Hnatjuk","PHW-TB-012","PHW-TB-012","Thrust Block Category","","Bend","Master Register!BK237"
"2026-08-24 10:19","J. Krasnoff-Hnatjuk","PHW-TB-013","PHW-TB-013","Thrust Block Category","","Bend","Master Register!BK243"
"2026-08-24 10:19","J. Krasnoff-Hnatjuk","PHW-TB-014","PHW-TB-014","Thrust Block Category","","Bend","Master Register!BK244"
"2026-08-24 10:19","J. Krasnoff-Hnatjuk","PHW-TB-015","PHW-TB-015","Thrust Block Category","","Bend","Master Register!BK248"
"2026-08-24 10:19","J. Krasnoff-Hnatjuk","PHW-TB-016","PHW-TB-016","Thrust Block Category","","Bend","Master Register!BK250"
"2026-08-24 10:19","J. Krasnoff-Hnatjuk","PHW-TB-017","PHW-TB-017","Thrust Block Category","","Bend","Master Register!BK282"
"2026-08-24 10:19","J. Krasnoff-Hnatjuk","PHW-TB-018","PHW-TB-018","Thrust Block Category","","Bend","Master Register!BK302"
"2026-08-24 10:19","J. Krasnoff-Hnatjuk","PHW-TB-019","PHW-TB-019","Thrust Block Category","","Bend","Master Register!BK307"
"2026-08-24 10:19","J. Krasnoff-Hnatjuk","PHW-TB-020","PHW-TB-020","Thrust Block Category","","Bend","Master Register!BK313"
"2026-08-24 10:19","J. Krasnoff-Hnatjuk","PHW-TB-021","PHW-TB-021","Thrust Block Category","","Bend","Master Register!BK314"
"2026-08-24 10:19","J. Krasnoff-Hnatjuk","PHW-TB-022","PHW-TB-022","Thrust Block Category","","Bend","Master Register!BK322"
"2026-08-24 10:19","J. Krasnoff-Hnatjuk","PHW-TB-023","PHW-TB-023","Thrust Block Category","","Bend","Master Register!BK324"
"2026-08-24 10:19","J. Krasnoff-Hnatjuk","PHW-TB-024","PHW-TB-024","Thrust Block Category","","Bend","Master Register!BK330"
"2026-08-24 10:19","J. Krasnoff-Hnatjuk","PHW-TB-025","PHW-TB-025","Thrust Block Category","","Bend","Master Register!BK360"
"2026-08-24 10:19","J. Krasnoff-Hnatjuk","PHW-TB-026","PHW-TB-026","Thrust Block Category","","Bend","Master Register!BK364"
"2026-08-24 10:19","J. Krasnoff-Hnatjuk","PHW-TB-027","PHW-TB-027","Thrust Block Category","","Bend","Master Register!BK373"
"2026-08-24 10:19","J. Krasnoff-Hnatjuk","PHW-TB-028","PHW-TB-028","Thrust Block Category","","Bend","Master Register!BK378"
"2026-08-24 10:19","J. Krasnoff-Hnatjuk","PHW-TB-029","PHW-TB-029","Thrust Block Category","","Bend","Master Register!BK381"
"2026-08-24 10:19","J. Krasnoff-Hnatjuk","PHW-TB-030","PHW-TB-030","Thrust Block Category","","Bend","Master Register!BK385"
"2026-08-24 10:19","J. Krasnoff-Hnatjuk","PHW-TB-031","PHW-TB-031","Thrust Block Category","","Bend","Master Register!BK393"
"2026-08-24 10:19","J. Krasnoff-Hnatjuk","PHW-TB-032","PHW-TB-032","Thrust Block Category","","Bend","Master Register!BK398"
"2026-08-24 10:19","J. Krasnoff-Hnatjuk","PHW-TB-033","PHW-TB-033","Thrust Block Category","","Bend","Master Register!BK399"
"2026-08-24 10:19","J. Krasnoff-Hnatjuk","PHW-TB-034","PHW-TB-034","Thrust Block Category","","Bend","Master Register!BK417"
"2026-08-24 10:19","J. Krasnoff-Hnatjuk","PHW-TB-035","PHW-TB-035","Thrust Block Category","","Bend","Master Register!BK434"
"2026-08-24 10:19","J. Krasnoff-Hnatjuk","PHW-TB-036","PHW-TB-036","Thrust Block Category","","Bend","Master Register!BK439"
"2026-08-24 10:19","J. Krasnoff-Hnatjuk","PHW-TB-037","PHW-TB-037","Thrust Block Category","","Bend","Master Register!BK454"
"2026-08-24 10:19","J. Krasnoff-Hnatjuk","PHW-TB-038","PHW-TB-038","Thrust Block Category","","Bend","Master Register!BK465"
"2026-08-24 10:19","J. Krasnoff-Hnatjuk","PHW-TB-039","PHW-TB-039","Thrust Block Category","","Bend","Master Register!BK471"
"2026-08-24 10:19","J. Krasnoff-Hnatjuk","PHW-TB-040","PHW-TB-040","Thrust Block Category","","Bend","Master Register!BK495"
"2026-08-24 10:19","J. Krasnoff-Hnatjuk","PHW-TB-041","PHW-TB-041","Thrust Block Category","","Bend","Master Register!BK500"
"2026-08-24 10:19","J. Krasnoff-Hnatjuk","PHW-TB-042","PHW-TB-042","Thrust Block Category","","Bend","Master Register!BK512"
"2026-08-24 10:19","J. Krasnoff-Hnatjuk","PHW-TB-043","PHW-TB-043","Thrust Block Category","","Bend","Master Register!BK539"
"2026-08-24 10:19","J. Krasnoff-Hnatjuk","PHW-TB-044","PHW-TB-044","Thrust Block Category","","Bend","Master Register!BK549"
"2026-08-24 10:19","J. Krasnoff-Hnatjuk","PHW-TB-045","PHW-TB-045","Thrust Block Category","","Bend","Master Register!BK618"
"2026-08-24 10:19","J. Krasnoff-Hnatjuk","PHW-TB-046","PHW-TB-046","Thrust Block Category","","Bend","Master Register!BK630"
"2026-08-24 10:19","J. Krasnoff-Hnatjuk","PHW-TB-047","PHW-TB-047","Thrust Block Category","","Bend","Master Register!BK647"
"2026-08-24 10:19","J. Krasnoff-Hnatjuk","PHW-TB-048","PHW-TB-048","Thrust Block Category","","Bend","Master Register!BK650"
"2026-08-24 10:19","J. Krasnoff-Hnatjuk","PHW-TB-049","PHW-TB-049","Thrust Block Category","","Bend","Master Register!BK654"
"2026-08-24 10:19","J. Krasnoff-Hnatjuk","PHW-TB-050","PHW-TB-050","Thrust Block Category","","Bend","Master Register!BK655"
"2026-08-24 10:19","J. Krasnoff-Hnatjuk","PHW-TB-051","PHW-TB-051","Thrust Block Category","","Bend","Master Register!BK658"
"2026-08-24 10:19","J. Krasnoff-Hnatjuk","PHW-TB-052","PHW-TB-052","Thrust Block Category","","Bend","Master Register!BK669"
"2026-08-24 10:19","J. Krasnoff-Hnatjuk","PHW-TB-053","PHW-TB-053","Thrust Block Category","","Bend","Master Register!BK685"
"2026-08-24 10:19","J. Krasnoff-Hnatjuk","PHW-TB-054","PHW-TB-054","Thrust Block Category","","Bend","Master Register!BK686"
"2026-08-24 10:19","J. Krasnoff-Hnatjuk","PHW-TB-055","PHW-TB-055","Thrust Block Category","","Bend","Master Register!BK704"
"2026-08-24 10:19","J. Krasnoff-Hnatjuk","PHW-TB-056","PHW-TB-056","Thrust Block Category","","Bend","Master Register!BK705"
"2026-08-24 10:19","J. Krasnoff-Hnatjuk","PHW-TB-057","PHW-TB-057","Thrust Block Category","","Bend","Master Register!BK707"
"2026-08-24 10:19","J. Krasnoff-Hnatjuk","PHW-TB-058","PHW-TB-058","Thrust Block Category","","Bend","Master Register!BK713"
"2026-08-24 10:19","J. Krasnoff-Hnatjuk","PHW-TB-059","PHW-TB-059","Thrust Block Category","","Bend","Master Register!BK714"
"2026-08-24 10:19","J. Krasnoff-Hnatjuk","PHW-TB-060","PHW-TB-060","Thrust Block Category","","Bend","Master Register!BK716"
"2026-08-24 10:19","J. Krasnoff-Hnatjuk","PHW-TB-061","PHW-TB-061","Thrust Block Category","","Bend","Master Register!BK721"
"2026-08-24 10:19","J. Krasnoff-Hnatjuk","PHW-TB-062","PHW-TB-062","Thrust Block Category","","Bend","Master Register!BK722"
"2026-08-24 10:19","J. Krasnoff-Hnatjuk","PHW-TB-063","PHW-TB-063","Thrust Block Category","","Bend","Master Register!BK739"
"2026-08-24 10:19","J. Krasnoff-Hnatjuk","PHW-TB-064","PHW-TB-064","Thrust Block Category","","Bend","Master Register!BK750"
"2026-08-24 10:19","J. Krasnoff-Hnatjuk","PHW-TB-065","PHW-TB-065","Thrust Block Category","","Bend","Master Register!BK752"
"2026-08-24 10:19","J. Krasnoff-Hnatjuk","PHW-TB-066","PHW-TB-066","Thrust Block Category","","Bend","Master Register!BK761"
"2026-08-24 10:19","J. Krasnoff-Hnatjuk","PHW-TB-067","PHW-TB-067","Thrust Block Category","","Bend","Master Register!BK783"
"2026-08-24 10:19","J. Krasnoff-Hnatjuk","PHW-TB-068","PHW-TB-068","Thrust Block Category","","Bend","Master Register!BK785"
"2026-08-24 10:19","J. Krasnoff-Hnatjuk","PHW-TB-069","PHW-TB-069","Thrust Block Category","","Bend","Master Register!BK806"
"2026-08-24 10:19","J. Krasnoff-Hnatjuk","PHW-TB-070","PHW-TB-070","Thrust Block Category","","Bend","Master Register!BK809"
"2026-08-24 10:19","J. Krasnoff-Hnatjuk","PHW-TB-071","PHW-TB-071","Thrust Block Category","","Bend","Master Register!BK812"
"2026-08-24 10:19","J. Krasnoff-Hnatjuk","PHW-TB-072","PHW-TB-072","Thrust Block Category","","Bend","Master Register!BK843"
"2026-08-24 10:19","J. Krasnoff-Hnatjuk","PHW-TB-073","PHW-TB-073","Thrust Block Category","","Bend","Master Register!BK848"
"2026-08-24 10:19","J. Krasnoff-Hnatjuk","PHW-TB-074","PHW-TB-074","Thrust Block Category","","Bend","Master Register!BK849"
"2026-08-24 10:19","J. Krasnoff-Hnatjuk","PHW-TB-075","PHW-TB-075","Thrust Block Category","","Bend","Master Register!BK857"
"2026-08-24 10:19","J. Krasnoff-Hnatjuk","PHW-TB-076","PHW-TB-076","Thrust Block Category","","Bend","Master Register!BK858"
"2026-08-24 10:19","J. Krasnoff-Hnatjuk","PWG-TB-001","PWG-TB-001","Thrust Block Category","","Bend","Master Register!BK892"
"2026-08-24 10:19","J. Krasnoff-Hnatjuk","PWG-TB-002","PWG-TB-002","Thrust Block Category","","Bend","Master Register!BK899"
"2026-08-24 10:19","J. Krasnoff-Hnatjuk","PWG-TB-003","PWG-TB-003","Thrust Block Category","","Bend","Master Register!BK902"
"2026-08-24 10:19","J. Krasnoff-Hnatjuk","PWG-TB-004","PWG-TB-004","Thrust Block Category","","Bend","Master Register!BK904"
"2026-08-24 10:19","J. Krasnoff-Hnatjuk","PWG-TB-005","PWG-TB-005","Thrust Block Category","","Bend","Master Register!BK905"
"2026-08-24 10:19","J. Krasnoff-Hnatjuk","PWG-TB-006","PWG-TB-006","Thrust Block Category","","Bend","Master Register!BK907"
"2026-08-24 10:19","J. Krasnoff-Hnatjuk","PWG-TB-007","PWG-TB-007","Thrust Block Category","","Bend","Master Register!BK911"
"2026-08-24 10:19","J. Krasnoff-Hnatjuk","PWG-TB-008","PWG-TB-008","Thrust Block Category","","Bend","Master Register!BK914"
"2026-08-24 10:19","J. Krasnoff-Hnatjuk","PWG-TB-009","PWG-TB-009","Thrust Block Category","","Bend","Master Register!BK923"
"2026-08-24 10:19","J. Krasnoff-Hnatjuk","PWG-TB-010","PWG-TB-010","Thrust Block Category","","Bend","Master Register!BK933"
"2026-08-24 10:19","J. Krasnoff-Hnatjuk","PWG-TB-011","PWG-TB-011","Thrust Block Category","","Bend","Master Register!BK937"
"2026-08-24 10:19","J. Krasnoff-Hnatjuk","PWG-TB-012","PWG-TB-012","Thrust Block Category","","Bend","Master Register!BK939"
"2026-08-24 10:19","J. Krasnoff-Hnatjuk","PWG-TB-013","PWG-TB-013","Thrust Block Category","","Bend","Master Register!BK940"
"2026-08-24 10:19","J. Krasnoff-Hnatjuk","PWG-TB-014","PWG-TB-014","Thrust Block Category","","Bend","Master Register!BK954"
"2026-08-24 10:19","J. Krasnoff-Hnatjuk","PWG-TB-015","PWG-TB-015","Thrust Block Category","","Bend","Master Register!BK972"
"2026-08-24 10:19","J. Krasnoff-Hnatjuk","PWG-TB-016","PWG-TB-016","Thrust Block Category","","Bend","Master Register!BK975"
"2026-08-24 10:19","J. Krasnoff-Hnatjuk","PWG-TB-017","PWG-TB-017","Thrust Block Category","","Bend","Master Register!BK1010"
"2026-08-24 10:19","J. Krasnoff-Hnatjuk","PWG-TB-018","PWG-TB-018","Thrust Block Category","","Bend","Master Register!BK1020"
"2026-08-24 10:19","J. Krasnoff-Hnatjuk","PWG-TB-019","PWG-TB-019","Thrust Block Category","","Bend","Master Register!BK1025"
"2026-08-24 10:19","J. Krasnoff-Hnatjuk","PWG-TB-020","PWG-TB-020","Thrust Block Category","","Bend","Master Register!BK1030"
"2026-08-24 10:19","J. Krasnoff-Hnatjuk","PWG-TB-021","PWG-TB-021","Thrust Block Category","","Bend","Master Register!BK1038"
"2026-08-24 10:19","J. Krasnoff-Hnatjuk","PWG-TB-022","PWG-TB-022","Thrust Block Category","","Bend","Master Register!BK1042"
"2026-08-24 10:19","J. Krasnoff-Hnatjuk","PWG-TB-023","PWG-TB-023","Thrust Block Category","","Bend","Master Register!BK1045"
"2026-08-24 10:19","J. Krasnoff-Hnatjuk","PWG-TB-024","PWG-TB-024","Thrust Block Category","","Bend","Master Register!BK1046"
"2026-08-24 10:19","J. Krasnoff-Hnatjuk","PWG-TB-025","PWG-TB-025","Thrust Block Category","","Bend","Master Register!BK1051"
"2026-08-24 10:19","J. Krasnoff-Hnatjuk","PPH-TB-001","PPH-TB-001","Thrust Block Category","","Bend","Master Register!BK1298"
"2026-08-24 10:19","J. Krasnoff-Hnatjuk","PPH-TB-002","PPH-TB-002","Thrust Block Category","","Bend","Master Register!BK1299"
"2026-08-24 10:19","J. Krasnoff-Hnatjuk","PPH-TB-003","PPH-TB-003","Thrust Block Category","","Bend","Master Register!BK1300"
"2026-08-24 10:19","J. Krasnoff-Hnatjuk","PPH-TB-004","PPH-TB-004","Thrust Block Category","","Bend","Master Register!BK1301"
"2026-08-24 10:19","J. Krasnoff-Hnatjuk","PPH-TB-005","PPH-TB-005","Thrust Block Category","","Bend","Master Register!BK1302"
"2026-08-24 10:19","J. Krasnoff-Hnatjuk","PPH-TB-006","PPH-TB-006","Thrust Block Category","","Bend","Master Register!BK1303"
"2026-08-24 10:19","J. Krasnoff-Hnatjuk","PPH-TB-007","PPH-TB-007","Thrust Block Category","","Bend","Master Register!BK1304"
"2026-08-24 10:19","J. Krasnoff-Hnatjuk","RHF-TB-001","RHF-TB-001","Thrust Block Category","","Facility (RHF) - not in pipeline index","Master Register!BK1305"
"2026-08-24 10:19","J. Krasnoff-Hnatjuk","RHF-TB-002","RHF-TB-002","Thrust Block Category","","Facility (RHF) - not in pipeline index","Master Register!BK1306"
"2026-08-24 10:19","J. Krasnoff-Hnatjuk","RHF-TB-003","RHF-TB-003","Thrust Block Category","","Facility (RHF) - not in pipeline index","Master Register!BK1307"
"2026-08-24 10:19","J. Krasnoff-Hnatjuk","RHF-TB-004","RHF-TB-004","Thrust Block Category","","Facility (RHF) - not in pipeline index","Master Register!BK1308"
"2026-08-24 10:19","J. Krasnoff-Hnatjuk","RHF-TB-005","RHF-TB-005","Thrust Block Category","","Facility (RHF) - not in pipeline index","Master Register!BK1309"
"2026-08-24 10:19","J. Krasnoff-Hnatjuk","RHF-TB-006","RHF-TB-006","Thrust Block Category","","Facility (RHF) - not in pipeline index","Master Register!BK1310"
"2026-08-24 10:19","J. Krasnoff-Hnatjuk","RHF-TB-007","RHF-TB-007","Thrust Block Category","","Facility (RHF) - not in pipeline index","Master Register!BK1311"
"2026-08-24 10:19","J. Krasnoff-Hnatjuk","RHF-TB-008","RHF-TB-008","Thrust Block Category","","Facility (RHF) - not in pipeline index","Master Register!BK1312"
"2026-08-24 10:19","J. Krasnoff-Hnatjuk","RHF-TB-009","RHF-TB-009","Thrust Block Category","","Facility (RHF) - not in pipeline index","Master Register!BK1313"
"2026-08-24 10:19","J. Krasnoff-Hnatjuk","RHF-TB-010","RHF-TB-010","Thrust Block Category","","Facility (RHF) - not in pipeline index","Master Register!BK1314"
"2026-08-24 10:19","J. Krasnoff-Hnatjuk","RHF-TB-011","RHF-TB-011","Thrust Block Category","","Facility (RHF) - not in pipeline index","Master Register!BK1315"
"2026-08-24 10:19","J. Krasnoff-Hnatjuk","RHF-TB-012","RHF-TB-012","Thrust Block Category","","Facility (RHF) - not in pipeline index","Master Register!BK1316"
"2026-08-24 10:19","J. Krasnoff-Hnatjuk","RHF-TB-013","RHF-TB-013","Thrust Block Category","","Facility (RHF) - not in pipeline index","Master Register!BK1317"
"2026-08-24 10:19","J. Krasnoff-Hnatjuk","PWG-TB-026","PWG-TB-026","RECORD ADDED","","Thrust Block @ 7587.138 m, Type 6, Bend","Thrust Block Register - T2W_PIPELINE 24-8.xlsm row 127"
"2026-08-24 10:19","J. Krasnoff-Hnatjuk","PWG-TB-027","PWG-TB-027","RECORD ADDED","","Thrust Block @ 7618.704 m, Type 7, Bend","Thrust Block Register - T2W_PIPELINE 24-8.xlsm row 128"
"2026-08-24 10:19","J. Krasnoff-Hnatjuk","PWG-TB-028","PWG-TB-028","RECORD ADDED","","Thrust Block @ 7619.979 m, Type 11, Bend","Thrust Block Register - T2W_PIPELINE 24-8.xlsm row 129"
"2026-08-24 10:19","J. Krasnoff-Hnatjuk","PWG-TB-029","PWG-TB-029","RECORD ADDED","","Thrust Block @ 7646.073 m, Type 11, Bend","Thrust Block Register - T2W_PIPELINE 24-8.xlsm row 130"
"2026-08-24 10:19","J. Krasnoff-Hnatjuk","PWG-TB-030","PWG-TB-030","RECORD ADDED","","Thrust Block @ 7862.684 m, Type 7, Bend","Thrust Block Register - T2W_PIPELINE 24-8.xlsm row 131"
"2026-08-24 10:19","J. Krasnoff-Hnatjuk","PWG-TB-031","PWG-TB-031","RECORD ADDED","","Thrust Block @ 7910.66 m, Type 7, Bend","Thrust Block Register - T2W_PIPELINE 24-8.xlsm row 132"
"2026-08-24 10:19","J. Krasnoff-Hnatjuk","PWG-TB-032","PWG-TB-032","RECORD ADDED","","Thrust Block @ 7957.939 m, Type 7, Bend","Thrust Block Register - T2W_PIPELINE 24-8.xlsm row 133"
"2026-08-24 10:19","J. Krasnoff-Hnatjuk","PWG-TB-033","PWG-TB-033","RECORD ADDED","","Thrust Block @ 7973.15 m, Type 7, Bend","Thrust Block Register - T2W_PIPELINE 24-8.xlsm row 134"
"2026-08-24 10:19","J. Krasnoff-Hnatjuk","PWG-TB-034","PWG-TB-034","RECORD ADDED","","Thrust Block @ 8109.465 m, Type 7, Bend","Thrust Block Register - T2W_PIPELINE 24-8.xlsm row 135"
"2026-08-24 10:19","J. Krasnoff-Hnatjuk","PWG-TB-035","PWG-TB-035","RECORD ADDED","","Thrust Block @ 8202.694 m, Type 7, Bend","Thrust Block Register - T2W_PIPELINE 24-8.xlsm row 136"
"2026-08-24 10:19","J. Krasnoff-Hnatjuk","PWG-TB-036","PWG-TB-036","RECORD ADDED","","Thrust Block @ 8245.381 m, Type 7, Bend","Thrust Block Register - T2W_PIPELINE 24-8.xlsm row 137"
"2026-08-24 10:19","J. Krasnoff-Hnatjuk","PWG-TB-037","PWG-TB-037","RECORD ADDED","","Thrust Block @ 8288.124 m, Type 6, Bend","Thrust Block Register - T2W_PIPELINE 24-8.xlsm row 138"
"2026-08-24 10:19","J. Krasnoff-Hnatjuk","PWG-TB-038","PWG-TB-038","RECORD ADDED","","Thrust Block @ 8465.757 m, Type 9, Bend","Thrust Block Register - T2W_PIPELINE 24-8.xlsm row 139"
"2026-08-24 10:19","J. Krasnoff-Hnatjuk","PWG-TB-039","PWG-TB-039","RECORD ADDED","","Thrust Block @ 8481.865 m, Type 4, Bend","Thrust Block Register - T2W_PIPELINE 24-8.xlsm row 140"
"2026-08-24 10:19","J. Krasnoff-Hnatjuk","PWG-TB-040","PWG-TB-040","RECORD ADDED","","Thrust Block @ 8485.834 m, Type 6, Bend","Thrust Block Register - T2W_PIPELINE 24-8.xlsm row 141"
"2026-08-24 10:19","J. Krasnoff-Hnatjuk","PWG-TB-041","PWG-TB-041","RECORD ADDED","","Thrust Block @ 8545.354 m, Type 6, Bend","Thrust Block Register - T2W_PIPELINE 24-8.xlsm row 142"
"2026-08-24 10:19","J. Krasnoff-Hnatjuk","PWG-TB-042","PWG-TB-042","RECORD ADDED","","Thrust Block @ 8547.89 m, Type 6, Bend","Thrust Block Register - T2W_PIPELINE 24-8.xlsm row 143"
"2026-08-24 10:19","J. Krasnoff-Hnatjuk","PWG-TB-043","PWG-TB-043","RECORD ADDED","","Thrust Block @ 9455.661 m, Type 7, Bend","Thrust Block Register - T2W_PIPELINE 24-8.xlsm row 144"
"2026-08-24 10:19","J. Krasnoff-Hnatjuk","PWG-TB-044","PWG-TB-044","RECORD ADDED","","Thrust Block @ 10741.055 m, Type 7, Bend","Thrust Block Register - T2W_PIPELINE 24-8.xlsm row 145"
"2026-08-24 10:19","J. Krasnoff-Hnatjuk","PWG-TB-045","PWG-TB-045","RECORD ADDED","","Thrust Block @ 10780.713 m, Type 7, Bend","Thrust Block Register - T2W_PIPELINE 24-8.xlsm row 146"
"2026-08-24 10:19","J. Krasnoff-Hnatjuk","PWG-TB-046","PWG-TB-046","RECORD ADDED","","Thrust Block @ 11468.159 m, Type 7, Bend","Thrust Block Register - T2W_PIPELINE 24-8.xlsm row 147"
"2026-08-24 10:19","J. Krasnoff-Hnatjuk","PWG-TB-047","PWG-TB-047","RECORD ADDED","","Thrust Block @ 11759.158 m, Type 7, Bend","Thrust Block Register - T2W_PIPELINE 24-8.xlsm row 148"
"2026-08-24 10:19","J. Krasnoff-Hnatjuk","PWG-TB-048","PWG-TB-048","RECORD ADDED","","Thrust Block @ 11768.094 m, Type 7, Bend","Thrust Block Register - T2W_PIPELINE 24-8.xlsm row 149"
"2026-08-24 10:19","J. Krasnoff-Hnatjuk","PWG-TB-049","PWG-TB-049","RECORD ADDED","","Thrust Block @ 11773.094 m, Type 7, Bend","Thrust Block Register - T2W_PIPELINE 24-8.xlsm row 150"
"2026-08-24 10:19","J. Krasnoff-Hnatjuk","PWG-TB-050","PWG-TB-050","RECORD ADDED","","Thrust Block @ 11782.037 m, Type 7, Bend","Thrust Block Register - T2W_PIPELINE 24-8.xlsm row 151"
"2026-08-24 10:19","J. Krasnoff-Hnatjuk","PWG-TB-051","PWG-TB-051","RECORD ADDED","","Thrust Block @ 12099.939 m, Type 7, Bend","Thrust Block Register - T2W_PIPELINE 24-8.xlsm row 152"
"2026-08-24 10:19","J. Krasnoff-Hnatjuk","PWG-TB-052","PWG-TB-052","RECORD ADDED","","Thrust Block @ 12694.713 m, Type 5, Bend","Thrust Block Register - T2W_PIPELINE 24-8.xlsm row 153"
"2026-08-24 10:19","J. Krasnoff-Hnatjuk","PWG-TB-053","PWG-TB-053","RECORD ADDED","","Thrust Block @ 12747.863 m, Type 5, Bend","Thrust Block Register - T2W_PIPELINE 24-8.xlsm row 154"
"2026-08-24 10:19","J. Krasnoff-Hnatjuk","PWG-TB-054","PWG-TB-054","RECORD ADDED","","Thrust Block @ 12782.914 m, Type 7, Bend","Thrust Block Register - T2W_PIPELINE 24-8.xlsm row 155"
"2026-08-24 10:19","J. Krasnoff-Hnatjuk","PWG-TB-055","PWG-TB-055","RECORD ADDED","","Thrust Block @ 13394.686 m, Type 9, Bend","Thrust Block Register - T2W_PIPELINE 24-8.xlsm row 156"
"2026-08-24 10:19","J. Krasnoff-Hnatjuk","PWG-TB-056","PWG-TB-056","RECORD ADDED","","Thrust Block @ 13416.368 m, Type 7, Bend","Thrust Block Register - T2W_PIPELINE 24-8.xlsm row 157"
"2026-08-24 10:19","J. Krasnoff-Hnatjuk","PWG-TB-057","PWG-TB-057","RECORD ADDED","","Thrust Block @ 14076.214 m, Type 11, Bend","Thrust Block Register - T2W_PIPELINE 24-8.xlsm row 158"
"2026-08-24 10:19","J. Krasnoff-Hnatjuk","PWG-TB-058","PWG-TB-058","RECORD ADDED","","Thrust Block @ 14139.442 m, Type 10, Bend","Thrust Block Register - T2W_PIPELINE 24-8.xlsm row 159"
"2026-08-24 10:19","J. Krasnoff-Hnatjuk","PWG-TB-059","PWG-TB-059","RECORD ADDED","","Thrust Block @ 14178.758 m, Type 10, Bend","Thrust Block Register - T2W_PIPELINE 24-8.xlsm row 160"
"2026-08-24 10:19","J. Krasnoff-Hnatjuk","PWG-TB-060","PWG-TB-060","RECORD ADDED","","Thrust Block @ 14883.12 m, Type 7, Bend","Thrust Block Register - T2W_PIPELINE 24-8.xlsm row 161"
"2026-08-24 10:19","J. Krasnoff-Hnatjuk","PWG-TB-061","PWG-TB-061","RECORD ADDED","","Thrust Block @ 16429.262 m, Type 7, Bend","Thrust Block Register - T2W_PIPELINE 24-8.xlsm row 162"
"2026-08-24 10:19","J. Krasnoff-Hnatjuk","PWG-TB-062","PWG-TB-062","RECORD ADDED","","Thrust Block @ 16975.581 m, Type 7, Bend","Thrust Block Register - T2W_PIPELINE 24-8.xlsm row 163"
"2026-08-24 10:19","J. Krasnoff-Hnatjuk","PWG-TB-063","PWG-TB-063","RECORD ADDED","","Thrust Block @ 16982.79 m, Type 7, Bend","Thrust Block Register - T2W_PIPELINE 24-8.xlsm row 164"
"2026-08-24 10:19","J. Krasnoff-Hnatjuk","PWG-TB-064","PWG-TB-064","RECORD ADDED","","Thrust Block @ 17433.278 m, Type 6, Bend","Thrust Block Register - T2W_PIPELINE 24-8.xlsm row 165"
"2026-08-24 10:19","J. Krasnoff-Hnatjuk","PWG-TB-065","PWG-TB-065","RECORD ADDED","","Thrust Block @ 17830.527 m, Type 7, Bend","Thrust Block Register - T2W_PIPELINE 24-8.xlsm row 166"
"2026-08-24 10:19","J. Krasnoff-Hnatjuk","PWG-TB-066","PWG-TB-066","RECORD ADDED","","Thrust Block @ 18027.533 m, Type 7, Bend","Thrust Block Register - T2W_PIPELINE 24-8.xlsm row 167"
"2026-08-24 10:19","J. Krasnoff-Hnatjuk","PWG-TB-067","PWG-TB-067","RECORD ADDED","","Thrust Block @ 18096.401 m, Type 7, Bend","Thrust Block Register - T2W_PIPELINE 24-8.xlsm row 168"
"2026-08-24 10:19","J. Krasnoff-Hnatjuk","PWG-TB-068","PWG-TB-068","RECORD ADDED","","Thrust Block @ 18147.994 m, Type 5, Bend","Thrust Block Register - T2W_PIPELINE 24-8.xlsm row 169"
"2026-08-24 10:19","J. Krasnoff-Hnatjuk","PWG-TB-069","PWG-TB-069","RECORD ADDED","","Thrust Block @ 18150.734 m, Type 5, Bend","Thrust Block Register - T2W_PIPELINE 24-8.xlsm row 170"
"2026-08-24 10:19","J. Krasnoff-Hnatjuk","PWG-TB-070","PWG-TB-070","RECORD ADDED","","Thrust Block @ 18181.794 m, Type 6, Bend","Thrust Block Register - T2W_PIPELINE 24-8.xlsm row 171"
"2026-08-24 10:19","J. Krasnoff-Hnatjuk","PWG-TB-071","PWG-TB-071","RECORD ADDED","","Thrust Block @ 18190.097 m, Type 6, Bend","Thrust Block Register - T2W_PIPELINE 24-8.xlsm row 172"
"2026-08-24 10:19","J. Krasnoff-Hnatjuk","PWG-TB-072","PWG-TB-072","RECORD ADDED","","Thrust Block @ 18785.871 m, Type 9, Bend","Thrust Block Register - T2W_PIPELINE 24-8.xlsm row 173"
"2026-08-24 10:19","J. Krasnoff-Hnatjuk","PWG-TB-073","PWG-TB-073","RECORD ADDED","","Thrust Block @ 20066.024 m, Type 7, Bend","Thrust Block Register - T2W_PIPELINE 24-8.xlsm row 174"
"2026-08-24 10:19","J. Krasnoff-Hnatjuk","PWG-TB-074","PWG-TB-074","RECORD ADDED","","Thrust Block @ 20282.529 m, Type 7, Bend","Thrust Block Register - T2W_PIPELINE 24-8.xlsm row 175"
"2026-08-24 10:19","J. Krasnoff-Hnatjuk","PWG-TB-075","PWG-TB-075","RECORD ADDED","","Thrust Block @ 20818.272 m, Type 6, Bend","Thrust Block Register - T2W_PIPELINE 24-8.xlsm row 176"
"2026-08-24 10:19","J. Krasnoff-Hnatjuk","PWG-TB-076","PWG-TB-076","RECORD ADDED","","Thrust Block @ 20947.014 m, Type 7, Bend","Thrust Block Register - T2W_PIPELINE 24-8.xlsm row 177"
"2026-08-24 10:19","J. Krasnoff-Hnatjuk","PWG-TB-077","PWG-TB-077","RECORD ADDED","","Thrust Block @ 21445.551 m, Type 7, Bend","Thrust Block Register - T2W_PIPELINE 24-8.xlsm row 178"
"2026-08-24 10:19","J. Krasnoff-Hnatjuk","PWG-TB-078","PWG-TB-078","RECORD ADDED","","Thrust Block @ 21581.657 m, Type 7, Bend","Thrust Block Register - T2W_PIPELINE 24-8.xlsm row 179"
"2026-08-24 10:19","J. Krasnoff-Hnatjuk","PWG-TB-079","PWG-TB-079","RECORD ADDED","","Thrust Block @ 21602.601 m, Type 7, Bend","Thrust Block Register - T2W_PIPELINE 24-8.xlsm row 180"
"2026-08-24 10:19","J. Krasnoff-Hnatjuk","PWG-TB-080","PWG-TB-080","RECORD ADDED","","Thrust Block @ 21631.157 m, Type 7, Bend","Thrust Block Register - T2W_PIPELINE 24-8.xlsm row 181"
"2026-08-24 10:19","J. Krasnoff-Hnatjuk","PWG-TB-081","PWG-TB-081","RECORD ADDED","","Thrust Block @ 22176.234 m, Type 7, Bend","Thrust Block Register - T2W_PIPELINE 24-8.xlsm row 182"
"2026-08-24 10:19","J. Krasnoff-Hnatjuk","PWG-TB-082","PWG-TB-082","RECORD ADDED","","Thrust Block @ 22504.051 m, Type 7, Bend","Thrust Block Register - T2W_PIPELINE 24-8.xlsm row 183"
"2026-08-24 10:19","J. Krasnoff-Hnatjuk","PWG-TB-083","PWG-TB-083","RECORD ADDED","","Thrust Block @ 22650.05 m, Type 7, Bend","Thrust Block Register - T2W_PIPELINE 24-8.xlsm row 184"
"2026-08-24 10:19","J. Krasnoff-Hnatjuk","PWG-TB-084","PWG-TB-084","RECORD ADDED","","Thrust Block @ 23112.75 m, Type 7, Bend","Thrust Block Register - T2W_PIPELINE 24-8.xlsm row 185"
"2026-08-24 10:19","J. Krasnoff-Hnatjuk","PWG-TB-085","PWG-TB-085","RECORD ADDED","","Thrust Block @ 23373.352 m, Type 7, Bend","Thrust Block Register - T2W_PIPELINE 24-8.xlsm row 186"
"2026-08-24 10:19","J. Krasnoff-Hnatjuk","PWG-TB-086","PWG-TB-086","RECORD ADDED","","Thrust Block @ 23414.166 m, Type 7, Bend","Thrust Block Register - T2W_PIPELINE 24-8.xlsm row 187"
"2026-08-24 10:19","J. Krasnoff-Hnatjuk","PWG-TB-087","PWG-TB-087","RECORD ADDED","","Thrust Block @ 23666.289 m, Type 7, Bend","Thrust Block Register - T2W_PIPELINE 24-8.xlsm row 188"
"2026-08-24 10:19","J. Krasnoff-Hnatjuk","PWG-TB-088","PWG-TB-088","RECORD ADDED","","Thrust Block @ 23999.457 m, Type 7, Bend","Thrust Block Register - T2W_PIPELINE 24-8.xlsm row 189"
"2026-08-24 10:19","J. Krasnoff-Hnatjuk","PWG-TB-089","PWG-TB-089","RECORD ADDED","","Thrust Block @ 24426.9 m, Type 5, Bend","Thrust Block Register - T2W_PIPELINE 24-8.xlsm row 190"
"2026-08-24 10:19","J. Krasnoff-Hnatjuk","PWG-TB-090","PWG-TB-090","RECORD ADDED","","Thrust Block @ 24713.951 m, Type 5, Bend","Thrust Block Register - T2W_PIPELINE 24-8.xlsm row 191"
"2026-08-24 10:19","J. Krasnoff-Hnatjuk","PWG-TB-091","PWG-TB-091","RECORD ADDED","","Thrust Block @ 24909.165 m, Type 7, Bend","Thrust Block Register - T2W_PIPELINE 24-8.xlsm row 192"
"2026-08-24 10:19","J. Krasnoff-Hnatjuk","PWG-TB-092","PWG-TB-092","RECORD ADDED","","Thrust Block @ 25129.481 m, Type 5, Bend","Thrust Block Register - T2W_PIPELINE 24-8.xlsm row 193"
"2026-08-24 10:19","J. Krasnoff-Hnatjuk","PWG-TB-093","PWG-TB-093","RECORD ADDED","","Thrust Block @ 25162.559 m, Type 4, Bend","Thrust Block Register - T2W_PIPELINE 24-8.xlsm row 194"
"2026-08-24 10:19","J. Krasnoff-Hnatjuk","PWG-TB-094","PWG-TB-094","RECORD ADDED","","Thrust Block @ 25169.588 m, Type 5, Bend","Thrust Block Register - T2W_PIPELINE 24-8.xlsm row 195"
"2026-08-24 10:19","J. Krasnoff-Hnatjuk","PWG-TB-095","PWG-TB-095","RECORD ADDED","","Thrust Block @ 25391.145 m, Type 7, Bend","Thrust Block Register - T2W_PIPELINE 24-8.xlsm row 196"
"2026-08-24 10:19","J. Krasnoff-Hnatjuk","PWG-TB-096","PWG-TB-096","RECORD ADDED","","Thrust Block @ 25800.795 m, Type 5, Bend","Thrust Block Register - T2W_PIPELINE 24-8.xlsm row 197"
"2026-08-24 10:19","J. Krasnoff-Hnatjuk","PWG-TB-097","PWG-TB-097","RECORD ADDED","","Thrust Block @ 25804.926 m, Type 5, Bend","Thrust Block Register - T2W_PIPELINE 24-8.xlsm row 198"
"2026-08-24 10:19","J. Krasnoff-Hnatjuk","PWG-TB-098","PWG-TB-098","RECORD ADDED","","Thrust Block @ 25817.226 m, Type 7, Bend","Thrust Block Register - T2W_PIPELINE 24-8.xlsm row 199"
"2026-08-24 10:19","J. Krasnoff-Hnatjuk","PWG-TB-099","PWG-TB-099","RECORD ADDED","","Thrust Block @ 26038.676 m, Type 7, Bend","Thrust Block Register - T2W_PIPELINE 24-8.xlsm row 200"
"2026-08-24 10:19","J. Krasnoff-Hnatjuk","PWG-TB-100","PWG-TB-100","RECORD ADDED","","Thrust Block @ 26195.427 m, Type 7, Bend","Thrust Block Register - T2W_PIPELINE 24-8.xlsm row 201"
"2026-08-24 10:19","J. Krasnoff-Hnatjuk","PWG-TB-101","PWG-TB-101","RECORD ADDED","","Thrust Block @ 26560.798 m, Type 7, Bend","Thrust Block Register - T2W_PIPELINE 24-8.xlsm row 202"
"2026-08-24 10:19","J. Krasnoff-Hnatjuk","PWG-TB-102","PWG-TB-102","RECORD ADDED","","Thrust Block @ 26662.937 m, Type 7, Bend","Thrust Block Register - T2W_PIPELINE 24-8.xlsm row 203"
"2026-08-24 10:19","J. Krasnoff-Hnatjuk","PWG-TB-103","PWG-TB-103","RECORD ADDED","","Thrust Block @ 230.031 m, Type 7, Tee","Thrust Block Register - T2W_PIPELINE 24-8.xlsm row 204"
"2026-08-24 10:19","J. Krasnoff-Hnatjuk","PWG-TB-104","PWG-TB-104","RECORD ADDED","","Thrust Block @ 702.553 m, Type 7, Tee","Thrust Block Register - T2W_PIPELINE 24-8.xlsm row 205"
"2026-08-24 10:19","J. Krasnoff-Hnatjuk","PWG-TB-105","PWG-TB-105","RECORD ADDED","","Thrust Block @ 7092.671 m, Type 7, Tee","Thrust Block Register - T2W_PIPELINE 24-8.xlsm row 206"
"2026-08-24 10:19","J. Krasnoff-Hnatjuk","PWG-TB-106","PWG-TB-106","RECORD ADDED","","Thrust Block @ 8908.151 m, Type 7, Tee","Thrust Block Register - T2W_PIPELINE 24-8.xlsm row 207"
"2026-08-24 10:19","J. Krasnoff-Hnatjuk","PWG-TB-107","PWG-TB-107","RECORD ADDED","","Thrust Block @ 9473.063 m, Type 7, Tee","Thrust Block Register - T2W_PIPELINE 24-8.xlsm row 208"
"2026-08-24 10:19","J. Krasnoff-Hnatjuk","PWG-TB-108","PWG-TB-108","RECORD ADDED","","Thrust Block @ 10553.492 m, Type 7, Tee","Thrust Block Register - T2W_PIPELINE 24-8.xlsm row 209"
"2026-08-24 10:19","J. Krasnoff-Hnatjuk","PWG-TB-109","PWG-TB-109","RECORD ADDED","","Thrust Block @ 12687.754 m, Type 7, Tee","Thrust Block Register - T2W_PIPELINE 24-8.xlsm row 210"
"2026-08-24 10:19","J. Krasnoff-Hnatjuk","PWG-TB-110","PWG-TB-110","RECORD ADDED","","Thrust Block @ 13188.911 m, Type 7, Tee","Thrust Block Register - T2W_PIPELINE 24-8.xlsm row 211"
"2026-08-24 10:19","J. Krasnoff-Hnatjuk","PWG-TB-111","PWG-TB-111","RECORD ADDED","","Thrust Block @ 14143.438 m, Type 6, Tee","Thrust Block Register - T2W_PIPELINE 24-8.xlsm row 212"
"2026-08-24 10:19","J. Krasnoff-Hnatjuk","PWG-TB-112","PWG-TB-112","RECORD ADDED","","Thrust Block @ 14224.068 m, Type 6, Tee","Thrust Block Register - T2W_PIPELINE 24-8.xlsm row 213"
"2026-08-24 10:19","J. Krasnoff-Hnatjuk","PWG-TB-113","PWG-TB-113","RECORD ADDED","","Thrust Block @ 15788.534 m, Type 7, Tee","Thrust Block Register - T2W_PIPELINE 24-8.xlsm row 214"
"2026-08-24 10:19","J. Krasnoff-Hnatjuk","PWG-TB-114","PWG-TB-114","RECORD ADDED","","Thrust Block @ 18149.44 m, Type 7, Tee","Thrust Block Register - T2W_PIPELINE 24-8.xlsm row 215"
"2026-08-24 10:19","J. Krasnoff-Hnatjuk","PWG-TB-115","PWG-TB-115","RECORD ADDED","","Thrust Block @ 18772.846 m, Type 7, Tee","Thrust Block Register - T2W_PIPELINE 24-8.xlsm row 216"
"2026-08-24 10:19","J. Krasnoff-Hnatjuk","PWG-TB-116","PWG-TB-116","RECORD ADDED","","Thrust Block @ 19641.881 m, Type 7, Tee","Thrust Block Register - T2W_PIPELINE 24-8.xlsm row 217"
"2026-08-24 10:19","J. Krasnoff-Hnatjuk","PWG-TB-117","PWG-TB-117","RECORD ADDED","","Thrust Block @ 20287.711 m, Type 7, Tee","Thrust Block Register - T2W_PIPELINE 24-8.xlsm row 218"
"2026-08-24 10:19","J. Krasnoff-Hnatjuk","PWG-TB-118","PWG-TB-118","RECORD ADDED","","Thrust Block @ 21452.237 m, Type 7, Tee","Thrust Block Register - T2W_PIPELINE 24-8.xlsm row 219"
"2026-08-24 10:19","J. Krasnoff-Hnatjuk","PWG-TB-119","PWG-TB-119","RECORD ADDED","","Thrust Block @ 22316.144 m, Type 7, Tee","Thrust Block Register - T2W_PIPELINE 24-8.xlsm row 220"
"2026-08-24 10:19","J. Krasnoff-Hnatjuk","PWG-TB-120","PWG-TB-120","RECORD ADDED","","Thrust Block @ 22680.903 m, Type 7, Tee","Thrust Block Register - T2W_PIPELINE 24-8.xlsm row 221"
"2026-08-24 10:19","J. Krasnoff-Hnatjuk","PWG-TB-121","PWG-TB-121","RECORD ADDED","","Thrust Block @ 23376.417 m, Type 7, Tee","Thrust Block Register - T2W_PIPELINE 24-8.xlsm row 222"
"2026-08-24 10:19","J. Krasnoff-Hnatjuk","PWG-TB-122","PWG-TB-122","RECORD ADDED","","Thrust Block @ 24206.919 m, Type 7, Tee","Thrust Block Register - T2W_PIPELINE 24-8.xlsm row 223"
"2026-08-24 10:19","J. Krasnoff-Hnatjuk","PWG-TB-123","PWG-TB-123","RECORD ADDED","","Thrust Block @ 25018.345 m, Type 7, Tee","Thrust Block Register - T2W_PIPELINE 24-8.xlsm row 224"
"2026-08-24 10:19","J. Krasnoff-Hnatjuk","PWG-TB-124","PWG-TB-124","RECORD ADDED","","Thrust Block @ 25792.787 m, Type 7, Tee","Thrust Block Register - T2W_PIPELINE 24-8.xlsm row 225"
"2026-08-24 10:19","J. Krasnoff-Hnatjuk","PWG-TB-125","PWG-TB-125","RECORD ADDED","","Thrust Block @ 26041.176 m, Type 7, Tee","Thrust Block Register - T2W_PIPELINE 24-8.xlsm row 226"
"2026-08-24 10:19","J. Krasnoff-Hnatjuk","PWG-TB-126","PWG-TB-126","RECORD ADDED","","Thrust Block @ 4040.672 m, Type 12, Isolation Valve","Thrust Block Register - T2W_PIPELINE 24-8.xlsm row 227"
"2026-08-24 10:19","J. Krasnoff-Hnatjuk","PWG-TB-127","PWG-TB-127","RECORD ADDED","","Thrust Block @ 7536.828 m, Type 13, Isolation Valve","Thrust Block Register - T2W_PIPELINE 24-8.xlsm row 228"
"2026-08-24 10:19","J. Krasnoff-Hnatjuk","PWG-TB-128","PWG-TB-128","RECORD ADDED","","Thrust Block @ 8475.323 m, Type 13, Isolation Valve","Thrust Block Register - T2W_PIPELINE 24-8.xlsm row 229"
"2026-08-24 10:19","J. Krasnoff-Hnatjuk","PWG-TB-129","PWG-TB-129","RECORD ADDED","","Thrust Block @ 8562.951 m, Type 13, Isolation Valve","Thrust Block Register - T2W_PIPELINE 24-8.xlsm row 230"
"2026-08-24 10:19","J. Krasnoff-Hnatjuk","PWG-TB-130","PWG-TB-130","RECORD ADDED","","Thrust Block @ 13366.211 m, Type 13, Isolation Valve","Thrust Block Register - T2W_PIPELINE 24-8.xlsm row 231"
"2026-08-24 10:19","J. Krasnoff-Hnatjuk","PWG-TB-131","PWG-TB-131","RECORD ADDED","","Thrust Block @ 22075.201 m, Type 13, Isolation Valve","Thrust Block Register - T2W_PIPELINE 24-8.xlsm row 232"
"2026-08-24 10:19","J. Krasnoff-Hnatjuk","PWG-TB-132","PWG-TB-132","RECORD ADDED","","Thrust Block @ 99.181 m, 2 x Type 13, Pigging Station","Thrust Block Register - T2W_PIPELINE 24-8.xlsm row 233"
"2026-08-24 10:19","J. Krasnoff-Hnatjuk","PWG-TB-133","PWG-TB-133","RECORD ADDED","","Thrust Block @ 7595.718 m, 2 x Type 13, Pigging Station","Thrust Block Register - T2W_PIPELINE 24-8.xlsm row 234"
"2026-08-24 10:19","J. Krasnoff-Hnatjuk","PWG-TB-134","PWG-TB-134","RECORD ADDED","","Thrust Block @ 17865.623 m, 2 x Type 13, Pigging Station","Thrust Block Register - T2W_PIPELINE 24-8.xlsm row 235"
"2026-08-24 10:19","J. Krasnoff-Hnatjuk","PHW-TB-077","PHW-TB-077","RECORD ADDED","","Thrust Block @ 1261.832 m, Type 7, Tee","Thrust Block Register - T2W_PIPELINE 24-8.xlsm row 236"
"2026-08-24 10:19","J. Krasnoff-Hnatjuk","PHW-TB-078","PHW-TB-078","RECORD ADDED","","Thrust Block @ 1727.817 m, Type 6, Tee","Thrust Block Register - T2W_PIPELINE 24-8.xlsm row 237"
"2026-08-24 10:19","J. Krasnoff-Hnatjuk","PHW-TB-079","PHW-TB-079","RECORD ADDED","","Thrust Block @ 2746.277 m, Type 7, Tee","Thrust Block Register - T2W_PIPELINE 24-8.xlsm row 238"
"2026-08-24 10:19","J. Krasnoff-Hnatjuk","PHW-TB-080","PHW-TB-080","RECORD ADDED","","Thrust Block @ 3558.423 m, Type 7, Tee","Thrust Block Register - T2W_PIPELINE 24-8.xlsm row 239"
"2026-08-24 10:19","J. Krasnoff-Hnatjuk","PHW-TB-081","PHW-TB-081","RECORD ADDED","","Thrust Block @ 4470 m, Type 7, Tee","Thrust Block Register - T2W_PIPELINE 24-8.xlsm row 240"
"2026-08-24 10:19","J. Krasnoff-Hnatjuk","PHW-TB-082","PHW-TB-082","RECORD ADDED","","Thrust Block @ 4661.417 m, Type 7, Tee","Thrust Block Register - T2W_PIPELINE 24-8.xlsm row 241"
"2026-08-24 10:19","J. Krasnoff-Hnatjuk","PHW-TB-083","PHW-TB-083","RECORD ADDED","","Thrust Block @ 4961.176 m, Type 7, Tee","Thrust Block Register - T2W_PIPELINE 24-8.xlsm row 242"
"2026-08-24 10:19","J. Krasnoff-Hnatjuk","PHW-TB-084","PHW-TB-084","RECORD ADDED","","Thrust Block @ 6796.976 m, Type 7, Tee","Thrust Block Register - T2W_PIPELINE 24-8.xlsm row 243"
"2026-08-24 10:19","J. Krasnoff-Hnatjuk","PHW-TB-085","PHW-TB-085","RECORD ADDED","","Thrust Block @ 8197.671 m, Type 7, Tee","Thrust Block Register - T2W_PIPELINE 24-8.xlsm row 244"
"2026-08-24 10:19","J. Krasnoff-Hnatjuk","PHW-TB-086","PHW-TB-086","RECORD ADDED","","Thrust Block @ 10103.635 m, Type 7, Tee","Thrust Block Register - T2W_PIPELINE 24-8.xlsm row 245"
"2026-08-24 10:19","J. Krasnoff-Hnatjuk","PHW-TB-087","PHW-TB-087","RECORD ADDED","","Thrust Block @ 11396.642 m, Type 7, Tee","Thrust Block Register - T2W_PIPELINE 24-8.xlsm row 246"
"2026-08-24 10:19","J. Krasnoff-Hnatjuk","PHW-TB-088","PHW-TB-088","RECORD ADDED","","Thrust Block @ 11596.46 m, Type 7, Tee","Thrust Block Register - T2W_PIPELINE 24-8.xlsm row 247"
"2026-08-24 10:19","J. Krasnoff-Hnatjuk","PHW-TB-089","PHW-TB-089","RECORD ADDED","","Thrust Block @ 13125.991 m, Type 7, Tee","Thrust Block Register - T2W_PIPELINE 24-8.xlsm row 248"
"2026-08-24 10:19","J. Krasnoff-Hnatjuk","PHW-TB-090","PHW-TB-090","RECORD ADDED","","Thrust Block @ 15248.457 m, Type 7, Tee","Thrust Block Register - T2W_PIPELINE 24-8.xlsm row 249"
"2026-08-24 10:19","J. Krasnoff-Hnatjuk","PHW-TB-091","PHW-TB-091","RECORD ADDED","","Thrust Block @ 17038.094 m, Type 6, Tee","Thrust Block Register - T2W_PIPELINE 24-8.xlsm row 250"
"2026-08-24 10:19","J. Krasnoff-Hnatjuk","PHW-TB-092","PHW-TB-092","RECORD ADDED","","Thrust Block @ 17984.612 m, Type 6, Tee","Thrust Block Register - T2W_PIPELINE 24-8.xlsm row 251"
"2026-08-24 10:19","J. Krasnoff-Hnatjuk","PHW-TB-093","PHW-TB-093","RECORD ADDED","","Thrust Block @ 842.62 m, Type 12, Isolation Valve","Thrust Block Register - T2W_PIPELINE 24-8.xlsm row 252"
"2026-08-24 10:19","J. Krasnoff-Hnatjuk","PHW-TB-094","PHW-TB-094","RECORD ADDED","","Thrust Block @ 2019.495 m, Type 12, Isolation Valve","Thrust Block Register - T2W_PIPELINE 24-8.xlsm row 253"
"2026-08-24 10:19","J. Krasnoff-Hnatjuk","PHW-TB-095","PHW-TB-095","RECORD ADDED","","Thrust Block @ 2140.173 m, Type 12, Isolation Valve","Thrust Block Register - T2W_PIPELINE 24-8.xlsm row 254"
"2026-08-24 10:19","J. Krasnoff-Hnatjuk","PHW-TB-096","PHW-TB-096","RECORD ADDED","","Thrust Block @ 7335.153 m, Type 12, Isolation Valve","Thrust Block Register - T2W_PIPELINE 24-8.xlsm row 255"
"2026-08-24 10:19","J. Krasnoff-Hnatjuk","PHW-TB-097","PHW-TB-097","RECORD ADDED","","Thrust Block @ 14323.567 m, Type 12, Isolation Valve","Thrust Block Register - T2W_PIPELINE 24-8.xlsm row 256"
"2026-08-24 10:19","J. Krasnoff-Hnatjuk","PHW-TB-098","PHW-TB-098","RECORD ADDED","","Thrust Block @ 19120.153 m, Type 14, In-Line","Thrust Block Register - T2W_PIPELINE 24-8.xlsm row 257"
"2026-08-24 10:19","J. Krasnoff-Hnatjuk","PHW-TB-099","PHW-TB-099","RECORD ADDED","","Thrust Block @ 19155.385 m, Type 14, In-Line","Thrust Block Register - T2W_PIPELINE 24-8.xlsm row 258"
"2026-08-24 10:19","J. Krasnoff-Hnatjuk","PHW-TB-100","PHW-TB-100","RECORD ADDED","","Thrust Block @ 9801.143 m, 2 x Type 12, Pigging Station","Thrust Block Register - T2W_PIPELINE 24-8.xlsm row 259"
"2026-08-24 10:19","J. Krasnoff-Hnatjuk","PHW-TB-101","PHW-TB-101","RECORD ADDED","","Thrust Block @ 19097.802 m, 2 x Type 12, Pigging Station","Thrust Block Register - T2W_PIPELINE 24-8.xlsm row 260"
"2026-08-24 10:19","J. Krasnoff-Hnatjuk","(source)","","Src - Thrust Block reloaded","121 rows","255 rows, 42 columns (source 24-8)","Src - Thrust Block"
"2026-08-24 10:19","J. Krasnoff-Hnatjuk","(derived)","","Chainage Index","ranges to row 1317","ranges to row 1451","Chainage Index"
"2026-08-24 10:19","J. Krasnoff-Hnatjuk","(control)","","Current revision","Rev 2","Rev 3","Document Control!C10"
"2026-08-24 10:19","J. Krasnoff-Hnatjuk","(control)","","Records in Master Register","1316","1450","Document Control!C13"
"24/08/2026 12:11","Jerry","PHW-TB-035","PHW-TB-035","Installed","","Yes","Master Register!BL444"
"24/08/2026 12:11","Jerry","PHW-TB-036","PHW-TB-036","Installed","","Yes","Master Register!BL449"
"24/08/2026 12:11","Jerry","PHW-TB-037","PHW-TB-037","Installed","","Yes","Master Register!BL464"
"24/08/2026 12:11","Jerry","PHW-TB-083","PHW-TB-083","Installed","","Yes","Master Register!BL436"
"24/08/2026 12:14","Jerry","PHW-TB-035","PHW-TB-035","Completion Date","","25/08/2026","Master Register!BS444"
"24/08/2026 12:14","Jerry","PHW-TB-036","PHW-TB-036","Completion Date","","25/08/2026","Master Register!BS449"
"24/08/2026 12:14","Jerry","PHW-TB-037","PHW-TB-037","Completion Date","","25/08/2026","Master Register!BS464"
"24/08/2026 12:14","Jerry","PHW-TB-083","PHW-TB-083","Completion Date","","25/08/2026","Master Register!BS436"
"24/08/2026 12:14","Jerry","PHW-TB-035","PHW-TB-035","Completion Date","25/08/2026","","Master Register!BS444"
"24/08/2026 12:14","Jerry","PHW-TB-036","PHW-TB-036","Completion Date","25/08/2026","","Master Register!BS449"
"24/08/2026 12:14","Jerry","PHW-TB-037","PHW-TB-037","Completion Date","25/08/2026","","Master Register!BS464"
"24/08/2026 12:14","Jerry","PHW-TB-083","PHW-TB-083","Completion Date","25/08/2026","","Master Register!BS436"
"2026-08-24 14:36","J. Krasnoff-Hnatjuk","(schema)","","new column","","Unit Rate ($)","Master Register!BU1"
"2026-08-24 14:36","J. Krasnoff-Hnatjuk","(schema)","","new column","","Quantity","Master Register!BV1"
"2026-08-24 14:36","J. Krasnoff-Hnatjuk","(schema)","","new column","","Unit","Master Register!BW1"
"2026-08-24 14:36","J. Krasnoff-Hnatjuk","(schema)","","new column","","Total Cost ($)","Master Register!BX1"
"2026-08-24 14:36","J. Krasnoff-Hnatjuk","PHW-TS-0001","PHW-TS-0001","Unit Rate ($)","","1,112.50 per each","Master Register!BU9"
"2026-08-24 14:36","J. Krasnoff-Hnatjuk","PHW-TS-0002","PHW-TS-0002","Unit Rate ($)","","1,112.50 per each","Master Register!BU10"
"2026-08-24 14:36","J. Krasnoff-Hnatjuk","PHW-TS-0003","PHW-TS-0003","Unit Rate ($)","","1,112.50 per each","Master Register!BU11"
"2026-08-24 14:36","J. Krasnoff-Hnatjuk","PHW-TS-0004","PHW-TS-0004","Unit Rate ($)","","1,112.50 per each","Master Register!BU12"
"2026-08-24 14:36","J. Krasnoff-Hnatjuk","PHW-TS-0005","PHW-TS-0005","Unit Rate ($)","","1,112.50 per each","Master Register!BU13"
"2026-08-24 14:36","J. Krasnoff-Hnatjuk","PHW-TS-0006","PHW-TS-0006","Unit Rate ($)","","1,112.50 per each","Master Register!BU14"
"2026-08-24 14:36","J. Krasnoff-Hnatjuk","PHW-TS-0007","PHW-TS-0007","Unit Rate ($)","","1,112.50 per each","Master Register!BU15"
"2026-08-24 14:36","J. Krasnoff-Hnatjuk","PHW-TS-0008","PHW-TS-0008","Unit Rate ($)","","1,112.50 per each","Master Register!BU17"
"2026-08-24 14:36","J. Krasnoff-Hnatjuk","PHW-TS-0009","PHW-TS-0009","Unit Rate ($)","","1,112.50 per each","Master Register!BU18"
"2026-08-24 14:36","J. Krasnoff-Hnatjuk","PHW-TS-0010","PHW-TS-0010","Unit Rate ($)","","1,112.50 per each","Master Register!BU19"
"2026-08-24 14:36","J. Krasnoff-Hnatjuk","PHW-TS-0011","PHW-TS-0011","Unit Rate ($)","","1,112.50 per each","Master Register!BU20"
"2026-08-24 14:36","J. Krasnoff-Hnatjuk","PHW-TS-0012","PHW-TS-0012","Unit Rate ($)","","1,112.50 per each","Master Register!BU21"
"2026-08-24 14:36","J. Krasnoff-Hnatjuk","PHW-TS-0013","PHW-TS-0013","Unit Rate ($)","","1,112.50 per each","Master Register!BU22"
"2026-08-24 14:36","J. Krasnoff-Hnatjuk","PHW-TS-0014","PHW-TS-0014","Unit Rate ($)","","1,112.50 per each","Master Register!BU23"
"2026-08-24 14:36","J. Krasnoff-Hnatjuk","PHW-TS-0015","PHW-TS-0015","Unit Rate ($)","","1,112.50 per each","Master Register!BU24"
"2026-08-24 14:36","J. Krasnoff-Hnatjuk","PHW-TS-0016","PHW-TS-0016","Unit Rate ($)","","1,112.50 per each","Master Register!BU25"
"2026-08-24 14:36","J. Krasnoff-Hnatjuk","PHW-TS-0017","PHW-TS-0017","Unit Rate ($)","","1,112.50 per each","Master Register!BU26"
"2026-08-24 14:36","J. Krasnoff-Hnatjuk","PHW-TS-0018","PHW-TS-0018","Unit Rate ($)","","1,112.50 per each","Master Register!BU27"
"2026-08-24 14:36","J. Krasnoff-Hnatjuk","PHW-TS-0019","PHW-TS-0019","Unit Rate ($)","","1,112.50 per each","Master Register!BU36"
"2026-08-24 14:36","J. Krasnoff-Hnatjuk","PHW-TS-0020","PHW-TS-0020","Unit Rate ($)","","1,112.50 per each","Master Register!BU38"
"2026-08-24 14:36","J. Krasnoff-Hnatjuk","PHW-TS-0021","PHW-TS-0021","Unit Rate ($)","","1,112.50 per each","Master Register!BU39"
"2026-08-24 14:36","J. Krasnoff-Hnatjuk","PHW-TS-0022","PHW-TS-0022","Unit Rate ($)","","1,112.50 per each","Master Register!BU40"
"2026-08-24 14:36","J. Krasnoff-Hnatjuk","PHW-TS-0023","PHW-TS-0023","Unit Rate ($)","","1,112.50 per each","Master Register!BU41"
"2026-08-24 14:36","J. Krasnoff-Hnatjuk","PHW-BS-0001","PHW-BS-0001","Unit Rate ($)","","20,507.00 per each","Master Register!BU42"
"2026-08-24 14:36","J. Krasnoff-Hnatjuk","PHW-TS-0024","PHW-TS-0024","Unit Rate ($)","","1,112.50 per each","Master Register!BU43"
"2026-08-24 14:36","J. Krasnoff-Hnatjuk","PHW-TS-0025","PHW-TS-0025","Unit Rate ($)","","1,112.50 per each","Master Register!BU44"
"2026-08-24 14:36","J. Krasnoff-Hnatjuk","PHW-TS-0026","PHW-TS-0026","Unit Rate ($)","","1,112.50 per each","Master Register!BU46"
"2026-08-24 14:36","J. Krasnoff-Hnatjuk","PHW-BS-0002","PHW-BS-0002","Unit Rate ($)","","20,507.00 per each","Master Register!BU47"
"2026-08-24 14:36","J. Krasnoff-Hnatjuk","PHW-TS-0027","PHW-TS-0027","Unit Rate ($)","","1,112.50 per each","Master Register!BU48"
"2026-08-24 14:36","J. Krasnoff-Hnatjuk","PHW-TS-0028","PHW-TS-0028","Unit Rate ($)","","1,112.50 per each","Master Register!BU49"
"2026-08-24 14:36","J. Krasnoff-Hnatjuk","PHW-BS-0003","PHW-BS-0003","Unit Rate ($)","","20,507.00 per each","Master Register!BU50"
"2026-08-24 14:36","J. Krasnoff-Hnatjuk","PHW-TS-0029","PHW-TS-0029","Unit Rate ($)","","1,112.50 per each","Master Register!BU52"
"2026-08-24 14:36","J. Krasnoff-Hnatjuk","PHW-TS-0030","PHW-TS-0030","Unit Rate ($)","","1,112.50 per each","Master Register!BU53"
"2026-08-24 14:36","J. Krasnoff-Hnatjuk","PHW-TS-0031","PHW-TS-0031","Unit Rate ($)","","1,112.50 per each","Master Register!BU54"
"2026-08-24 14:36","J. Krasnoff-Hnatjuk","PHW-BS-0004","PHW-BS-0004","Unit Rate ($)","","20,507.00 per each","Master Register!BU55"
"2026-08-24 14:36","J. Krasnoff-Hnatjuk","PHW-TS-0032","PHW-TS-0032","Unit Rate ($)","","1,112.50 per each","Master Register!BU56"
"2026-08-24 14:36","J. Krasnoff-Hnatjuk","PHW-TS-0033","PHW-TS-0033","Unit Rate ($)","","1,112.50 per each","Master Register!BU57"
"2026-08-24 14:36","J. Krasnoff-Hnatjuk","PHW-TS-0034","PHW-TS-0034","Unit Rate ($)","","1,112.50 per each","Master Register!BU58"
"2026-08-24 14:36","J. Krasnoff-Hnatjuk","PHW-BS-0005","PHW-BS-0005","Unit Rate ($)","","20,507.00 per each","Master Register!BU59"
"2026-08-24 14:36","J. Krasnoff-Hnatjuk","PHW-TS-0035","PHW-TS-0035","Unit Rate ($)","","1,112.50 per each","Master Register!BU60"
"2026-08-24 14:36","J. Krasnoff-Hnatjuk","PHW-TS-0036","PHW-TS-0036","Unit Rate ($)","","1,112.50 per each","Master Register!BU61"
"2026-08-24 14:36","J. Krasnoff-Hnatjuk","PHW-TS-0037","PHW-TS-0037","Unit Rate ($)","","1,112.50 per each","Master Register!BU62"
"2026-08-24 14:36","J. Krasnoff-Hnatjuk","PHW-TS-0038","PHW-TS-0038","Unit Rate ($)","","1,112.50 per each","Master Register!BU63"
"2026-08-24 14:36","J. Krasnoff-Hnatjuk","PHW-TS-0039","PHW-TS-0039","Unit Rate ($)","","1,112.50 per each","Master Register!BU64"
"2026-08-24 14:36","J. Krasnoff-Hnatjuk","PHW-TS-0040","PHW-TS-0040","Unit Rate ($)","","1,112.50 per each","Master Register!BU65"
"2026-08-24 14:36","J. Krasnoff-Hnatjuk","PHW-TS-0041","PHW-TS-0041","Unit Rate ($)","","1,112.50 per each","Master Register!BU67"
"2026-08-24 14:36","J. Krasnoff-Hnatjuk","PHW-TS-0042","PHW-TS-0042","Unit Rate ($)","","1,112.50 per each","Master Register!BU68"
"2026-08-24 14:36","J. Krasnoff-Hnatjuk","PHW-TS-0043","PHW-TS-0043","Unit Rate ($)","","1,112.50 per each","Master Register!BU69"
"2026-08-24 14:36","J. Krasnoff-Hnatjuk","PHW-TS-0044","PHW-TS-0044","Unit Rate ($)","","1,112.50 per each","Master Register!BU70"
"2026-08-24 14:36","J. Krasnoff-Hnatjuk","PHW-TS-0045","PHW-TS-0045","Unit Rate ($)","","1,112.50 per each","Master Register!BU71"
"2026-08-24 14:36","J. Krasnoff-Hnatjuk","PHW-TS-0046","PHW-TS-0046","Unit Rate ($)","","1,112.50 per each","Master Register!BU72"
"2026-08-24 14:36","J. Krasnoff-Hnatjuk","PHW-BS-0006","PHW-BS-0006","Unit Rate ($)","","20,507.00 per each","Master Register!BU73"
"2026-08-24 14:36","J. Krasnoff-Hnatjuk","PHW-TS-0047","PHW-TS-0047","Unit Rate ($)","","1,112.50 per each","Master Register!BU75"
"2026-08-24 14:36","J. Krasnoff-Hnatjuk","PHW-TS-0048","PHW-TS-0048","Unit Rate ($)","","1,112.50 per each","Master Register!BU77"
"2026-08-24 14:36","J. Krasnoff-Hnatjuk","PHW-TS-0049","PHW-TS-0049","Unit Rate ($)","","1,112.50 per each","Master Register!BU78"
"2026-08-24 14:36","J. Krasnoff-Hnatjuk","PHW-BS-0007","PHW-BS-0007","Unit Rate ($)","","20,507.00 per each","Master Register!BU79"
"2026-08-24 14:36","J. Krasnoff-Hnatjuk","PHW-TS-0050","PHW-TS-0050","Unit Rate ($)","","1,112.50 per each","Master Register!BU80"
"2026-08-24 14:36","J. Krasnoff-Hnatjuk","PHW-TS-0051","PHW-TS-0051","Unit Rate ($)","","1,112.50 per each","Master Register!BU81"
"2026-08-24 14:36","J. Krasnoff-Hnatjuk","PHW-TS-0052","PHW-TS-0052","Unit Rate ($)","","1,112.50 per each","Master Register!BU82"
"2026-08-24 14:36","J. Krasnoff-Hnatjuk","PHW-TS-0053","PHW-TS-0053","Unit Rate ($)","","1,112.50 per each","Master Register!BU83"
"2026-08-24 14:36","J. Krasnoff-Hnatjuk","PHW-BS-0008","PHW-BS-0008","Unit Rate ($)","","20,507.00 per each","Master Register!BU84"
"2026-08-24 14:36","J. Krasnoff-Hnatjuk","PHW-TS-0054","PHW-TS-0054","Unit Rate ($)","","1,112.50 per each","Master Register!BU85"
"2026-08-24 14:36","J. Krasnoff-Hnatjuk","PHW-TS-0055","PHW-TS-0055","Unit Rate ($)","","1,112.50 per each","Master Register!BU86"
"2026-08-24 14:36","J. Krasnoff-Hnatjuk","PHW-TS-0056","PHW-TS-0056","Unit Rate ($)","","1,112.50 per each","Master Register!BU87"
"2026-08-24 14:36","J. Krasnoff-Hnatjuk","PHW-BS-0009","PHW-BS-0009","Unit Rate ($)","","20,507.00 per each","Master Register!BU88"
"2026-08-24 14:36","J. Krasnoff-Hnatjuk","PHW-TS-0057","PHW-TS-0057","Unit Rate ($)","","1,112.50 per each","Master Register!BU89"
"2026-08-24 14:36","J. Krasnoff-Hnatjuk","PHW-TS-0058","PHW-TS-0058","Unit Rate ($)","","1,112.50 per each","Master Register!BU90"
"2026-08-24 14:36","J. Krasnoff-Hnatjuk","PHW-BS-0010","PHW-BS-0010","Unit Rate ($)","","20,507.00 per each","Master Register!BU92"
"2026-08-24 14:36","J. Krasnoff-Hnatjuk","PHW-TS-0059","PHW-TS-0059","Unit Rate ($)","","1,112.50 per each","Master Register!BU93"
"2026-08-24 14:36","J. Krasnoff-Hnatjuk","PHW-TS-0060","PHW-TS-0060","Unit Rate ($)","","1,112.50 per each","Master Register!BU94"
"2026-08-24 14:36","J. Krasnoff-Hnatjuk","PHW-TS-0061","PHW-TS-0061","Unit Rate ($)","","1,112.50 per each","Master Register!BU95"
"2026-08-24 14:36","J. Krasnoff-Hnatjuk","PHW-TS-0062","PHW-TS-0062","Unit Rate ($)","","1,112.50 per each","Master Register!BU103"
"2026-08-24 14:36","J. Krasnoff-Hnatjuk","PHW-TS-0063","PHW-TS-0063","Unit Rate ($)","","1,112.50 per each","Master Register!BU104"
"2026-08-24 14:36","J. Krasnoff-Hnatjuk","PHW-TS-0064","PHW-TS-0064","Unit Rate ($)","","1,112.50 per each","Master Register!BU106"
"2026-08-24 14:36","J. Krasnoff-Hnatjuk","PHW-BS-0011","PHW-BS-0011","Unit Rate ($)","","20,507.00 per each","Master Register!BU107"
"2026-08-24 14:36","J. Krasnoff-Hnatjuk","PHW-TS-0065","PHW-TS-0065","Unit Rate ($)","","1,112.50 per each","Master Register!BU108"
"2026-08-24 14:36","J. Krasnoff-Hnatjuk","PHW-TS-0066","PHW-TS-0066","Unit Rate ($)","","1,112.50 per each","Master Register!BU109"
"2026-08-24 14:36","J. Krasnoff-Hnatjuk","PHW-TS-0067","PHW-TS-0067","Unit Rate ($)","","1,112.50 per each","Master Register!BU111"
"2026-08-24 14:36","J. Krasnoff-Hnatjuk","PHW-BS-0012","PHW-BS-0012","Unit Rate ($)","","20,507.00 per each","Master Register!BU112"
"2026-08-24 14:36","J. Krasnoff-Hnatjuk","PHW-TS-0068","PHW-TS-0068","Unit Rate ($)","","1,112.50 per each","Master Register!BU113"
"2026-08-24 14:36","J. Krasnoff-Hnatjuk","PHW-TS-0069","PHW-TS-0069","Unit Rate ($)","","1,112.50 per each","Master Register!BU114"
"2026-08-24 14:36","J. Krasnoff-Hnatjuk","PHW-TS-0070","PHW-TS-0070","Unit Rate ($)","","1,112.50 per each","Master Register!BU115"
"2026-08-24 14:36","J. Krasnoff-Hnatjuk","PHW-BS-0013","PHW-BS-0013","Unit Rate ($)","","20,507.00 per each","Master Register!BU116"
"2026-08-24 14:36","J. Krasnoff-Hnatjuk","PHW-TS-0071","PHW-TS-0071","Unit Rate ($)","","1,112.50 per each","Master Register!BU117"
"2026-08-24 14:36","J. Krasnoff-Hnatjuk","PHW-TS-0072","PHW-TS-0072","Unit Rate ($)","","1,112.50 per each","Master Register!BU119"
"2026-08-24 14:36","J. Krasnoff-Hnatjuk","PHW-TS-0073","PHW-TS-0073","Unit Rate ($)","","1,112.50 per each","Master Register!BU123"
"2026-08-24 14:36","J. Krasnoff-Hnatjuk","PHW-TS-0074","PHW-TS-0074","Unit Rate ($)","","1,112.50 per each","Master Register!BU124"
"2026-08-24 14:36","J. Krasnoff-Hnatjuk","PHW-BS-0014","PHW-BS-0014","Unit Rate ($)","","20,507.00 per each","Master Register!BU125"
"2026-08-24 14:36","J. Krasnoff-Hnatjuk","PHW-TS-0075","PHW-TS-0075","Unit Rate ($)","","1,112.50 per each","Master Register!BU126"
"2026-08-24 14:36","J. Krasnoff-Hnatjuk","PHW-TS-0076","PHW-TS-0076","Unit Rate ($)","","1,112.50 per each","Master Register!BU127"
"2026-08-24 14:36","J. Krasnoff-Hnatjuk","PHW-TS-0077","PHW-TS-0077","Unit Rate ($)","","1,112.50 per each","Master Register!BU128"
"2026-08-24 14:36","J. Krasnoff-Hnatjuk","PHW-BS-0015","PHW-BS-0015","Unit Rate ($)","","20,507.00 per each","Master Register!BU129"
"2026-08-24 14:36","J. Krasnoff-Hnatjuk","PHW-TS-0078","PHW-TS-0078","Unit Rate ($)","","1,112.50 per each","Master Register!BU130"
"2026-08-24 14:36","J. Krasnoff-Hnatjuk","PHW-TS-0079","PHW-TS-0079","Unit Rate ($)","","1,112.50 per each","Master Register!BU131"
"2026-08-24 14:36","J. Krasnoff-Hnatjuk","PHW-TS-0080","PHW-TS-0080","Unit Rate ($)","","1,112.50 per each","Master Register!BU133"
"2026-08-24 14:36","J. Krasnoff-Hnatjuk","PHW-TS-0081","PHW-TS-0081","Unit Rate ($)","","1,112.50 per each","Master Register!BU134"
"2026-08-24 14:36","J. Krasnoff-Hnatjuk","PHW-BS-0016","PHW-BS-0016","Unit Rate ($)","","20,507.00 per each","Master Register!BU135"
"2026-08-24 14:36","J. Krasnoff-Hnatjuk","PHW-TS-0082","PHW-TS-0082","Unit Rate ($)","","1,112.50 per each","Master Register!BU136"
"2026-08-24 14:36","J. Krasnoff-Hnatjuk","PHW-TS-0083","PHW-TS-0083","Unit Rate ($)","","1,112.50 per each","Master Register!BU138"
"2026-08-24 14:36","J. Krasnoff-Hnatjuk","PHW-TS-0084","PHW-TS-0084","Unit Rate ($)","","1,112.50 per each","Master Register!BU139"
"2026-08-24 14:36","J. Krasnoff-Hnatjuk","PHW-TS-0085","PHW-TS-0085","Unit Rate ($)","","1,112.50 per each","Master Register!BU140"
"2026-08-24 14:36","J. Krasnoff-Hnatjuk","PHW-BS-0017","PHW-BS-0017","Unit Rate ($)","","20,507.00 per each","Master Register!BU141"
"2026-08-24 14:36","J. Krasnoff-Hnatjuk","PHW-TS-0086","PHW-TS-0086","Unit Rate ($)","","1,112.50 per each","Master Register!BU142"
"2026-08-24 14:36","J. Krasnoff-Hnatjuk","PHW-TS-0087","PHW-TS-0087","Unit Rate ($)","","1,112.50 per each","Master Register!BU143"
"2026-08-24 14:36","J. Krasnoff-Hnatjuk","PHW-TS-0088","PHW-TS-0088","Unit Rate ($)","","1,112.50 per each","Master Register!BU145"
"2026-08-24 14:36","J. Krasnoff-Hnatjuk","PHW-BS-0018","PHW-BS-0018","Unit Rate ($)","","20,507.00 per each","Master Register!BU146"
"2026-08-24 14:36","J. Krasnoff-Hnatjuk","PHW-TS-0089","PHW-TS-0089","Unit Rate ($)","","1,112.50 per each","Master Register!BU147"
"2026-08-24 14:36","J. Krasnoff-Hnatjuk","PHW-TS-0090","PHW-TS-0090","Unit Rate ($)","","1,112.50 per each","Master Register!BU148"
"2026-08-24 14:36","J. Krasnoff-Hnatjuk","PHW-TS-0091","PHW-TS-0091","Unit Rate ($)","","1,112.50 per each","Master Register!BU149"
"2026-08-24 14:36","J. Krasnoff-Hnatjuk","PHW-BS-0019","PHW-BS-0019","Unit Rate ($)","","20,507.00 per each","Master Register!BU150"
"2026-08-24 14:36","J. Krasnoff-Hnatjuk","PHW-TS-0092","PHW-TS-0092","Unit Rate ($)","","1,112.50 per each","Master Register!BU151"
"2026-08-24 14:36","J. Krasnoff-Hnatjuk","PHW-TS-0093","PHW-TS-0093","Unit Rate ($)","","1,112.50 per each","Master Register!BU153"
"2026-08-24 14:36","J. Krasnoff-Hnatjuk","PHW-TS-0094","PHW-TS-0094","Unit Rate ($)","","1,112.50 per each","Master Register!BU154"
"2026-08-24 14:36","J. Krasnoff-Hnatjuk","PHW-BS-0020","PHW-BS-0020","Unit Rate ($)","","20,507.00 per each","Master Register!BU155"
"2026-08-24 14:36","J. Krasnoff-Hnatjuk","PHW-TS-0095","PHW-TS-0095","Unit Rate ($)","","1,112.50 per each","Master Register!BU167"
"2026-08-24 14:36","J. Krasnoff-Hnatjuk","PHW-TS-0096","PHW-TS-0096","Unit Rate ($)","","1,112.50 per each","Master Register!BU168"
"2026-08-24 14:36","J. Krasnoff-Hnatjuk","PHW-TS-0097","PHW-TS-0097","Unit Rate ($)","","1,112.50 per each","Master Register!BU169"
"2026-08-24 14:36","J. Krasnoff-Hnatjuk","PHW-TS-0098","PHW-TS-0098","Unit Rate ($)","","1,112.50 per each","Master Register!BU170"
"2026-08-24 14:36","J. Krasnoff-Hnatjuk","PHW-TS-0099","PHW-TS-0099","Unit Rate ($)","","1,112.50 per each","Master Register!BU172"
"2026-08-24 14:36","J. Krasnoff-Hnatjuk","PHW-BS-0021","PHW-BS-0021","Unit Rate ($)","","20,507.00 per each","Master Register!BU173"
"2026-08-24 14:36","J. Krasnoff-Hnatjuk","PHW-TS-0100","PHW-TS-0100","Unit Rate ($)","","1,112.50 per each","Master Register!BU174"
"2026-08-24 14:36","J. Krasnoff-Hnatjuk","PHW-TS-0101","PHW-TS-0101","Unit Rate ($)","","1,112.50 per each","Master Register!BU185"
"2026-08-24 14:36","J. Krasnoff-Hnatjuk","PHW-TS-0102","PHW-TS-0102","Unit Rate ($)","","1,112.50 per each","Master Register!BU186"
"2026-08-24 14:36","J. Krasnoff-Hnatjuk","PHW-TS-0103","PHW-TS-0103","Unit Rate ($)","","1,112.50 per each","Master Register!BU188"
"2026-08-24 14:36","J. Krasnoff-Hnatjuk","PHW-TS-0104","PHW-TS-0104","Unit Rate ($)","","1,112.50 per each","Master Register!BU189"
"2026-08-24 14:36","J. Krasnoff-Hnatjuk","PHW-TS-0105","PHW-TS-0105","Unit Rate ($)","","1,112.50 per each","Master Register!BU190"
"2026-08-24 14:36","J. Krasnoff-Hnatjuk","PHW-TS-0106","PHW-TS-0106","Unit Rate ($)","","1,112.50 per each","Master Register!BU195"
"2026-08-24 14:36","J. Krasnoff-Hnatjuk","PHW-TS-0107","PHW-TS-0107","Unit Rate ($)","","1,112.50 per each","Master Register!BU196"
"2026-08-24 14:36","J. Krasnoff-Hnatjuk","PHW-TS-0108","PHW-TS-0108","Unit Rate ($)","","1,112.50 per each","Master Register!BU197"
"2026-08-24 14:36","J. Krasnoff-Hnatjuk","PHW-TS-0109","PHW-TS-0109","Unit Rate ($)","","1,112.50 per each","Master Register!BU198"
"2026-08-24 14:36","J. Krasnoff-Hnatjuk","PHW-TS-0110","PHW-TS-0110","Unit Rate ($)","","1,112.50 per each","Master Register!BU199"
"2026-08-24 14:36","J. Krasnoff-Hnatjuk","PHW-TS-0111","PHW-TS-0111","Unit Rate ($)","","1,112.50 per each","Master Register!BU200"
"2026-08-24 14:36","J. Krasnoff-Hnatjuk","PHW-TS-0112","PHW-TS-0112","Unit Rate ($)","","1,112.50 per each","Master Register!BU201"
"2026-08-24 14:36","J. Krasnoff-Hnatjuk","PHW-TS-0113","PHW-TS-0113","Unit Rate ($)","","1,112.50 per each","Master Register!BU202"
"2026-08-24 14:36","J. Krasnoff-Hnatjuk","PHW-TS-0114","PHW-TS-0114","Unit Rate ($)","","1,112.50 per each","Master Register!BU203"
"2026-08-24 14:36","J. Krasnoff-Hnatjuk","PHW-TS-0115","PHW-TS-0115","Unit Rate ($)","","1,112.50 per each","Master Register!BU205"
"2026-08-24 14:36","J. Krasnoff-Hnatjuk","PHW-TS-0116","PHW-TS-0116","Unit Rate ($)","","1,112.50 per each","Master Register!BU206"
"2026-08-24 14:36","J. Krasnoff-Hnatjuk","PHW-TS-0117","PHW-TS-0117","Unit Rate ($)","","1,112.50 per each","Master Register!BU207"
"2026-08-24 14:36","J. Krasnoff-Hnatjuk","PHW-TS-0118","PHW-TS-0118","Unit Rate ($)","","1,112.50 per each","Master Register!BU208"
"2026-08-24 14:36","J. Krasnoff-Hnatjuk","PHW-TS-0119","PHW-TS-0119","Unit Rate ($)","","1,112.50 per each","Master Register!BU209"
"2026-08-24 14:36","J. Krasnoff-Hnatjuk","PHW-TS-0120","PHW-TS-0120","Unit Rate ($)","","1,112.50 per each","Master Register!BU210"
"2026-08-24 14:36","J. Krasnoff-Hnatjuk","PHW-TS-0121","PHW-TS-0121","Unit Rate ($)","","1,112.50 per each","Master Register!BU211"
"2026-08-24 14:36","J. Krasnoff-Hnatjuk","PHW-TS-0122","PHW-TS-0122","Unit Rate ($)","","1,112.50 per each","Master Register!BU212"
"2026-08-24 14:36","J. Krasnoff-Hnatjuk","PHW-TS-0123","PHW-TS-0123","Unit Rate ($)","","1,112.50 per each","Master Register!BU213"
"2026-08-24 14:36","J. Krasnoff-Hnatjuk","PHW-TS-0124","PHW-TS-0124","Unit Rate ($)","","1,112.50 per each","Master Register!BU214"
"2026-08-24 14:36","J. Krasnoff-Hnatjuk","PHW-TS-0125","PHW-TS-0125","Unit Rate ($)","","1,112.50 per each","Master Register!BU215"
"2026-08-24 14:36","J. Krasnoff-Hnatjuk","PHW-TS-0126","PHW-TS-0126","Unit Rate ($)","","1,112.50 per each","Master Register!BU216"
"2026-08-24 14:36","J. Krasnoff-Hnatjuk","PHW-TS-0127","PHW-TS-0127","Unit Rate ($)","","1,112.50 per each","Master Register!BU217"
"2026-08-24 14:36","J. Krasnoff-Hnatjuk","PHW-TS-0128","PHW-TS-0128","Unit Rate ($)","","1,112.50 per each","Master Register!BU218"
"2026-08-24 14:36","J. Krasnoff-Hnatjuk","PHW-BS-0022","PHW-BS-0022","Unit Rate ($)","","20,507.00 per each","Master Register!BU219"
"2026-08-24 14:36","J. Krasnoff-Hnatjuk","PHW-TS-0129","PHW-TS-0129","Unit Rate ($)","","1,112.50 per each","Master Register!BU220"
"2026-08-24 14:36","J. Krasnoff-Hnatjuk","PHW-TS-0130","PHW-TS-0130","Unit Rate ($)","","1,112.50 per each","Master Register!BU221"
"2026-08-24 14:36","J. Krasnoff-Hnatjuk","PHW-TS-0131","PHW-TS-0131","Unit Rate ($)","","1,112.50 per each","Master Register!BU222"
"2026-08-24 14:36","J. Krasnoff-Hnatjuk","PHW-BS-0023","PHW-BS-0023","Unit Rate ($)","","20,507.00 per each","Master Register!BU223"
"2026-08-24 14:36","J. Krasnoff-Hnatjuk","PHW-TS-0132","PHW-TS-0132","Unit Rate ($)","","1,112.50 per each","Master Register!BU224"
"2026-08-24 14:36","J. Krasnoff-Hnatjuk","PHW-TS-0133","PHW-TS-0133","Unit Rate ($)","","1,112.50 per each","Master Register!BU226"
"2026-08-24 14:36","J. Krasnoff-Hnatjuk","PHW-TS-0134","PHW-TS-0134","Unit Rate ($)","","1,112.50 per each","Master Register!BU227"
"2026-08-24 14:36","J. Krasnoff-Hnatjuk","PHW-TS-0135","PHW-TS-0135","Unit Rate ($)","","1,112.50 per each","Master Register!BU235"
"2026-08-24 14:36","J. Krasnoff-Hnatjuk","PHW-TS-0136","PHW-TS-0136","Unit Rate ($)","","1,112.50 per each","Master Register!BU236"
"2026-08-24 14:36","J. Krasnoff-Hnatjuk","PHW-BS-0024","PHW-BS-0024","Unit Rate ($)","","20,507.00 per each","Master Register!BU237"
"2026-08-24 14:36","J. Krasnoff-Hnatjuk","PHW-TS-0137","PHW-TS-0137","Unit Rate ($)","","1,112.50 per each","Master Register!BU238"
"2026-08-24 14:36","J. Krasnoff-Hnatjuk","PHW-TS-0138","PHW-TS-0138","Unit Rate ($)","","1,112.50 per each","Master Register!BU239"
"2026-08-24 14:36","J. Krasnoff-Hnatjuk","PHW-TS-0139","PHW-TS-0139","Unit Rate ($)","","1,112.50 per each","Master Register!BU241"
"2026-08-24 14:36","J. Krasnoff-Hnatjuk","PHW-TS-0140","PHW-TS-0140","Unit Rate ($)","","1,112.50 per each","Master Register!BU243"
"2026-08-24 14:36","J. Krasnoff-Hnatjuk","PHW-TS-0141","PHW-TS-0141","Unit Rate ($)","","1,112.50 per each","Master Register!BU266"
"2026-08-24 14:36","J. Krasnoff-Hnatjuk","PHW-TS-0142","PHW-TS-0142","Unit Rate ($)","","1,112.50 per each","Master Register!BU267"
"2026-08-24 14:36","J. Krasnoff-Hnatjuk","PHW-TS-0143","PHW-TS-0143","Unit Rate ($)","","1,112.50 per each","Master Register!BU269"
"2026-08-24 14:36","J. Krasnoff-Hnatjuk","PHW-TS-0144","PHW-TS-0144","Unit Rate ($)","","1,112.50 per each","Master Register!BU270"
"2026-08-24 14:36","J. Krasnoff-Hnatjuk","PHW-TS-0145","PHW-TS-0145","Unit Rate ($)","","1,112.50 per each","Master Register!BU271"
"2026-08-24 14:36","J. Krasnoff-Hnatjuk","PHW-TS-0146","PHW-TS-0146","Unit Rate ($)","","1,112.50 per each","Master Register!BU272"
"2026-08-24 14:36","J. Krasnoff-Hnatjuk","PHW-TS-0147","PHW-TS-0147","Unit Rate ($)","","1,112.50 per each","Master Register!BU273"
"2026-08-24 14:36","J. Krasnoff-Hnatjuk","PHW-TS-0148","PHW-TS-0148","Unit Rate ($)","","1,112.50 per each","Master Register!BU274"
"2026-08-24 14:36","J. Krasnoff-Hnatjuk","PHW-TS-0149","PHW-TS-0149","Unit Rate ($)","","1,112.50 per each","Master Register!BU275"
"2026-08-24 14:36","J. Krasnoff-Hnatjuk","PHW-TS-0150","PHW-TS-0150","Unit Rate ($)","","1,112.50 per each","Master Register!BU276"
"2026-08-24 14:36","J. Krasnoff-Hnatjuk","PHW-TS-0151","PHW-TS-0151","Unit Rate ($)","","1,112.50 per each","Master Register!BU277"
"2026-08-24 14:36","J. Krasnoff-Hnatjuk","PHW-TS-0152","PHW-TS-0152","Unit Rate ($)","","1,112.50 per each","Master Register!BU278"
"2026-08-24 14:36","J. Krasnoff-Hnatjuk","PHW-TS-0153","PHW-TS-0153","Unit Rate ($)","","1,112.50 per each","Master Register!BU279"
"2026-08-24 14:36","J. Krasnoff-Hnatjuk","PHW-TS-0154","PHW-TS-0154","Unit Rate ($)","","1,112.50 per each","Master Register!BU280"
"2026-08-24 14:36","J. Krasnoff-Hnatjuk","PHW-TS-0155","PHW-TS-0155","Unit Rate ($)","","1,112.50 per each","Master Register!BU281"
"2026-08-24 14:36","J. Krasnoff-Hnatjuk","PHW-TS-0156","PHW-TS-0156","Unit Rate ($)","","1,112.50 per each","Master Register!BU282"
"2026-08-24 14:36","J. Krasnoff-Hnatjuk","PHW-TS-0157","PHW-TS-0157","Unit Rate ($)","","1,112.50 per each","Master Register!BU283"
"2026-08-24 14:36","J. Krasnoff-Hnatjuk","PHW-TS-0158","PHW-TS-0158","Unit Rate ($)","","1,112.50 per each","Master Register!BU284"
"2026-08-24 14:36","J. Krasnoff-Hnatjuk","PHW-TS-0159","PHW-TS-0159","Unit Rate ($)","","1,112.50 per each","Master Register!BU286"
"2026-08-24 14:36","J. Krasnoff-Hnatjuk","PHW-TS-0160","PHW-TS-0160","Unit Rate ($)","","1,112.50 per each","Master Register!BU288"
"2026-08-24 14:36","J. Krasnoff-Hnatjuk","PHW-TS-0161","PHW-TS-0161","Unit Rate ($)","","1,112.50 per each","Master Register!BU290"
"2026-08-24 14:36","J. Krasnoff-Hnatjuk","PHW-TS-0162","PHW-TS-0162","Unit Rate ($)","","1,112.50 per each","Master Register!BU293"
"2026-08-24 14:36","J. Krasnoff-Hnatjuk","PHW-TS-0163","PHW-TS-0163","Unit Rate ($)","","1,112.50 per each","Master Register!BU294"
"2026-08-24 14:36","J. Krasnoff-Hnatjuk","PHW-TS-0164","PHW-TS-0164","Unit Rate ($)","","1,112.50 per each","Master Register!BU295"
"2026-08-24 14:36","J. Krasnoff-Hnatjuk","PHW-TS-0165","PHW-TS-0165","Unit Rate ($)","","1,112.50 per each","Master Register!BU296"
"2026-08-24 14:36","J. Krasnoff-Hnatjuk","PHW-TS-0166","PHW-TS-0166","Unit Rate ($)","","1,112.50 per each","Master Register!BU298"
"2026-08-24 14:36","J. Krasnoff-Hnatjuk","PHW-TS-0167","PHW-TS-0167","Unit Rate ($)","","1,112.50 per each","Master Register!BU299"
"2026-08-24 14:36","J. Krasnoff-Hnatjuk","PHW-TS-0168","PHW-TS-0168","Unit Rate ($)","","1,112.50 per each","Master Register!BU300"
"2026-08-24 14:36","J. Krasnoff-Hnatjuk","PHW-TS-0169","PHW-TS-0169","Unit Rate ($)","","1,112.50 per each","Master Register!BU301"
"2026-08-24 14:36","J. Krasnoff-Hnatjuk","PHW-TS-0170","PHW-TS-0170","Unit Rate ($)","","1,112.50 per each","Master Register!BU302"
"2026-08-24 14:36","J. Krasnoff-Hnatjuk","PHW-TS-0171","PHW-TS-0171","Unit Rate ($)","","1,112.50 per each","Master Register!BU311"
"2026-08-24 14:36","J. Krasnoff-Hnatjuk","PHW-TS-0172","PHW-TS-0172","Unit Rate ($)","","1,112.50 per each","Master Register!BU313"
"2026-08-24 14:36","J. Krasnoff-Hnatjuk","PHW-TS-0173","PHW-TS-0173","Unit Rate ($)","","1,112.50 per each","Master Register!BU314"
"2026-08-24 14:36","J. Krasnoff-Hnatjuk","PHW-TS-0174","PHW-TS-0174","Unit Rate ($)","","1,112.50 per each","Master Register!BU341"
"2026-08-24 14:36","J. Krasnoff-Hnatjuk","PHW-TS-0175","PHW-TS-0175","Unit Rate ($)","","1,112.50 per each","Master Register!BU342"
"2026-08-24 14:36","J. Krasnoff-Hnatjuk","PHW-TS-0176","PHW-TS-0176","Unit Rate ($)","","1,112.50 per each","Master Register!BU343"
"2026-08-24 14:36","J. Krasnoff-Hnatjuk","PHW-TS-0177","PHW-TS-0177","Unit Rate ($)","","1,112.50 per each","Master Register!BU344"
"2026-08-24 14:36","J. Krasnoff-Hnatjuk","PHW-TS-0178","PHW-TS-0178","Unit Rate ($)","","1,112.50 per each","Master Register!BU345"
"2026-08-24 14:36","J. Krasnoff-Hnatjuk","PHW-TS-0179","PHW-TS-0179","Unit Rate ($)","","1,112.50 per each","Master Register!BU347"
"2026-08-24 14:36","J. Krasnoff-Hnatjuk","PHW-TS-0180","PHW-TS-0180","Unit Rate ($)","","1,112.50 per each","Master Register!BU348"
"2026-08-24 14:36","J. Krasnoff-Hnatjuk","PHW-TS-0181","PHW-TS-0181","Unit Rate ($)","","1,112.50 per each","Master Register!BU349"
"2026-08-24 14:36","J. Krasnoff-Hnatjuk","PHW-TS-0182","PHW-TS-0182","Unit Rate ($)","","1,112.50 per each","Master Register!BU350"
"2026-08-24 14:36","J. Krasnoff-Hnatjuk","PHW-TS-0183","PHW-TS-0183","Unit Rate ($)","","1,112.50 per each","Master Register!BU351"
"2026-08-24 14:36","J. Krasnoff-Hnatjuk","PHW-TS-0184","PHW-TS-0184","Unit Rate ($)","","1,112.50 per each","Master Register!BU352"
"2026-08-24 14:36","J. Krasnoff-Hnatjuk","PHW-TS-0185","PHW-TS-0185","Unit Rate ($)","","1,112.50 per each","Master Register!BU353"
"2026-08-24 14:36","J. Krasnoff-Hnatjuk","PHW-TS-0186","PHW-TS-0186","Unit Rate ($)","","1,112.50 per each","Master Register!BU354"
"2026-08-24 14:36","J. Krasnoff-Hnatjuk","PHW-TS-0187","PHW-TS-0187","Unit Rate ($)","","1,112.50 per each","Master Register!BU355"
"2026-08-24 14:36","J. Krasnoff-Hnatjuk","PHW-TS-0188","PHW-TS-0188","Unit Rate ($)","","1,112.50 per each","Master Register!BU356"
"2026-08-24 14:36","J. Krasnoff-Hnatjuk","PHW-TS-0189","PHW-TS-0189","Unit Rate ($)","","1,112.50 per each","Master Register!BU357"
"2026-08-24 14:36","J. Krasnoff-Hnatjuk","PHW-TS-0190","PHW-TS-0190","Unit Rate ($)","","1,112.50 per each","Master Register!BU358"
"2026-08-24 14:36","J. Krasnoff-Hnatjuk","PHW-TS-0191","PHW-TS-0191","Unit Rate ($)","","1,112.50 per each","Master Register!BU359"
"2026-08-24 14:36","J. Krasnoff-Hnatjuk","PHW-TS-0192","PHW-TS-0192","Unit Rate ($)","","1,112.50 per each","Master Register!BU360"
"2026-08-24 14:36","J. Krasnoff-Hnatjuk","PHW-TS-0193","PHW-TS-0193","Unit Rate ($)","","1,112.50 per each","Master Register!BU361"
"2026-08-24 14:36","J. Krasnoff-Hnatjuk","PHW-TS-0194","PHW-TS-0194","Unit Rate ($)","","1,112.50 per each","Master Register!BU362"
"2026-08-24 14:36","J. Krasnoff-Hnatjuk","PHW-TS-0195","PHW-TS-0195","Unit Rate ($)","","1,112.50 per each","Master Register!BU363"
"2026-08-24 14:36","J. Krasnoff-Hnatjuk","PHW-TS-0196","PHW-TS-0196","Unit Rate ($)","","1,112.50 per each","Master Register!BU364"
"2026-08-24 14:36","J. Krasnoff-Hnatjuk","PHW-TS-0197","PHW-TS-0197","Unit Rate ($)","","1,112.50 per each","Master Register!BU367"
"2026-08-24 14:36","J. Krasnoff-Hnatjuk","PHW-TS-0198","PHW-TS-0198","Unit Rate ($)","","1,112.50 per each","Master Register!BU368"
"2026-08-24 14:36","J. Krasnoff-Hnatjuk","PHW-TS-0199","PHW-TS-0199","Unit Rate ($)","","1,112.50 per each","Master Register!BU386"
"2026-08-24 14:36","J. Krasnoff-Hnatjuk","PHW-TS-0200","PHW-TS-0200","Unit Rate ($)","","1,112.50 per each","Master Register!BU387"
"2026-08-24 14:36","J. Krasnoff-Hnatjuk","PHW-TS-0201","PHW-TS-0201","Unit Rate ($)","","1,112.50 per each","Master Register!BU396"
"2026-08-24 14:36","J. Krasnoff-Hnatjuk","PHW-TS-0202","PHW-TS-0202","Unit Rate ($)","","1,112.50 per each","Master Register!BU402"
"2026-08-24 14:36","J. Krasnoff-Hnatjuk","PHW-TS-0203","PHW-TS-0203","Unit Rate ($)","","1,112.50 per each","Master Register!BU403"
"2026-08-24 14:36","J. Krasnoff-Hnatjuk","PHW-TS-0204","PHW-TS-0204","Unit Rate ($)","","1,112.50 per each","Master Register!BU404"
"2026-08-24 14:36","J. Krasnoff-Hnatjuk","PHW-TS-0205","PHW-TS-0205","Unit Rate ($)","","1,112.50 per each","Master Register!BU417"
"2026-08-24 14:36","J. Krasnoff-Hnatjuk","PHW-TS-0206","PHW-TS-0206","Unit Rate ($)","","1,112.50 per each","Master Register!BU418"
"2026-08-24 14:36","J. Krasnoff-Hnatjuk","PHW-TS-0207","PHW-TS-0207","Unit Rate ($)","","1,112.50 per each","Master Register!BU425"
"2026-08-24 14:36","J. Krasnoff-Hnatjuk","PHW-TS-0208","PHW-TS-0208","Unit Rate ($)","","1,112.50 per each","Master Register!BU427"
"2026-08-24 14:36","J. Krasnoff-Hnatjuk","PHW-TS-0209","PHW-TS-0209","Unit Rate ($)","","1,112.50 per each","Master Register!BU428"
"2026-08-24 14:36","J. Krasnoff-Hnatjuk","PHW-TS-0210","PHW-TS-0210","Unit Rate ($)","","1,112.50 per each","Master Register!BU429"
"2026-08-24 14:36","J. Krasnoff-Hnatjuk","PHW-TS-0211","PHW-TS-0211","Unit Rate ($)","","1,112.50 per each","Master Register!BU430"
"2026-08-24 14:36","J. Krasnoff-Hnatjuk","PHW-TS-0212","PHW-TS-0212","Unit Rate ($)","","1,112.50 per each","Master Register!BU431"
"2026-08-24 14:36","J. Krasnoff-Hnatjuk","PHW-TS-0213","PHW-TS-0213","Unit Rate ($)","","1,112.50 per each","Master Register!BU433"
"2026-08-24 14:36","J. Krasnoff-Hnatjuk","PHW-TS-0214","PHW-TS-0214","Unit Rate ($)","","1,112.50 per each","Master Register!BU434"
"2026-08-24 14:36","J. Krasnoff-Hnatjuk","PHW-TS-0215","PHW-TS-0215","Unit Rate ($)","","1,112.50 per each","Master Register!BU435"
"2026-08-24 14:36","J. Krasnoff-Hnatjuk","PHW-TS-0216","PHW-TS-0216","Unit Rate ($)","","1,112.50 per each","Master Register!BU437"
"2026-08-24 14:36","J. Krasnoff-Hnatjuk","PHW-TS-0217","PHW-TS-0217","Unit Rate ($)","","1,112.50 per each","Master Register!BU438"
"2026-08-24 14:36","J. Krasnoff-Hnatjuk","PHW-TS-0218","PHW-TS-0218","Unit Rate ($)","","1,112.50 per each","Master Register!BU439"
"2026-08-24 14:36","J. Krasnoff-Hnatjuk","PHW-TS-0219","PHW-TS-0219","Unit Rate ($)","","1,112.50 per each","Master Register!BU440"
"2026-08-24 14:36","J. Krasnoff-Hnatjuk","PHW-TS-0220","PHW-TS-0220","Unit Rate ($)","","1,112.50 per each","Master Register!BU441"
"2026-08-24 14:36","J. Krasnoff-Hnatjuk","PHW-TS-0221","PHW-TS-0221","Unit Rate ($)","","1,112.50 per each","Master Register!BU442"
"2026-08-24 14:36","J. Krasnoff-Hnatjuk","PHW-TS-0222","PHW-TS-0222","Unit Rate ($)","","1,112.50 per each","Master Register!BU443"
"2026-08-24 14:36","J. Krasnoff-Hnatjuk","PHW-TS-0223","PHW-TS-0223","Unit Rate ($)","","1,112.50 per each","Master Register!BU445"
"2026-08-24 14:36","J. Krasnoff-Hnatjuk","PHW-TS-0224","PHW-TS-0224","Unit Rate ($)","","1,112.50 per each","Master Register!BU446"
"2026-08-24 14:36","J. Krasnoff-Hnatjuk","PHW-TS-0225","PHW-TS-0225","Unit Rate ($)","","1,112.50 per each","Master Register!BU447"
"2026-08-24 14:36","J. Krasnoff-Hnatjuk","PHW-TS-0226","PHW-TS-0226","Unit Rate ($)","","1,112.50 per each","Master Register!BU448"
"2026-08-24 14:36","J. Krasnoff-Hnatjuk","PHW-TS-0227","PHW-TS-0227","Unit Rate ($)","","1,112.50 per each","Master Register!BU451"
"2026-08-24 14:36","J. Krasnoff-Hnatjuk","PHW-TS-0228","PHW-TS-0228","Unit Rate ($)","","1,112.50 per each","Master Register!BU452"
"2026-08-24 14:36","J. Krasnoff-Hnatjuk","PHW-TS-0229","PHW-TS-0229","Unit Rate ($)","","1,112.50 per each","Master Register!BU453"
"2026-08-24 14:36","J. Krasnoff-Hnatjuk","PHW-TS-0230","PHW-TS-0230","Unit Rate ($)","","1,112.50 per each","Master Register!BU454"
"2026-08-24 14:36","J. Krasnoff-Hnatjuk","PHW-TS-0231","PHW-TS-0231","Unit Rate ($)","","1,112.50 per each","Master Register!BU455"
"2026-08-24 14:36","J. Krasnoff-Hnatjuk","PHW-TS-0232","PHW-TS-0232","Unit Rate ($)","","1,112.50 per each","Master Register!BU456"
"2026-08-24 14:36","J. Krasnoff-Hnatjuk","PHW-TS-0233","PHW-TS-0233","Unit Rate ($)","","1,112.50 per each","Master Register!BU457"
"2026-08-24 14:36","J. Krasnoff-Hnatjuk","PHW-TS-0234","PHW-TS-0234","Unit Rate ($)","","1,112.50 per each","Master Register!BU458"
"2026-08-24 14:36","J. Krasnoff-Hnatjuk","PHW-TS-0235","PHW-TS-0235","Unit Rate ($)","","1,112.50 per each","Master Register!BU459"
"2026-08-24 14:36","J. Krasnoff-Hnatjuk","PHW-TS-0236","PHW-TS-0236","Unit Rate ($)","","1,112.50 per each","Master Register!BU460"
"2026-08-24 14:36","J. Krasnoff-Hnatjuk","PHW-TS-0237","PHW-TS-0237","Unit Rate ($)","","1,112.50 per each","Master Register!BU461"
"2026-08-24 14:36","J. Krasnoff-Hnatjuk","PHW-TS-0238","PHW-TS-0238","Unit Rate ($)","","1,112.50 per each","Master Register!BU465"
"2026-08-24 14:36","J. Krasnoff-Hnatjuk","PHW-TS-0239","PHW-TS-0239","Unit Rate ($)","","1,112.50 per each","Master Register!BU466"
"2026-08-24 14:36","J. Krasnoff-Hnatjuk","PHW-TS-0240","PHW-TS-0240","Unit Rate ($)","","1,112.50 per each","Master Register!BU467"
"2026-08-24 14:36","J. Krasnoff-Hnatjuk","PHW-TS-0241","PHW-TS-0241","Unit Rate ($)","","1,112.50 per each","Master Register!BU468"
"2026-08-24 14:36","J. Krasnoff-Hnatjuk","PHW-TS-0242","PHW-TS-0242","Unit Rate ($)","","1,112.50 per each","Master Register!BU469"
"2026-08-24 14:36","J. Krasnoff-Hnatjuk","PHW-TS-0243","PHW-TS-0243","Unit Rate ($)","","1,112.50 per each","Master Register!BU470"
"2026-08-24 14:36","J. Krasnoff-Hnatjuk","PHW-TS-0244","PHW-TS-0244","Unit Rate ($)","","1,112.50 per each","Master Register!BU471"
"2026-08-24 14:36","J. Krasnoff-Hnatjuk","PHW-TS-0245","PHW-TS-0245","Unit Rate ($)","","1,112.50 per each","Master Register!BU472"
"2026-08-24 14:36","J. Krasnoff-Hnatjuk","PHW-TS-0246","PHW-TS-0246","Unit Rate ($)","","1,112.50 per each","Master Register!BU473"
"2026-08-24 14:36","J. Krasnoff-Hnatjuk","PHW-TS-0247","PHW-TS-0247","Unit Rate ($)","","1,112.50 per each","Master Register!BU474"
"2026-08-24 14:36","J. Krasnoff-Hnatjuk","PHW-TS-0248","PHW-TS-0248","Unit Rate ($)","","1,112.50 per each","Master Register!BU476"
"2026-08-24 14:36","J. Krasnoff-Hnatjuk","PHW-TS-0249","PHW-TS-0249","Unit Rate ($)","","1,112.50 per each","Master Register!BU477"
"2026-08-24 14:36","J. Krasnoff-Hnatjuk","PHW-TS-0250","PHW-TS-0250","Unit Rate ($)","","1,112.50 per each","Master Register!BU478"
"2026-08-24 14:36","J. Krasnoff-Hnatjuk","PHW-TS-0251","PHW-TS-0251","Unit Rate ($)","","1,112.50 per each","Master Register!BU479"
"2026-08-24 14:36","J. Krasnoff-Hnatjuk","PHW-TS-0252","PHW-TS-0252","Unit Rate ($)","","1,112.50 per each","Master Register!BU480"
"2026-08-24 14:36","J. Krasnoff-Hnatjuk","PHW-TS-0253","PHW-TS-0253","Unit Rate ($)","","1,112.50 per each","Master Register!BU482"
"2026-08-24 14:36","J. Krasnoff-Hnatjuk","PHW-BS-0025","PHW-BS-0025","Unit Rate ($)","","20,507.00 per each","Master Register!BU483"
"2026-08-24 14:36","J. Krasnoff-Hnatjuk","PHW-TS-0254","PHW-TS-0254","Unit Rate ($)","","1,112.50 per each","Master Register!BU484"
"2026-08-24 14:36","J. Krasnoff-Hnatjuk","PHW-BS-0026","PHW-BS-0026","Unit Rate ($)","","20,507.00 per each","Master Register!BU486"
"2026-08-24 14:36","J. Krasnoff-Hnatjuk","PHW-BS-0027","PHW-BS-0027","Unit Rate ($)","","20,507.00 per each","Master Register!BU487"
"2026-08-24 14:36","J. Krasnoff-Hnatjuk","PHW-BS-0028","PHW-BS-0028","Unit Rate ($)","","20,507.00 per each","Master Register!BU488"
"2026-08-24 14:36","J. Krasnoff-Hnatjuk","PHW-BS-0029","PHW-BS-0029","Unit Rate ($)","","20,507.00 per each","Master Register!BU489"
"2026-08-24 14:36","J. Krasnoff-Hnatjuk","PHW-BS-0030","PHW-BS-0030","Unit Rate ($)","","20,507.00 per each","Master Register!BU490"
"2026-08-24 14:36","J. Krasnoff-Hnatjuk","PHW-BS-0031","PHW-BS-0031","Unit Rate ($)","","20,507.00 per each","Master Register!BU491"
"2026-08-24 14:36","J. Krasnoff-Hnatjuk","PHW-BS-0032","PHW-BS-0032","Unit Rate ($)","","20,507.00 per each","Master Register!BU492"
"2026-08-24 14:36","J. Krasnoff-Hnatjuk","PHW-BS-0033","PHW-BS-0033","Unit Rate ($)","","20,507.00 per each","Master Register!BU493"
"2026-08-24 14:36","J. Krasnoff-Hnatjuk","PHW-TS-0255","PHW-TS-0255","Unit Rate ($)","","1,112.50 per each","Master Register!BU495"
"2026-08-24 14:36","J. Krasnoff-Hnatjuk","PHW-TS-0256","PHW-TS-0256","Unit Rate ($)","","1,112.50 per each","Master Register!BU496"
"2026-08-24 14:36","J. Krasnoff-Hnatjuk","PHW-TS-0257","PHW-TS-0257","Unit Rate ($)","","1,112.50 per each","Master Register!BU497"
"2026-08-24 14:36","J. Krasnoff-Hnatjuk","PHW-TS-0258","PHW-TS-0258","Unit Rate ($)","","1,112.50 per each","Master Register!BU498"
"2026-08-24 14:36","J. Krasnoff-Hnatjuk","PHW-TS-0259","PHW-TS-0259","Unit Rate ($)","","1,112.50 per each","Master Register!BU499"
"2026-08-24 14:36","J. Krasnoff-Hnatjuk","PHW-TS-0260","PHW-TS-0260","Unit Rate ($)","","1,112.50 per each","Master Register!BU500"
"2026-08-24 14:36","J. Krasnoff-Hnatjuk","PHW-TS-0261","PHW-TS-0261","Unit Rate ($)","","1,112.50 per each","Master Register!BU501"
"2026-08-24 14:36","J. Krasnoff-Hnatjuk","PHW-TS-0262","PHW-TS-0262","Unit Rate ($)","","1,112.50 per each","Master Register!BU502"
"2026-08-24 14:36","J. Krasnoff-Hnatjuk","PHW-TS-0263","PHW-TS-0263","Unit Rate ($)","","1,112.50 per each","Master Register!BU503"
"2026-08-24 14:36","J. Krasnoff-Hnatjuk","PHW-TS-0264","PHW-TS-0264","Unit Rate ($)","","1,112.50 per each","Master Register!BU504"
"2026-08-24 14:36","J. Krasnoff-Hnatjuk","PHW-TS-0265","PHW-TS-0265","Unit Rate ($)","","1,112.50 per each","Master Register!BU506"
"2026-08-24 14:36","J. Krasnoff-Hnatjuk","PHW-TS-0266","PHW-TS-0266","Unit Rate ($)","","1,112.50 per each","Master Register!BU507"
"2026-08-24 14:36","J. Krasnoff-Hnatjuk","PHW-TS-0267","PHW-TS-0267","Unit Rate ($)","","1,112.50 per each","Master Register!BU509"
"2026-08-24 14:36","J. Krasnoff-Hnatjuk","PHW-TS-0268","PHW-TS-0268","Unit Rate ($)","","1,112.50 per each","Master Register!BU511"
"2026-08-24 14:36","J. Krasnoff-Hnatjuk","PHW-TS-0269","PHW-TS-0269","Unit Rate ($)","","1,112.50 per each","Master Register!BU512"
"2026-08-24 14:36","J. Krasnoff-Hnatjuk","PHW-BS-0034","PHW-BS-0034","Unit Rate ($)","","20,507.00 per each","Master Register!BU513"
"2026-08-24 14:36","J. Krasnoff-Hnatjuk","PHW-TS-0270","PHW-TS-0270","Unit Rate ($)","","1,112.50 per each","Master Register!BU514"
"2026-08-24 14:36","J. Krasnoff-Hnatjuk","PHW-TS-0271","PHW-TS-0271","Unit Rate ($)","","1,112.50 per each","Master Register!BU515"
"2026-08-24 14:36","J. Krasnoff-Hnatjuk","PHW-TS-0272","PHW-TS-0272","Unit Rate ($)","","1,112.50 per each","Master Register!BU516"
"2026-08-24 14:36","J. Krasnoff-Hnatjuk","PHW-TS-0273","PHW-TS-0273","Unit Rate ($)","","1,112.50 per each","Master Register!BU517"
"2026-08-24 14:36","J. Krasnoff-Hnatjuk","PHW-BS-0035","PHW-BS-0035","Unit Rate ($)","","20,507.00 per each","Master Register!BU518"
"2026-08-24 14:36","J. Krasnoff-Hnatjuk","PHW-TS-0274","PHW-TS-0274","Unit Rate ($)","","1,112.50 per each","Master Register!BU519"
"2026-08-24 14:36","J. Krasnoff-Hnatjuk","PHW-TS-0275","PHW-TS-0275","Unit Rate ($)","","1,112.50 per each","Master Register!BU520"
"2026-08-24 14:36","J. Krasnoff-Hnatjuk","PHW-TS-0276","PHW-TS-0276","Unit Rate ($)","","1,112.50 per each","Master Register!BU521"
"2026-08-24 14:36","J. Krasnoff-Hnatjuk","PHW-TS-0277","PHW-TS-0277","Unit Rate ($)","","1,112.50 per each","Master Register!BU523"
"2026-08-24 14:36","J. Krasnoff-Hnatjuk","PHW-TS-0278","PHW-TS-0278","Unit Rate ($)","","1,112.50 per each","Master Register!BU524"
"2026-08-24 14:36","J. Krasnoff-Hnatjuk","PHW-TS-0279","PHW-TS-0279","Unit Rate ($)","","1,112.50 per each","Master Register!BU525"
"2026-08-24 14:36","J. Krasnoff-Hnatjuk","PHW-TS-0280","PHW-TS-0280","Unit Rate ($)","","1,112.50 per each","Master Register!BU526"
"2026-08-24 14:36","J. Krasnoff-Hnatjuk","PHW-TS-0281","PHW-TS-0281","Unit Rate ($)","","1,112.50 per each","Master Register!BU528"
"2026-08-24 14:36","J. Krasnoff-Hnatjuk","PHW-TS-0282","PHW-TS-0282","Unit Rate ($)","","1,112.50 per each","Master Register!BU529"
"2026-08-24 14:36","J. Krasnoff-Hnatjuk","PHW-TS-0283","PHW-TS-0283","Unit Rate ($)","","1,112.50 per each","Master Register!BU530"
"2026-08-24 14:36","J. Krasnoff-Hnatjuk","PHW-TS-0284","PHW-TS-0284","Unit Rate ($)","","1,112.50 per each","Master Register!BU531"
"2026-08-24 14:36","J. Krasnoff-Hnatjuk","PHW-TS-0285","PHW-TS-0285","Unit Rate ($)","","1,112.50 per each","Master Register!BU532"
"2026-08-24 14:36","J. Krasnoff-Hnatjuk","PHW-TS-0286","PHW-TS-0286","Unit Rate ($)","","1,112.50 per each","Master Register!BU533"
"2026-08-24 14:36","J. Krasnoff-Hnatjuk","PHW-TS-0287","PHW-TS-0287","Unit Rate ($)","","1,112.50 per each","Master Register!BU534"
"2026-08-24 14:36","J. Krasnoff-Hnatjuk","PHW-TS-0288","PHW-TS-0288","Unit Rate ($)","","1,112.50 per each","Master Register!BU535"
"2026-08-24 14:36","J. Krasnoff-Hnatjuk","PHW-TS-0289","PHW-TS-0289","Unit Rate ($)","","1,112.50 per each","Master Register!BU536"
"2026-08-24 14:36","J. Krasnoff-Hnatjuk","PHW-TS-0290","PHW-TS-0290","Unit Rate ($)","","1,112.50 per each","Master Register!BU537"
"2026-08-24 14:36","J. Krasnoff-Hnatjuk","PHW-TS-0291","PHW-TS-0291","Unit Rate ($)","","1,112.50 per each","Master Register!BU538"
"2026-08-24 14:36","J. Krasnoff-Hnatjuk","PHW-TS-0292","PHW-TS-0292","Unit Rate ($)","","1,112.50 per each","Master Register!BU539"
"2026-08-24 14:36","J. Krasnoff-Hnatjuk","PHW-BS-0036","PHW-BS-0036","Unit Rate ($)","","20,507.00 per each","Master Register!BU540"
"2026-08-24 14:36","J. Krasnoff-Hnatjuk","PHW-TS-0293","PHW-TS-0293","Unit Rate ($)","","1,112.50 per each","Master Register!BU541"
"2026-08-24 14:36","J. Krasnoff-Hnatjuk","PHW-TS-0294","PHW-TS-0294","Unit Rate ($)","","1,112.50 per each","Master Register!BU542"
"2026-08-24 14:36","J. Krasnoff-Hnatjuk","PHW-BS-0037","PHW-BS-0037","Unit Rate ($)","","20,507.00 per each","Master Register!BU543"
"2026-08-24 14:36","J. Krasnoff-Hnatjuk","PHW-TS-0295","PHW-TS-0295","Unit Rate ($)","","1,112.50 per each","Master Register!BU544"
"2026-08-24 14:36","J. Krasnoff-Hnatjuk","PHW-TS-0296","PHW-TS-0296","Unit Rate ($)","","1,112.50 per each","Master Register!BU545"
"2026-08-24 14:36","J. Krasnoff-Hnatjuk","PHW-BS-0038","PHW-BS-0038","Unit Rate ($)","","20,507.00 per each","Master Register!BU546"
"2026-08-24 14:36","J. Krasnoff-Hnatjuk","PHW-TS-0297","PHW-TS-0297","Unit Rate ($)","","1,112.50 per each","Master Register!BU547"
"2026-08-24 14:36","J. Krasnoff-Hnatjuk","PHW-TS-0298","PHW-TS-0298","Unit Rate ($)","","1,112.50 per each","Master Register!BU548"
"2026-08-24 14:36","J. Krasnoff-Hnatjuk","PHW-TS-0299","PHW-TS-0299","Unit Rate ($)","","1,112.50 per each","Master Register!BU550"
"2026-08-24 14:36","J. Krasnoff-Hnatjuk","PHW-TS-0300","PHW-TS-0300","Unit Rate ($)","","1,112.50 per each","Master Register!BU551"
"2026-08-24 14:36","J. Krasnoff-Hnatjuk","PHW-TS-0301","PHW-TS-0301","Unit Rate ($)","","1,112.50 per each","Master Register!BU555"
"2026-08-24 14:36","J. Krasnoff-Hnatjuk","PHW-TS-0302","PHW-TS-0302","Unit Rate ($)","","1,112.50 per each","Master Register!BU557"
"2026-08-24 14:36","J. Krasnoff-Hnatjuk","PHW-TS-0303","PHW-TS-0303","Unit Rate ($)","","1,112.50 per each","Master Register!BU558"
"2026-08-24 14:36","J. Krasnoff-Hnatjuk","PHW-TS-0304","PHW-TS-0304","Unit Rate ($)","","1,112.50 per each","Master Register!BU560"
"2026-08-24 14:36","J. Krasnoff-Hnatjuk","PHW-TS-0305","PHW-TS-0305","Unit Rate ($)","","1,112.50 per each","Master Register!BU562"
"2026-08-24 14:36","J. Krasnoff-Hnatjuk","PHW-TS-0306","PHW-TS-0306","Unit Rate ($)","","1,112.50 per each","Master Register!BU563"
"2026-08-24 14:36","J. Krasnoff-Hnatjuk","PHW-TS-0307","PHW-TS-0307","Unit Rate ($)","","1,112.50 per each","Master Register!BU564"
"2026-08-24 14:36","J. Krasnoff-Hnatjuk","PHW-TS-0308","PHW-TS-0308","Unit Rate ($)","","1,112.50 per each","Master Register!BU565"
"2026-08-24 14:36","J. Krasnoff-Hnatjuk","PHW-TS-0309","PHW-TS-0309","Unit Rate ($)","","1,112.50 per each","Master Register!BU566"
"2026-08-24 14:36","J. Krasnoff-Hnatjuk","PHW-TS-0310","PHW-TS-0310","Unit Rate ($)","","1,112.50 per each","Master Register!BU567"
"2026-08-24 14:36","J. Krasnoff-Hnatjuk","PHW-TS-0311","PHW-TS-0311","Unit Rate ($)","","1,112.50 per each","Master Register!BU569"
"2026-08-24 14:36","J. Krasnoff-Hnatjuk","PHW-TS-0312","PHW-TS-0312","Unit Rate ($)","","1,112.50 per each","Master Register!BU570"
"2026-08-24 14:36","J. Krasnoff-Hnatjuk","PHW-TS-0313","PHW-TS-0313","Unit Rate ($)","","1,112.50 per each","Master Register!BU571"
"2026-08-24 14:36","J. Krasnoff-Hnatjuk","PHW-TS-0314","PHW-TS-0314","Unit Rate ($)","","1,112.50 per each","Master Register!BU572"
"2026-08-24 14:36","J. Krasnoff-Hnatjuk","PHW-TS-0315","PHW-TS-0315","Unit Rate ($)","","1,112.50 per each","Master Register!BU573"
"2026-08-24 14:36","J. Krasnoff-Hnatjuk","PHW-TS-0316","PHW-TS-0316","Unit Rate ($)","","1,112.50 per each","Master Register!BU574"
"2026-08-24 14:36","J. Krasnoff-Hnatjuk","PHW-TS-0317","PHW-TS-0317","Unit Rate ($)","","1,112.50 per each","Master Register!BU575"
"2026-08-24 14:36","J. Krasnoff-Hnatjuk","PHW-TS-0318","PHW-TS-0318","Unit Rate ($)","","1,112.50 per each","Master Register!BU576"
"2026-08-24 14:36","J. Krasnoff-Hnatjuk","PHW-TS-0319","PHW-TS-0319","Unit Rate ($)","","1,112.50 per each","Master Register!BU577"
"2026-08-24 14:36","J. Krasnoff-Hnatjuk","PHW-TS-0320","PHW-TS-0320","Unit Rate ($)","","1,112.50 per each","Master Register!BU578"
"2026-08-24 14:36","J. Krasnoff-Hnatjuk","PHW-TS-0321","PHW-TS-0321","Unit Rate ($)","","1,112.50 per each","Master Register!BU581"
"2026-08-24 14:36","J. Krasnoff-Hnatjuk","PHW-TS-0322","PHW-TS-0322","Unit Rate ($)","","1,112.50 per each","Master Register!BU583"
"2026-08-24 14:36","J. Krasnoff-Hnatjuk","PHW-TS-0323","PHW-TS-0323","Unit Rate ($)","","1,112.50 per each","Master Register!BU584"
"2026-08-24 14:36","J. Krasnoff-Hnatjuk","PHW-TS-0324","PHW-TS-0324","Unit Rate ($)","","1,112.50 per each","Master Register!BU585"
"2026-08-24 14:36","J. Krasnoff-Hnatjuk","PHW-BS-0039","PHW-BS-0039","Unit Rate ($)","","20,507.00 per each","Master Register!BU586"
"2026-08-24 14:36","J. Krasnoff-Hnatjuk","PHW-TS-0325","PHW-TS-0325","Unit Rate ($)","","1,112.50 per each","Master Register!BU587"
"2026-08-24 14:36","J. Krasnoff-Hnatjuk","PHW-TS-0326","PHW-TS-0326","Unit Rate ($)","","1,112.50 per each","Master Register!BU588"
"2026-08-24 14:36","J. Krasnoff-Hnatjuk","PHW-TS-0327","PHW-TS-0327","Unit Rate ($)","","1,112.50 per each","Master Register!BU589"
"2026-08-24 14:36","J. Krasnoff-Hnatjuk","PHW-TS-0328","PHW-TS-0328","Unit Rate ($)","","1,112.50 per each","Master Register!BU590"
"2026-08-24 14:36","J. Krasnoff-Hnatjuk","PHW-BS-0040","PHW-BS-0040","Unit Rate ($)","","20,507.00 per each","Master Register!BU591"
"2026-08-24 14:36","J. Krasnoff-Hnatjuk","PHW-TS-0329","PHW-TS-0329","Unit Rate ($)","","1,112.50 per each","Master Register!BU597"
"2026-08-24 14:36","J. Krasnoff-Hnatjuk","PHW-TS-0330","PHW-TS-0330","Unit Rate ($)","","1,112.50 per each","Master Register!BU598"
"2026-08-24 14:36","J. Krasnoff-Hnatjuk","PHW-TS-0331","PHW-TS-0331","Unit Rate ($)","","1,112.50 per each","Master Register!BU599"
"2026-08-24 14:36","J. Krasnoff-Hnatjuk","PHW-TS-0332","PHW-TS-0332","Unit Rate ($)","","1,112.50 per each","Master Register!BU608"
"2026-08-24 14:36","J. Krasnoff-Hnatjuk","PHW-TS-0333","PHW-TS-0333","Unit Rate ($)","","1,112.50 per each","Master Register!BU609"
"2026-08-24 14:36","J. Krasnoff-Hnatjuk","PHW-TS-0334","PHW-TS-0334","Unit Rate ($)","","1,112.50 per each","Master Register!BU610"
"2026-08-24 14:36","J. Krasnoff-Hnatjuk","PHW-TS-0335","PHW-TS-0335","Unit Rate ($)","","1,112.50 per each","Master Register!BU611"
"2026-08-24 14:36","J. Krasnoff-Hnatjuk","PHW-TS-0336","PHW-TS-0336","Unit Rate ($)","","1,112.50 per each","Master Register!BU634"
"2026-08-24 14:36","J. Krasnoff-Hnatjuk","PHW-TS-0337","PHW-TS-0337","Unit Rate ($)","","1,112.50 per each","Master Register!BU635"
"2026-08-24 14:36","J. Krasnoff-Hnatjuk","PHW-TS-0338","PHW-TS-0338","Unit Rate ($)","","1,112.50 per each","Master Register!BU637"
"2026-08-24 14:36","J. Krasnoff-Hnatjuk","PHW-TS-0339","PHW-TS-0339","Unit Rate ($)","","1,112.50 per each","Master Register!BU639"
"2026-08-24 14:36","J. Krasnoff-Hnatjuk","PHW-TS-0340","PHW-TS-0340","Unit Rate ($)","","1,112.50 per each","Master Register!BU643"
"2026-08-24 14:36","J. Krasnoff-Hnatjuk","PHW-TS-0341","PHW-TS-0341","Unit Rate ($)","","1,112.50 per each","Master Register!BU644"
"2026-08-24 14:36","J. Krasnoff-Hnatjuk","PHW-TS-0342","PHW-TS-0342","Unit Rate ($)","","1,112.50 per each","Master Register!BU645"
"2026-08-24 14:36","J. Krasnoff-Hnatjuk","PHW-TS-0343","PHW-TS-0343","Unit Rate ($)","","1,112.50 per each","Master Register!BU646"
"2026-08-24 14:36","J. Krasnoff-Hnatjuk","PHW-TS-0344","PHW-TS-0344","Unit Rate ($)","","1,112.50 per each","Master Register!BU648"
"2026-08-24 14:36","J. Krasnoff-Hnatjuk","PHW-TS-0345","PHW-TS-0345","Unit Rate ($)","","1,112.50 per each","Master Register!BU651"
"2026-08-24 14:36","J. Krasnoff-Hnatjuk","PHW-TS-0346","PHW-TS-0346","Unit Rate ($)","","1,112.50 per each","Master Register!BU653"
"2026-08-24 14:36","J. Krasnoff-Hnatjuk","PHW-TS-0347","PHW-TS-0347","Unit Rate ($)","","1,112.50 per each","Master Register!BU654"
"2026-08-24 14:36","J. Krasnoff-Hnatjuk","PHW-TS-0348","PHW-TS-0348","Unit Rate ($)","","1,112.50 per each","Master Register!BU655"
"2026-08-24 14:36","J. Krasnoff-Hnatjuk","PHW-TS-0349","PHW-TS-0349","Unit Rate ($)","","1,112.50 per each","Master Register!BU657"
"2026-08-24 14:36","J. Krasnoff-Hnatjuk","PHW-TS-0350","PHW-TS-0350","Unit Rate ($)","","1,112.50 per each","Master Register!BU658"
"2026-08-24 14:36","J. Krasnoff-Hnatjuk","PHW-TS-0351","PHW-TS-0351","Unit Rate ($)","","1,112.50 per each","Master Register!BU659"
"2026-08-24 14:36","J. Krasnoff-Hnatjuk","PHW-TS-0352","PHW-TS-0352","Unit Rate ($)","","1,112.50 per each","Master Register!BU661"
"2026-08-24 14:36","J. Krasnoff-Hnatjuk","PHW-TS-0353","PHW-TS-0353","Unit Rate ($)","","1,112.50 per each","Master Register!BU664"
"2026-08-24 14:36","J. Krasnoff-Hnatjuk","PHW-TS-0354","PHW-TS-0354","Unit Rate ($)","","1,112.50 per each","Master Register!BU665"
"2026-08-24 14:36","J. Krasnoff-Hnatjuk","PHW-TS-0355","PHW-TS-0355","Unit Rate ($)","","1,112.50 per each","Master Register!BU672"
"2026-08-24 14:36","J. Krasnoff-Hnatjuk","PHW-TS-0356","PHW-TS-0356","Unit Rate ($)","","1,112.50 per each","Master Register!BU673"
"2026-08-24 14:36","J. Krasnoff-Hnatjuk","PHW-TS-0357","PHW-TS-0357","Unit Rate ($)","","1,112.50 per each","Master Register!BU675"
"2026-08-24 14:36","J. Krasnoff-Hnatjuk","PHW-TS-0358","PHW-TS-0358","Unit Rate ($)","","1,112.50 per each","Master Register!BU679"
"2026-08-24 14:36","J. Krasnoff-Hnatjuk","PHW-TS-0359","PHW-TS-0359","Unit Rate ($)","","1,112.50 per each","Master Register!BU680"
"2026-08-24 14:36","J. Krasnoff-Hnatjuk","PHW-TS-0360","PHW-TS-0360","Unit Rate ($)","","1,112.50 per each","Master Register!BU683"
"2026-08-24 14:36","J. Krasnoff-Hnatjuk","PHW-TS-0361","PHW-TS-0361","Unit Rate ($)","","1,112.50 per each","Master Register!BU684"
"2026-08-24 14:36","J. Krasnoff-Hnatjuk","PHW-TS-0362","PHW-TS-0362","Unit Rate ($)","","1,112.50 per each","Master Register!BU685"
"2026-08-24 14:36","J. Krasnoff-Hnatjuk","PHW-TS-0363","PHW-TS-0363","Unit Rate ($)","","1,112.50 per each","Master Register!BU686"
"2026-08-24 14:36","J. Krasnoff-Hnatjuk","PHW-TS-0364","PHW-TS-0364","Unit Rate ($)","","1,112.50 per each","Master Register!BU687"
"2026-08-24 14:36","J. Krasnoff-Hnatjuk","PHW-TS-0365","PHW-TS-0365","Unit Rate ($)","","1,112.50 per each","Master Register!BU688"
"2026-08-24 14:36","J. Krasnoff-Hnatjuk","PHW-TS-0366","PHW-TS-0366","Unit Rate ($)","","1,112.50 per each","Master Register!BU690"
"2026-08-24 14:36","J. Krasnoff-Hnatjuk","PHW-TS-0367","PHW-TS-0367","Unit Rate ($)","","1,112.50 per each","Master Register!BU691"
"2026-08-24 14:36","J. Krasnoff-Hnatjuk","PHW-TS-0368","PHW-TS-0368","Unit Rate ($)","","1,112.50 per each","Master Register!BU692"
"2026-08-24 14:36","J. Krasnoff-Hnatjuk","PHW-TS-0369","PHW-TS-0369","Unit Rate ($)","","1,112.50 per each","Master Register!BU693"
"2026-08-24 14:36","J. Krasnoff-Hnatjuk","PHW-TS-0370","PHW-TS-0370","Unit Rate ($)","","1,112.50 per each","Master Register!BU702"
"2026-08-24 14:36","J. Krasnoff-Hnatjuk","PHW-TS-0371","PHW-TS-0371","Unit Rate ($)","","1,112.50 per each","Master Register!BU704"
"2026-08-24 14:36","J. Krasnoff-Hnatjuk","PHW-TS-0372","PHW-TS-0372","Unit Rate ($)","","1,112.50 per each","Master Register!BU706"
"2026-08-24 14:36","J. Krasnoff-Hnatjuk","PHW-TS-0373","PHW-TS-0373","Unit Rate ($)","","1,112.50 per each","Master Register!BU707"
"2026-08-24 14:36","J. Krasnoff-Hnatjuk","PHW-TS-0374","PHW-TS-0374","Unit Rate ($)","","1,112.50 per each","Master Register!BU709"
"2026-08-24 14:36","J. Krasnoff-Hnatjuk","PHW-TS-0375","PHW-TS-0375","Unit Rate ($)","","1,112.50 per each","Master Register!BU710"
"2026-08-24 14:36","J. Krasnoff-Hnatjuk","PHW-TS-0376","PHW-TS-0376","Unit Rate ($)","","1,112.50 per each","Master Register!BU711"
"2026-08-24 14:36","J. Krasnoff-Hnatjuk","PHW-TS-0377","PHW-TS-0377","Unit Rate ($)","","1,112.50 per each","Master Register!BU716"
"2026-08-24 14:36","J. Krasnoff-Hnatjuk","PHW-TS-0378","PHW-TS-0378","Unit Rate ($)","","1,112.50 per each","Master Register!BU717"
"2026-08-24 14:36","J. Krasnoff-Hnatjuk","PHW-TS-0379","PHW-TS-0379","Unit Rate ($)","","1,112.50 per each","Master Register!BU720"
"2026-08-24 14:36","J. Krasnoff-Hnatjuk","PHW-TS-0380","PHW-TS-0380","Unit Rate ($)","","1,112.50 per each","Master Register!BU722"
"2026-08-24 14:36","J. Krasnoff-Hnatjuk","PHW-TS-0381","PHW-TS-0381","Unit Rate ($)","","1,112.50 per each","Master Register!BU723"
"2026-08-24 14:36","J. Krasnoff-Hnatjuk","PHW-TS-0382","PHW-TS-0382","Unit Rate ($)","","1,112.50 per each","Master Register!BU735"
"2026-08-24 14:36","J. Krasnoff-Hnatjuk","PHW-TS-0383","PHW-TS-0383","Unit Rate ($)","","1,112.50 per each","Master Register!BU762"
"2026-08-24 14:36","J. Krasnoff-Hnatjuk","PHW-TS-0384","PHW-TS-0384","Unit Rate ($)","","1,112.50 per each","Master Register!BU763"
"2026-08-24 14:36","J. Krasnoff-Hnatjuk","PHW-TS-0385","PHW-TS-0385","Unit Rate ($)","","1,112.50 per each","Master Register!BU764"
"2026-08-24 14:36","J. Krasnoff-Hnatjuk","PHW-TS-0386","PHW-TS-0386","Unit Rate ($)","","1,112.50 per each","Master Register!BU774"
"2026-08-24 14:36","J. Krasnoff-Hnatjuk","PHW-TS-0387","PHW-TS-0387","Unit Rate ($)","","1,112.50 per each","Master Register!BU775"
"2026-08-24 14:36","J. Krasnoff-Hnatjuk","PHW-TS-0388","PHW-TS-0388","Unit Rate ($)","","1,112.50 per each","Master Register!BU776"
"2026-08-24 14:36","J. Krasnoff-Hnatjuk","PHW-TS-0389","PHW-TS-0389","Unit Rate ($)","","1,112.50 per each","Master Register!BU788"
"2026-08-24 14:36","J. Krasnoff-Hnatjuk","PHW-TS-0390","PHW-TS-0390","Unit Rate ($)","","1,112.50 per each","Master Register!BU789"
"2026-08-24 14:36","J. Krasnoff-Hnatjuk","PHW-TS-0391","PHW-TS-0391","Unit Rate ($)","","1,112.50 per each","Master Register!BU796"
"2026-08-24 14:36","J. Krasnoff-Hnatjuk","PHW-TS-0392","PHW-TS-0392","Unit Rate ($)","","1,112.50 per each","Master Register!BU804"
"2026-08-24 14:36","J. Krasnoff-Hnatjuk","PHW-TS-0393","PHW-TS-0393","Unit Rate ($)","","1,112.50 per each","Master Register!BU806"
"2026-08-24 14:36","J. Krasnoff-Hnatjuk","PHW-TS-0394","PHW-TS-0394","Unit Rate ($)","","1,112.50 per each","Master Register!BU886"
"2026-08-24 14:36","J. Krasnoff-Hnatjuk","PHW-TS-0395","PHW-TS-0395","Unit Rate ($)","","1,112.50 per each","Master Register!BU888"
"2026-08-24 14:36","J. Krasnoff-Hnatjuk","PHW-TS-0396","PHW-TS-0396","Unit Rate ($)","","1,112.50 per each","Master Register!BU889"
"2026-08-24 14:36","J. Krasnoff-Hnatjuk","PHW-TS-0397","PHW-TS-0397","Unit Rate ($)","","1,112.50 per each","Master Register!BU890"
"2026-08-24 14:36","J. Krasnoff-Hnatjuk","PHW-TS-0398","PHW-TS-0398","Unit Rate ($)","","1,112.50 per each","Master Register!BU891"
"2026-08-24 14:36","J. Krasnoff-Hnatjuk","PHW-TS-0399","PHW-TS-0399","Unit Rate ($)","","1,112.50 per each","Master Register!BU892"
"2026-08-24 14:36","J. Krasnoff-Hnatjuk","PHW-TS-0400","PHW-TS-0400","Unit Rate ($)","","1,112.50 per each","Master Register!BU893"
"2026-08-24 14:36","J. Krasnoff-Hnatjuk","PHW-TS-0401","PHW-TS-0401","Unit Rate ($)","","1,112.50 per each","Master Register!BU894"
"2026-08-24 14:36","J. Krasnoff-Hnatjuk","PHW-TS-0402","PHW-TS-0402","Unit Rate ($)","","1,112.50 per each","Master Register!BU895"
"2026-08-24 14:36","J. Krasnoff-Hnatjuk","PHW-TS-0403","PHW-TS-0403","Unit Rate ($)","","1,112.50 per each","Master Register!BU896"
"2026-08-24 14:36","J. Krasnoff-Hnatjuk","PHW-TS-0404","PHW-TS-0404","Unit Rate ($)","","1,112.50 per each","Master Register!BU898"
"2026-08-24 14:36","J. Krasnoff-Hnatjuk","PHW-TS-0405","PHW-TS-0405","Unit Rate ($)","","1,112.50 per each","Master Register!BU899"
"2026-08-24 14:36","J. Krasnoff-Hnatjuk","PHW-TS-0406","PHW-TS-0406","Unit Rate ($)","","1,112.50 per each","Master Register!BU901"
"2026-08-24 14:36","J. Krasnoff-Hnatjuk","PHW-BS-0041","PHW-BS-0041","Unit Rate ($)","","20,507.00 per each","Master Register!BU907"
"2026-08-24 14:36","J. Krasnoff-Hnatjuk","PHW-BS-0042","PHW-BS-0042","Unit Rate ($)","","20,507.00 per each","Master Register!BU908"
"2026-08-24 14:36","J. Krasnoff-Hnatjuk","PHW-BS-0043","PHW-BS-0043","Unit Rate ($)","","20,507.00 per each","Master Register!BU909"
"2026-08-24 14:36","J. Krasnoff-Hnatjuk","PHW-BS-0044","PHW-BS-0044","Unit Rate ($)","","20,507.00 per each","Master Register!BU910"
"2026-08-24 14:36","J. Krasnoff-Hnatjuk","PHW-BS-0045","PHW-BS-0045","Unit Rate ($)","","20,507.00 per each","Master Register!BU911"
"2026-08-24 14:36","J. Krasnoff-Hnatjuk","PHW-BS-0046","PHW-BS-0046","Unit Rate ($)","","20,507.00 per each","Master Register!BU912"
"2026-08-24 14:36","J. Krasnoff-Hnatjuk","PWG-TS-0001","PWG-TS-0001","Unit Rate ($)","","1,112.50 per each","Master Register!BU918"
"2026-08-24 14:36","J. Krasnoff-Hnatjuk","PWG-BS-0001","PWG-BS-0001","Unit Rate ($)","","20,507.00 per each","Master Register!BU921"
"2026-08-24 14:36","J. Krasnoff-Hnatjuk","PWG-TS-0002","PWG-TS-0002","Unit Rate ($)","","1,112.50 per each","Master Register!BU923"
"2026-08-24 14:36","J. Krasnoff-Hnatjuk","PWG-TS-0003","PWG-TS-0003","Unit Rate ($)","","1,112.50 per each","Master Register!BU956"
"2026-08-24 14:36","J. Krasnoff-Hnatjuk","PWG-TS-0004","PWG-TS-0004","Unit Rate ($)","","1,112.50 per each","Master Register!BU986"
"2026-08-24 14:36","J. Krasnoff-Hnatjuk","PWG-TS-0005","PWG-TS-0005","Unit Rate ($)","","1,112.50 per each","Master Register!BU987"
"2026-08-24 14:36","J. Krasnoff-Hnatjuk","PWG-TS-0006","PWG-TS-0006","Unit Rate ($)","","1,112.50 per each","Master Register!BU1049"
"2026-08-24 14:36","J. Krasnoff-Hnatjuk","PWG-TS-0007","PWG-TS-0007","Unit Rate ($)","","1,112.50 per each","Master Register!BU1055"
"2026-08-24 14:36","J. Krasnoff-Hnatjuk","PWG-TS-0008","PWG-TS-0008","Unit Rate ($)","","1,112.50 per each","Master Register!BU1164"
"2026-08-24 14:36","J. Krasnoff-Hnatjuk","PWG-TS-0009","PWG-TS-0009","Unit Rate ($)","","1,112.50 per each","Master Register!BU1165"
"2026-08-24 14:36","J. Krasnoff-Hnatjuk","PWG-TS-0010","PWG-TS-0010","Unit Rate ($)","","1,112.50 per each","Master Register!BU1177"
"2026-08-24 14:36","J. Krasnoff-Hnatjuk","PWG-TS-0011","PWG-TS-0011","Unit Rate ($)","","1,112.50 per each","Master Register!BU1178"
"2026-08-24 14:36","J. Krasnoff-Hnatjuk","PWG-TS-0012","PWG-TS-0012","Unit Rate ($)","","1,112.50 per each","Master Register!BU1179"
"2026-08-24 14:36","J. Krasnoff-Hnatjuk","PWG-TS-0013","PWG-TS-0013","Unit Rate ($)","","1,112.50 per each","Master Register!BU1187"
"2026-08-24 14:36","J. Krasnoff-Hnatjuk","PWG-TS-0014","PWG-TS-0014","Unit Rate ($)","","1,112.50 per each","Master Register!BU1188"
"2026-08-24 14:36","J. Krasnoff-Hnatjuk","PWG-TS-0015","PWG-TS-0015","Unit Rate ($)","","1,112.50 per each","Master Register!BU1189"
"2026-08-24 14:36","J. Krasnoff-Hnatjuk","PWG-TS-0016","PWG-TS-0016","Unit Rate ($)","","1,112.50 per each","Master Register!BU1200"
"2026-08-24 14:36","J. Krasnoff-Hnatjuk","PWG-TS-0017","PWG-TS-0017","Unit Rate ($)","","1,112.50 per each","Master Register!BU1201"
"2026-08-24 14:36","J. Krasnoff-Hnatjuk","PWG-TS-0018","PWG-TS-0018","Unit Rate ($)","","1,112.50 per each","Master Register!BU1202"
"2026-08-24 14:36","J. Krasnoff-Hnatjuk","PWG-TS-0019","PWG-TS-0019","Unit Rate ($)","","1,112.50 per each","Master Register!BU1204"
"2026-08-24 14:36","J. Krasnoff-Hnatjuk","PWG-TS-0020","PWG-TS-0020","Unit Rate ($)","","1,112.50 per each","Master Register!BU1205"
"2026-08-24 14:36","J. Krasnoff-Hnatjuk","PWG-TS-0021","PWG-TS-0021","Unit Rate ($)","","1,112.50 per each","Master Register!BU1206"
"2026-08-24 14:36","J. Krasnoff-Hnatjuk","PWG-TS-0022","PWG-TS-0022","Unit Rate ($)","","1,112.50 per each","Master Register!BU1246"
"2026-08-24 14:36","J. Krasnoff-Hnatjuk","PWG-TS-0023","PWG-TS-0023","Unit Rate ($)","","1,112.50 per each","Master Register!BU1248"
"2026-08-24 14:36","J. Krasnoff-Hnatjuk","PWG-TS-0024","PWG-TS-0024","Unit Rate ($)","","1,112.50 per each","Master Register!BU1249"
"2026-08-24 14:36","J. Krasnoff-Hnatjuk","PWG-TS-0025","PWG-TS-0025","Unit Rate ($)","","1,112.50 per each","Master Register!BU1270"
"2026-08-24 14:36","J. Krasnoff-Hnatjuk","PWG-TS-0026","PWG-TS-0026","Unit Rate ($)","","1,112.50 per each","Master Register!BU1271"
"2026-08-24 14:36","J. Krasnoff-Hnatjuk","PWG-TS-0027","PWG-TS-0027","Unit Rate ($)","","1,112.50 per each","Master Register!BU1280"
"2026-08-24 14:36","J. Krasnoff-Hnatjuk","PWG-TS-0028","PWG-TS-0028","Unit Rate ($)","","1,112.50 per each","Master Register!BU1281"
"2026-08-24 14:36","J. Krasnoff-Hnatjuk","PWG-TS-0029","PWG-TS-0029","Unit Rate ($)","","1,112.50 per each","Master Register!BU1282"
"2026-08-24 14:36","J. Krasnoff-Hnatjuk","PWG-TS-0030","PWG-TS-0030","Unit Rate ($)","","1,112.50 per each","Master Register!BU1283"
"2026-08-24 14:36","J. Krasnoff-Hnatjuk","PWG-TS-0031","PWG-TS-0031","Unit Rate ($)","","1,112.50 per each","Master Register!BU1284"
"2026-08-24 14:36","J. Krasnoff-Hnatjuk","PWG-TS-0032","PWG-TS-0032","Unit Rate ($)","","1,112.50 per each","Master Register!BU1337"
"2026-08-24 14:36","J. Krasnoff-Hnatjuk","PWG-TS-0033","PWG-TS-0033","Unit Rate ($)","","1,112.50 per each","Master Register!BU1396"
"2026-08-24 14:36","J. Krasnoff-Hnatjuk","PWG-TS-0034","PWG-TS-0034","Unit Rate ($)","","1,112.50 per each","Master Register!BU1397"
"2026-08-24 14:36","J. Krasnoff-Hnatjuk","PWG-TS-0035","PWG-TS-0035","Unit Rate ($)","","1,112.50 per each","Master Register!BU1399"
"2026-08-24 14:36","J. Krasnoff-Hnatjuk","PWG-TS-0036","PWG-TS-0036","Unit Rate ($)","","1,112.50 per each","Master Register!BU1400"
"2026-08-24 14:36","J. Krasnoff-Hnatjuk","(control)","","Current revision","Rev 3","Rev 4","Document Control!C10"
"27/08/2026 08:47","Jerry","PHW-TT-0001","","Trench Complete (m)","","327.039","Cost Tracker - Linear!K9"
"27/08/2026 08:47","Jerry","PHW-TT-0001","","Pipe Laid (m)","","150","Cost Tracker - Linear!Q9"
"27/08/2026 08:47","Jerry","PHW-TT-0001","","Pipe Type","","DICL","Cost Tracker - Linear!N9"
"27/08/2026 08:47","Jerry","PHW-TT-0001","","As At Date","","46261","Cost Tracker - Linear!X9"
"27/08/2026 08:47","Jerry","PHW-TT-0001","","Updated By","","Jerry","Cost Tracker - Linear!Y9"
"27/08/2026 08:47","Jerry","PHW-TT-0002","","Trench Complete (m)","","77.823","Cost Tracker - Linear!K10"
"27/08/2026 08:47","Jerry","PHW-TT-0002","","As At Date","","46261","Cost Tracker - Linear!X10"
"27/08/2026 08:47","Jerry","PHW-TT-0002","","Updated By","","Jerry","Cost Tracker - Linear!Y10"
"27/08/2026 08:47","Jerry","PHW-TT-0003","","Trench Complete (m)","","0.1379999999999768","Cost Tracker - Linear!K11"
"27/08/2026 08:47","Jerry","PHW-TT-0003","","As At Date","","46261","Cost Tracker - Linear!X11"
"27/08/2026 08:47","Jerry","PHW-TT-0003","","Updated By","","Jerry","Cost Tracker - Linear!Y11"
"27/08/2026 08:47","Jerry","PHW-VG-0001","","Complete","","Yes","Master Register!BR3"
"27/08/2026 08:47","Jerry","PHW-VG-0001","","Completion Date","","46261","Master Register!BS3"
"27/08/2026 08:47","Jerry","PHW-TB-001","","Complete","","Yes","Master Register!BR5"
"27/08/2026 08:47","Jerry","PHW-TB-001","","Completion Date","","46261","Master Register!BS5"
"27/08/2026 08:47","Jerry","PHW-VG-0002","","Complete","","Yes","Master Register!BR8"
"27/08/2026 08:47","Jerry","PHW-VG-0002","","Completion Date","","46261","Master Register!BS8"
"27/08/2026 08:47","Jerry","PHW-TS-0001","","Complete","","Yes","Master Register!BR9"
"27/08/2026 08:47","Jerry","PHW-TS-0001","","Completion Date","","46261","Master Register!BS9"
"27/08/2026 08:47","Jerry","PHW-TS-0002","","Complete","","Yes","Master Register!BR10"
"27/08/2026 08:47","Jerry","PHW-TS-0002","","Completion Date","","46261","Master Register!BS10"
"27/08/2026 08:47","Jerry","PHW-TS-0003","","Complete","","Yes","Master Register!BR11"
"27/08/2026 08:47","Jerry","PHW-TS-0003","","Completion Date","","46261","Master Register!BS11"
"27/08/2026 08:47","Jerry","PHW-TS-0004","","Complete","","Yes","Master Register!BR12"
"27/08/2026 08:47","Jerry","PHW-TS-0004","","Completion Date","","46261","Master Register!BS12"
"27/08/2026 08:47","Jerry","PHW-TS-0005","","Complete","","Yes","Master Register!BR13"
"27/08/2026 08:47","Jerry","PHW-TS-0005","","Completion Date","","46261","Master Register!BS13"
"27/08/2026 08:47","Jerry","PHW-TS-0006","","Complete","","Yes","Master Register!BR14"
"27/08/2026 08:47","Jerry","PHW-TS-0006","","Completion Date","","46261","Master Register!BS14"
"27/08/2026 08:47","Jerry","PHW-TS-0007","","Complete","","Yes","Master Register!BR15"
"27/08/2026 08:47","Jerry","PHW-TS-0007","","Completion Date","","46261","Master Register!BS15"
"27/08/2026 08:47","Jerry","PHW-VG-0003","","Complete","","Yes","Master Register!BR16"
"27/08/2026 08:47","Jerry","PHW-VG-0003","","Completion Date","","46261","Master Register!BS16"
"27/08/2026 08:47","Jerry","PHW-TS-0008","","Complete","","Yes","Master Register!BR17"
"27/08/2026 08:47","Jerry","PHW-TS-0008","","Completion Date","","46261","Master Register!BS17"
"27/08/2026 08:47","Jerry","PHW-TS-0009","","Complete","","Yes","Master Register!BR18"
"27/08/2026 08:47","Jerry","PHW-TS-0009","","Completion Date","","46261","Master Register!BS18"
"27/08/2026 08:47","Jerry","PHW-TS-0010","","Complete","","Yes","Master Register!BR19"
"27/08/2026 08:47","Jerry","PHW-TS-0010","","Completion Date","","46261","Master Register!BS19"
"27/08/2026 08:47","Jerry","PHW-TS-0011","","Complete","","Yes","Master Register!BR20"
"27/08/2026 08:47","Jerry","PHW-TS-0011","","Completion Date","","46261","Master Register!BS20"
"27/08/2026 08:47","Jerry","PHW-TS-0012","","Complete","","Yes","Master Register!BR21"
"27/08/2026 08:47","Jerry","PHW-TS-0012","","Completion Date","","46261","Master Register!BS21"
"27/08/2026 08:47","Jerry","PHW-TS-0013","","Complete","","Yes","Master Register!BR22"
"27/08/2026 08:47","Jerry","PHW-TS-0013","","Completion Date","","46261","Master Register!BS22"
"27/08/2026 08:47","Jerry","PHW-TS-0014","","Complete","","Yes","Master Register!BR23"
"27/08/2026 08:47","Jerry","PHW-TS-0014","","Completion Date","","46261","Master Register!BS23"
"27/08/2026 08:47","Jerry","PHW-TS-0015","","Complete","","Yes","Master Register!BR24"
"27/08/2026 08:47","Jerry","PHW-TS-0015","","Completion Date","","46261","Master Register!BS24"
"27/08/2026 08:47","Jerry","PHW-TS-0016","","Complete","","Yes","Master Register!BR25"
"27/08/2026 08:47","Jerry","PHW-TS-0016","","Completion Date","","46261","Master Register!BS25"
"27/08/2026 08:47","Jerry","PHW-TS-0017","","Complete","","Yes","Master Register!BR26"
"27/08/2026 08:47","Jerry","PHW-TS-0017","","Completion Date","","46261","Master Register!BS26"
"27/08/2026 08:47","Jerry","PHW-TS-0018","","Complete","","Yes","Master Register!BR27"
"27/08/2026 08:47","Jerry","PHW-TS-0018","","Completion Date","","46261","Master Register!BS27"
"27/08/2026 08:47","Jerry","PHW-VG-0004","","Complete","","Yes","Master Register!BR30"
"27/08/2026 08:47","Jerry","PHW-VG-0004","","Completion Date","","46261","Master Register!BS30"
"27/08/2026 08:47","Jerry","PHW-VG-0005","","Complete","","Yes","Master Register!BR33"
"27/08/2026 08:47","Jerry","PHW-VG-0005","","Completion Date","","46261","Master Register!BS33"
"27/08/2026 08:48","Jerry","PHW-TT-0003","","Trench Complete (m)","0.1379999999999768","21.528","Cost Tracker - Linear!K11"
"27/08/2026 08:48","Jerry","PHW-TT-0004","","Trench Complete (m)","","78.61000000000001","Cost Tracker - Linear!K12"
"27/08/2026 08:48","Jerry","PHW-TT-0004","","As At Date","","46261","Cost Tracker - Linear!X12"
"27/08/2026 08:48","Jerry","PHW-TT-0004","","Updated By","","Jerry","Cost Tracker - Linear!Y12"
"27/08/2026 08:48","Jerry","PHW-TS-0019","","Complete","","Yes","Master Register!BR36"
"27/08/2026 08:48","Jerry","PHW-TS-0019","","Completion Date","","46261","Master Register!BS36"
"27/08/2026 08:48","Jerry","PHW-TS-0020","","Complete","","Yes","Master Register!BR38"
"27/08/2026 08:48","Jerry","PHW-TS-0020","","Completion Date","","46261","Master Register!BS38"
"27/08/2026 08:48","Jerry","PHW-TS-0021","","Complete","","Yes","Master Register!BR39"
"27/08/2026 08:48","Jerry","PHW-TS-0021","","Completion Date","","46261","Master Register!BS39"
"27/08/2026 08:48","Jerry","PHW-TS-0022","","Complete","","Yes","Master Register!BR40"
"27/08/2026 08:48","Jerry","PHW-TS-0022","","Completion Date","","46261","Master Register!BS40"
"27/08/2026 09:00","J. Krasnoff-Hnatjuk","PHW-TB-001","","Utility Description (thrust block type)","Type 7","Type 5","From thrust block index S-DWG-PTW-115/116/117/118 Rev 2/1, Issued for Construction"
"27/08/2026 09:00","J. Krasnoff-Hnatjuk","PHW-TB-003","","Utility Description (thrust block type)","Type 6","Type 7","From thrust block index S-DWG-PTW-115/116/117/118 Rev 2/1, Issued for Construction"
"27/08/2026 09:00","J. Krasnoff-Hnatjuk","PHW-TB-005","","Utility Description (thrust block type)","Type 3","Type 6","From thrust block index S-DWG-PTW-115/116/117/118 Rev 2/1, Issued for Construction"
"27/08/2026 09:00","J. Krasnoff-Hnatjuk","PHW-TB-007","","Utility Description (thrust block type)","Type 1","Type 3","From thrust block index S-DWG-PTW-115/116/117/118 Rev 2/1, Issued for Construction"
"27/08/2026 09:00","J. Krasnoff-Hnatjuk","PHW-TB-009","","Utility Description (thrust block type)","Type 8","Type 1","From thrust block index S-DWG-PTW-115/116/117/118 Rev 2/1, Issued for Construction"
"27/08/2026 09:00","J. Krasnoff-Hnatjuk","PHW-TB-010","","Utility Description (thrust block type)","Type 10","Type 8","From thrust block index S-DWG-PTW-115/116/117/118 Rev 2/1, Issued for Construction"
"27/08/2026 09:00","J. Krasnoff-Hnatjuk","PHW-TB-012","","Utility Description (thrust block type)","Type 1","Type 10","From thrust block index S-DWG-PTW-115/116/117/118 Rev 2/1, Issued for Construction"
"27/08/2026 09:00","J. Krasnoff-Hnatjuk","PHW-TB-013","","Utility Description (thrust block type)","Type 2","Type 1","From thrust block index S-DWG-PTW-115/116/117/118 Rev 2/1, Issued for Construction"
"27/08/2026 09:00","J. Krasnoff-Hnatjuk","PHW-TB-014","","Utility Description (thrust block type)","Type 3","Type 2","From thrust block index S-DWG-PTW-115/116/117/118 Rev 2/1, Issued for Construction"
"27/08/2026 09:00","J. Krasnoff-Hnatjuk","PHW-TB-016","","Utility Description (thrust block type)","Type 2","Type 3","From thrust block index S-DWG-PTW-115/116/117/118 Rev 2/1, Issued for Construction"
"27/08/2026 09:00","J. Krasnoff-Hnatjuk","PHW-TB-018","","Utility Description (thrust block type)","Type 6","Type 2","From thrust block index S-DWG-PTW-115/116/117/118 Rev 2/1, Issued for Construction"
"27/08/2026 09:00","J. Krasnoff-Hnatjuk","PHW-TB-019","","Utility Description (thrust block type)","Type 5","Type 6","From thrust block index S-DWG-PTW-115/116/117/118 Rev 2/1, Issued for Construction"
"27/08/2026 09:00","J. Krasnoff-Hnatjuk","PHW-TB-020","","Utility Description (thrust block type)","Type 4","Type 5","From thrust block index S-DWG-PTW-115/116/117/118 Rev 2/1, Issued for Construction"
"27/08/2026 09:00","J. Krasnoff-Hnatjuk","PHW-TB-021","","Utility Description (thrust block type)","Type 7","Type 4","From thrust block index S-DWG-PTW-115/116/117/118 Rev 2/1, Issued for Construction"
"27/08/2026 09:00","J. Krasnoff-Hnatjuk","PHW-TB-022","","Utility Description (thrust block type)","Type 4","Type 7","From thrust block index S-DWG-PTW-115/116/117/118 Rev 2/1, Issued for Construction"
"27/08/2026 09:00","J. Krasnoff-Hnatjuk","PHW-TB-023","","Utility Description (thrust block type)","Type 5","Type 4","From thrust block index S-DWG-PTW-115/116/117/118 Rev 2/1, Issued for Construction"
"27/08/2026 09:00","J. Krasnoff-Hnatjuk","PHW-TB-024","","Utility Description (thrust block type)","Type 6","Type 5","From thrust block index S-DWG-PTW-115/116/117/118 Rev 2/1, Issued for Construction"
"27/08/2026 09:00","J. Krasnoff-Hnatjuk","PHW-TB-025","","Utility Description (thrust block type)","Type 3","Type 6","From thrust block index S-DWG-PTW-115/116/117/118 Rev 2/1, Issued for Construction"
"27/08/2026 09:00","J. Krasnoff-Hnatjuk","PHW-TB-026","","Utility Description (thrust block type)","Type 4","Type 3","From thrust block index S-DWG-PTW-115/116/117/118 Rev 2/1, Issued for Construction"
"27/08/2026 09:00","J. Krasnoff-Hnatjuk","PHW-TB-027","","Utility Description (thrust block type)","Type 5","Type 4","From thrust block index S-DWG-PTW-115/116/117/118 Rev 2/1, Issued for Construction"
"27/08/2026 09:00","J. Krasnoff-Hnatjuk","PHW-TB-028","","Utility Description (thrust block type)","Type 9","Type 5","From thrust block index S-DWG-PTW-115/116/117/118 Rev 2/1, Issued for Construction"
"27/08/2026 09:00","J. Krasnoff-Hnatjuk","PHW-TB-029","","Utility Description (thrust block type)","Type 5","Type 9","From thrust block index S-DWG-PTW-115/116/117/118 Rev 2/1, Issued for Construction"
"27/08/2026 09:00","J. Krasnoff-Hnatjuk","PHW-TB-030","","Utility Description (thrust block type)","Type 6","Type 5","From thrust block index S-DWG-PTW-115/116/117/118 Rev 2/1, Issued for Construction"
"27/08/2026 09:00","J. Krasnoff-Hnatjuk","PHW-TB-031","","Utility Description (thrust block type)","Type 7","Type 6","From thrust block index S-DWG-PTW-115/116/117/118 Rev 2/1, Issued for Construction"
"27/08/2026 09:00","J. Krasnoff-Hnatjuk","PHW-TB-032","","Utility Description (thrust block type)","Type 4","Type 7","From thrust block index S-DWG-PTW-115/116/117/118 Rev 2/1, Issued for Construction"
"27/08/2026 09:00","J. Krasnoff-Hnatjuk","PHW-TB-033","","Utility Description (thrust block type)","Type 9","Type 4","From thrust block index S-DWG-PTW-115/116/117/118 Rev 2/1, Issued for Construction"
"27/08/2026 09:00","J. Krasnoff-Hnatjuk","PHW-TB-034","","Utility Description (thrust block type)","Type 5","Type 9","From thrust block index S-DWG-PTW-115/116/117/118 Rev 2/1, Issued for Construction"
"27/08/2026 09:00","J. Krasnoff-Hnatjuk","PHW-TB-035","","Utility Description (thrust block type)","Type 7","Type 5","From thrust block index S-DWG-PTW-115/116/117/118 Rev 2/1, Issued for Construction"
"27/08/2026 09:00","J. Krasnoff-Hnatjuk","PHW-TB-036","","Utility Description (thrust block type)","Type 5","Type 7","From thrust block index S-DWG-PTW-115/116/117/118 Rev 2/1, Issued for Construction"
"27/08/2026 09:00","J. Krasnoff-Hnatjuk","PHW-TB-037","","Utility Description (thrust block type)","Type 7","Type 5","From thrust block index S-DWG-PTW-115/116/117/118 Rev 2/1, Issued for Construction"
"27/08/2026 09:00","J. Krasnoff-Hnatjuk","PHW-TB-038","","Utility Description (thrust block type)","Type 9","Type 7","From thrust block index S-DWG-PTW-115/116/117/118 Rev 2/1, Issued for Construction"
"27/08/2026 09:00","J. Krasnoff-Hnatjuk","PHW-TB-039","","Utility Description (thrust block type)","Type 7","Type 9","From thrust block index S-DWG-PTW-115/116/117/118 Rev 2/1, Issued for Construction"
"27/08/2026 09:00","J. Krasnoff-Hnatjuk","PHW-TB-040","","Utility Description (thrust block type)","Type 9","Type 7","From thrust block index S-DWG-PTW-115/116/117/118 Rev 2/1, Issued for Construction"
"27/08/2026 09:00","J. Krasnoff-Hnatjuk","PHW-TB-041","","Utility Description (thrust block type)","Type 7","Type 9","From thrust block index S-DWG-PTW-115/116/117/118 Rev 2/1, Issued for Construction"
"27/08/2026 09:00","J. Krasnoff-Hnatjuk","PHW-TB-042","","Utility Description (thrust block type)","Type 5","Type 7","From thrust block index S-DWG-PTW-115/116/117/118 Rev 2/1, Issued for Construction"
"27/08/2026 09:00","J. Krasnoff-Hnatjuk","PHW-TB-043","","Utility Description (thrust block type)","Type 7","Type 5","From thrust block index S-DWG-PTW-115/116/117/118 Rev 2/1, Issued for Construction"
"27/08/2026 09:00","J. Krasnoff-Hnatjuk","PHW-TB-046","","Utility Description (thrust block type)","Type 4","Type 7","From thrust block index S-DWG-PTW-115/116/117/118 Rev 2/1, Issued for Construction"
"27/08/2026 09:00","J. Krasnoff-Hnatjuk","PHW-TB-047","","Utility Description (thrust block type)","Type 7","Type 4","From thrust block index S-DWG-PTW-115/116/117/118 Rev 2/1, Issued for Construction"
"27/08/2026 09:00","J. Krasnoff-Hnatjuk","PHW-TB-048","","Utility Description (thrust block type)","Type 5","Type 7","From thrust block index S-DWG-PTW-115/116/117/118 Rev 2/1, Issued for Construction"
"27/08/2026 09:00","J. Krasnoff-Hnatjuk","PHW-TB-049","","Utility Description (thrust block type)","Type 7","Type 5","From thrust block index S-DWG-PTW-115/116/117/118 Rev 2/1, Issued for Construction"
"27/08/2026 09:00","J. Krasnoff-Hnatjuk","PHW-TB-050","","Utility Description (thrust block type)","Type 5","Type 7","From thrust block index S-DWG-PTW-115/116/117/118 Rev 2/1, Issued for Construction"
"27/08/2026 09:00","J. Krasnoff-Hnatjuk","PHW-TB-052","","Utility Description (thrust block type)","Type 7","Type 5","From thrust block index S-DWG-PTW-115/116/117/118 Rev 2/1, Issued for Construction"
"27/08/2026 09:00","J. Krasnoff-Hnatjuk","PHW-TB-054","","Utility Description (thrust block type)","Type 4","Type 7","From thrust block index S-DWG-PTW-115/116/117/118 Rev 2/1, Issued for Construction"
"27/08/2026 09:00","J. Krasnoff-Hnatjuk","PHW-TB-055","","Utility Description (thrust block type)","Type 10","Type 4","From thrust block index S-DWG-PTW-115/116/117/118 Rev 2/1, Issued for Construction"
"27/08/2026 09:00","J. Krasnoff-Hnatjuk","PHW-TB-056","","Utility Description (thrust block type)","Type 6","Type 10","From thrust block index S-DWG-PTW-115/116/117/118 Rev 2/1, Issued for Construction"
"27/08/2026 09:00","J. Krasnoff-Hnatjuk","PHW-TB-057","","Utility Description (thrust block type)","Type 4","Type 6","From thrust block index S-DWG-PTW-115/116/117/118 Rev 2/1, Issued for Construction"
"27/08/2026 09:00","J. Krasnoff-Hnatjuk","PHW-TB-060","","Utility Description (thrust block type)","Type 6","Type 4","From thrust block index S-DWG-PTW-115/116/117/118 Rev 2/1, Issued for Construction"
"27/08/2026 09:00","J. Krasnoff-Hnatjuk","PHW-TB-061","","Utility Description (thrust block type)","Type 4","Type 6","From thrust block index S-DWG-PTW-115/116/117/118 Rev 2/1, Issued for Construction"
"27/08/2026 09:00","J. Krasnoff-Hnatjuk","PHW-TB-062","","Utility Description (thrust block type)","Type 1","Type 4","From thrust block index S-DWG-PTW-115/116/117/118 Rev 2/1, Issued for Construction"
"27/08/2026 09:00","J. Krasnoff-Hnatjuk","PHW-TB-063","","Utility Description (thrust block type)","Type 3","Type 1","From thrust block index S-DWG-PTW-115/116/117/118 Rev 2/1, Issued for Construction"
"27/08/2026 09:00","J. Krasnoff-Hnatjuk","PHW-TB-064","","Utility Description (thrust block type)","Type 6","Type 3","From thrust block index S-DWG-PTW-115/116/117/118 Rev 2/1, Issued for Construction"
"27/08/2026 09:00","J. Krasnoff-Hnatjuk","PHW-TB-065","","Utility Description (thrust block type)","Type 4","Type 6","From thrust block index S-DWG-PTW-115/116/117/118 Rev 2/1, Issued for Construction"
"27/08/2026 09:00","J. Krasnoff-Hnatjuk","PHW-TB-068","","Utility Description (thrust block type)","Type 7","Type 4","From thrust block index S-DWG-PTW-115/116/117/118 Rev 2/1, Issued for Construction"
"27/08/2026 09:00","J. Krasnoff-Hnatjuk","PHW-TB-069","","Utility Description (thrust block type)","Type 1","Type 7","From thrust block index S-DWG-PTW-115/116/117/118 Rev 2/1, Issued for Construction"
"27/08/2026 09:00","J. Krasnoff-Hnatjuk","PHW-TB-071","","Utility Description (thrust block type)","Type 10","Type 1","From thrust block index S-DWG-PTW-115/116/117/118 Rev 2/1, Issued for Construction"
"27/08/2026 09:00","J. Krasnoff-Hnatjuk","PHW-TB-072","","Utility Description (thrust block type)","Type 1","Type 10","From thrust block index S-DWG-PTW-115/116/117/118 Rev 2/1, Issued for Construction"
"27/08/2026 09:00","J. Krasnoff-Hnatjuk","PHW-TB-074","","Utility Description (thrust block type)","Type 4","Type 1","From thrust block index S-DWG-PTW-115/116/117/118 Rev 2/1, Issued for Construction"
"27/08/2026 09:00","J. Krasnoff-Hnatjuk","PHW-TB-076","","Utility Description (thrust block type)","Type 11","Type 4","From thrust block index S-DWG-PTW-115/116/117/118 Rev 2/1, Issued for Construction"
"27/08/2026 09:00","J. Krasnoff-Hnatjuk","PWG-TB-001","","Utility Description (thrust block type)","Type 9","Type 11","From thrust block index S-DWG-PTW-115/116/117/118 Rev 2/1, Issued for Construction"
"27/08/2026 09:00","J. Krasnoff-Hnatjuk","PWG-TB-002","","Utility Description (thrust block type)","Type 5","Type 9","From thrust block index S-DWG-PTW-115/116/117/118 Rev 2/1, Issued for Construction"
"27/08/2026 09:00","J. Krasnoff-Hnatjuk","PWG-TB-003","","Utility Description (thrust block type)","Type 7","Type 5","From thrust block index S-DWG-PTW-115/116/117/118 Rev 2/1, Issued for Construction"
"27/08/2026 09:00","J. Krasnoff-Hnatjuk","PWG-TB-004","","Utility Description (thrust block type)","Type 6","Type 7","From thrust block index S-DWG-PTW-115/116/117/118 Rev 2/1, Issued for Construction"
"27/08/2026 09:00","J. Krasnoff-Hnatjuk","PWG-TB-006","","Utility Description (thrust block type)","Type 7","Type 6","From thrust block index S-DWG-PTW-115/116/117/118 Rev 2/1, Issued for Construction"
"27/08/2026 09:00","J. Krasnoff-Hnatjuk","PWG-TB-009","","Utility Description (thrust block type)","Type 5","Type 7","From thrust block index S-DWG-PTW-115/116/117/118 Rev 2/1, Issued for Construction"
"27/08/2026 09:00","J. Krasnoff-Hnatjuk","PWG-TB-011","","Utility Description (thrust block type)","Type 7","Type 5","From thrust block index S-DWG-PTW-115/116/117/118 Rev 2/1, Issued for Construction"
"27/08/2026 09:00","J. Krasnoff-Hnatjuk","PWG-TB-013","","Utility Description (thrust block type)","Type 5","Type 7","From thrust block index S-DWG-PTW-115/116/117/118 Rev 2/1, Issued for Construction"
"27/08/2026 09:00","J. Krasnoff-Hnatjuk","PWG-TB-014","","Utility Description (thrust block type)","Type 6","Type 5","From thrust block index S-DWG-PTW-115/116/117/118 Rev 2/1, Issued for Construction"
"27/08/2026 09:00","J. Krasnoff-Hnatjuk","PWG-TB-016","","Utility Description (thrust block type)","Type 7","Type 6","From thrust block index S-DWG-PTW-115/116/117/118 Rev 2/1, Issued for Construction"
"27/08/2026 09:00","J. Krasnoff-Hnatjuk","PWG-TB-017","","Utility Description (thrust block type)","Type 9","Type 7","From thrust block index S-DWG-PTW-115/116/117/118 Rev 2/1, Issued for Construction"
"27/08/2026 09:00","J. Krasnoff-Hnatjuk","PWG-TB-018","","Utility Description (thrust block type)","Type 11","Type 9","From thrust block index S-DWG-PTW-115/116/117/118 Rev 2/1, Issued for Construction"
"27/08/2026 09:00","J. Krasnoff-Hnatjuk","PWG-TB-020","","Utility Description (thrust block type)","Type 7","Type 11","From thrust block index S-DWG-PTW-115/116/117/118 Rev 2/1, Issued for Construction"
"27/08/2026 09:00","J. Krasnoff-Hnatjuk","PWG-TB-022","","Utility Description (thrust block type)","Type 6","Type 7","From thrust block index S-DWG-PTW-115/116/117/118 Rev 2/1, Issued for Construction"
"2026-08-28 09:00","J. Krasnoff-Hnatjuk","(schema)","","new column","","Bend Rate Class","Master Register!CJ1"
"2026-08-28 09:00","J. Krasnoff-Hnatjuk","(schema)","","new column","","Completion Driver","Master Register!CK1"
"2026-08-28 09:00","J. Krasnoff-Hnatjuk","(schema)","","new column","","Front Chainage (m)","Master Register!CL1"
"2026-08-28 09:00","J. Krasnoff-Hnatjuk","(schema)","","new column","","Auto Complete","Master Register!CM1"
"2026-08-28 09:00","J. Krasnoff-Hnatjuk","(schema)","","new column","","Auto Complete As At","Master Register!CN1"
"2026-08-28 09:00","J. Krasnoff-Hnatjuk","(schema)","","new sheet","","Progress Control","Progress Control"
"2026-08-28 09:00","J. Krasnoff-Hnatjuk","(schema)","","new sheet","","Cost Tracker - Pipe","Cost Tracker - Pipe"
"2026-08-28 09:00","J. Krasnoff-Hnatjuk","(schema)","","new rate table","","Rate Library Table 5 — Bends (10 lines)","Rate Library!B170"
"2026-08-28 09:00","J. Krasnoff-Hnatjuk","(schema)","","new rate table","","Rate Library Table 6 — Valves (20 lines)","Rate Library!B190"
"2026-08-28 09:00","J. Krasnoff-Hnatjuk","(schema)","","new column","","Trench Front (m)","Cost Tracker - Linear!AB8"
"2026-08-28 09:00","J. Krasnoff-Hnatjuk","(fix)","","lookup range","Master Register rows 2:1638","Master Register rows 2:2600","Cost Tracker - Linear, Cost Dashboard, Thrust Block Costing — 2,973 formulas"
"2026-08-28 09:00","J. Krasnoff-Hnatjuk","(fix)","","lookup range","Master Register rows 2:1451","Master Register rows 2:2600","Master Register!K — Drawing (Start), 690 array formulas, cleared 223 no-match errors"
"2026-08-28 09:00","J. Krasnoff-Hnatjuk","PHW-BND-001","","Fitting Material","","DICL","Master Register!CA7 — derived from bend angle, rule on Rate Library Table 5"
"2026-08-28 09:00","J. Krasnoff-Hnatjuk","PHW-BND-001","","Fitting DN (mm)","","600","Master Register!CB7 — derived from pipeline section and material"
"2026-08-28 09:00","J. Krasnoff-Hnatjuk","PHW-BND-001","","Unit Rate ($) / Quantity / Unit","","formula reading Rate Library Table 5","Master Register!BU7:BW7"
"2026-08-28 09:00","J. Krasnoff-Hnatjuk","PHW-AV-001","","Unit Rate ($) / Quantity / Unit","","formula reading Rate Library Table 6","Master Register!BU12:BW12"
"2026-08-28 09:00","J. Krasnoff-Hnatjuk","PHW-IV-001","","Unit Rate ($) / Quantity / Unit","","formula reading Rate Library Table 6","Master Register!BU109:BW109"
"2026-08-28 09:00","J. Krasnoff-Hnatjuk","PHW-BND-002","","Fitting Material","","DICL","Master Register!CA112 — derived from bend angle, rule on Rate Library Table 5"
"2026-08-28 09:00","J. Krasnoff-Hnatjuk","PHW-BND-002","","Fitting DN (mm)","","600","Master Register!CB112 — derived from pipeline section and material"
"2026-08-28 09:00","J. Krasnoff-Hnatjuk","PHW-BND-002","","Unit Rate ($) / Quantity / Unit","","formula reading Rate Library Table 5","Master Register!BU112:BW112"
"2026-08-28 09:00","J. Krasnoff-Hnatjuk","PHW-AV-002","","Unit Rate ($) / Quantity / Unit","","formula reading Rate Library Table 6","Master Register!BU113:BW113"
"2026-08-28 09:00","J. Krasnoff-Hnatjuk","PHW-BND-003","","Fitting Material","","DICL","Master Register!CA178 — derived from bend angle, rule on Rate Library Table 5"
"2026-08-28 09:00","J. Krasnoff-Hnatjuk","PHW-BND-003","","Fitting DN (mm)","","600","Master Register!CB178 — derived from pipeline section and material"
"2026-08-28 09:00","J. Krasnoff-Hnatjuk","PHW-BND-003","","Unit Rate ($) / Quantity / Unit","","formula reading Rate Library Table 5","Master Register!BU178:BW178"
"2026-08-28 09:00","J. Krasnoff-Hnatjuk","PHW-BND-004","","Fitting Material","","DICL","Master Register!CA211 — derived from bend angle, rule on Rate Library Table 5"
"2026-08-28 09:00","J. Krasnoff-Hnatjuk","PHW-BND-004","","Fitting DN (mm)","","600","Master Register!CB211 — derived from pipeline section and material"
"2026-08-28 09:00","J. Krasnoff-Hnatjuk","PHW-BND-004","","Unit Rate ($) / Quantity / Unit","","formula reading Rate Library Table 5","Master Register!BU211:BW211"
"2026-08-28 09:00","J. Krasnoff-Hnatjuk","PHW-SCV-001","","Unit Rate ($) / Quantity / Unit","","formula reading Rate Library Table 6","Master Register!BU213:BW213"
"2026-08-28 09:00","J. Krasnoff-Hnatjuk","PHW-BND-005","","Fitting Material","","DICL","Master Register!CA215 — derived from bend angle, rule on Rate Library Table 5"
"2026-08-28 09:00","J. Krasnoff-Hnatjuk","PHW-BND-005","","Fitting DN (mm)","","600","Master Register!CB215 — derived from pipeline section and material"
"2026-08-28 09:00","J. Krasnoff-Hnatjuk","PHW-BND-005","","Unit Rate ($) / Quantity / Unit","","formula reading Rate Library Table 5","Master Register!BU215:BW215"
"2026-08-28 09:00","J. Krasnoff-Hnatjuk","PHW-AV-003","","Unit Rate ($) / Quantity / Unit","","formula reading Rate Library Table 6","Master Register!BU225:BW225"
"2026-08-28 09:00","J. Krasnoff-Hnatjuk","PHW-BND-006","","Fitting Material","","DICL","Master Register!CA227 — derived from bend angle, rule on Rate Library Table 5"
"2026-08-28 09:00","J. Krasnoff-Hnatjuk","PHW-BND-006","","Fitting DN (mm)","","600","Master Register!CB227 — derived from pipeline section and material"
"2026-08-28 09:00","J. Krasnoff-Hnatjuk","PHW-BND-006","","Unit Rate ($) / Quantity / Unit","","formula reading Rate Library Table 5","Master Register!BU227:BW227"
"2026-08-28 09:00","J. Krasnoff-Hnatjuk","PHW-BND-007","","Fitting Material","","DICL","Master Register!CA231 — derived from bend angle, rule on Rate Library Table 5"
"2026-08-28 09:00","J. Krasnoff-Hnatjuk","PHW-BND-007","","Fitting DN (mm)","","600","Master Register!CB231 — derived from pipeline section and material"
"2026-08-28 09:00","J. Krasnoff-Hnatjuk","PHW-BND-007","","Unit Rate ($) / Quantity / Unit","","formula reading Rate Library Table 5","Master Register!BU231:BW231"
"2026-08-28 09:00","J. Krasnoff-Hnatjuk","PHW-BND-008","","Fitting Material","","DICL","Master Register!CA264 — derived from bend angle, rule on Rate Library Table 5"
"2026-08-28 09:00","J. Krasnoff-Hnatjuk","PHW-BND-008","","Fitting DN (mm)","","600","Master Register!CB264 — derived from pipeline section and material"
"2026-08-28 09:00","J. Krasnoff-Hnatjuk","PHW-BND-008","","Unit Rate ($) / Quantity / Unit","","formula reading Rate Library Table 5","Master Register!BU264:BW264"
"2026-08-28 09:00","J. Krasnoff-Hnatjuk","PHW-SCV-002","","Unit Rate ($) / Quantity / Unit","","formula reading Rate Library Table 6","Master Register!BU268:BW268"
"2026-08-28 09:00","J. Krasnoff-Hnatjuk","PHW-AV-004","","Unit Rate ($) / Quantity / Unit","","formula reading Rate Library Table 6","Master Register!BU269:BW269"
"2026-08-28 09:00","J. Krasnoff-Hnatjuk","PHW-BND-009","","Fitting Material","","MSCL","Master Register!CA272 — derived from bend angle, rule on Rate Library Table 5"
"2026-08-28 09:00","J. Krasnoff-Hnatjuk","PHW-BND-009","","Fitting DN (mm)","","650","Master Register!CB272 — derived from pipeline section and material"
"2026-08-28 09:00","J. Krasnoff-Hnatjuk","PHW-BND-009","","Unit Rate ($) / Quantity / Unit","","formula reading Rate Library Table 5","Master Register!BU272:BW272"
"2026-08-28 09:00","J. Krasnoff-Hnatjuk","PHW-BND-010","","Fitting Material","","MSCL","Master Register!CA277 — derived from bend angle, rule on Rate Library Table 5"
"2026-08-28 09:00","J. Krasnoff-Hnatjuk","PHW-BND-010","","Fitting DN (mm)","","650","Master Register!CB277 — derived from pipeline section and material"
"2026-08-28 09:00","J. Krasnoff-Hnatjuk","PHW-BND-010","","Unit Rate ($) / Quantity / Unit","","formula reading Rate Library Table 5","Master Register!BU277:BW277"
"2026-08-28 09:00","J. Krasnoff-Hnatjuk","PHW-BND-011","","Fitting Material","","MSCL","Master Register!CA278 — derived from bend angle, rule on Rate Library Table 5"
"2026-08-28 09:00","J. Krasnoff-Hnatjuk","PHW-BND-011","","Fitting DN (mm)","","650","Master Register!CB278 — derived from pipeline section and material"
"2026-08-28 09:00","J. Krasnoff-Hnatjuk","PHW-BND-011","","Unit Rate ($) / Quantity / Unit","","formula reading Rate Library Table 5","Master Register!BU278:BW278"
"2026-08-28 09:00","J. Krasnoff-Hnatjuk","PHW-BND-012","","Fitting Material","","DICL","Master Register!CA287 — derived from bend angle, rule on Rate Library Table 5"
"2026-08-28 09:00","J. Krasnoff-Hnatjuk","PHW-BND-012","","Fitting DN (mm)","","600","Master Register!CB287 — derived from pipeline section and material"
"2026-08-28 09:00","J. Krasnoff-Hnatjuk","PHW-BND-012","","Unit Rate ($) / Quantity / Unit","","formula reading Rate Library Table 5","Master Register!BU287:BW287"
"2026-08-28 09:00","J. Krasnoff-Hnatjuk","PHW-AV-005","","Unit Rate ($) / Quantity / Unit","","formula reading Rate Library Table 6","Master Register!BU288:BW288"
"2026-08-28 09:00","J. Krasnoff-Hnatjuk","PHW-BND-013","","Fitting Material","","DICL","Master Register!CA296 — derived from bend angle, rule on Rate Library Table 5"
"2026-08-28 09:00","J. Krasnoff-Hnatjuk","PHW-BND-013","","Fitting DN (mm)","","600","Master Register!CB296 — derived from pipeline section and material"
"2026-08-28 09:00","J. Krasnoff-Hnatjuk","PHW-BND-013","","Unit Rate ($) / Quantity / Unit","","formula reading Rate Library Table 5","Master Register!BU296:BW296"
"2026-08-28 09:00","J. Krasnoff-Hnatjuk","PHW-BND-014","","Fitting Material","","DICL","Master Register!CA298 — derived from bend angle, rule on Rate Library Table 5"
"2026-08-28 09:00","J. Krasnoff-Hnatjuk","PHW-BND-014","","Fitting DN (mm)","","600","Master Register!CB298 — derived from pipeline section and material"
"2026-08-28 09:00","J. Krasnoff-Hnatjuk","PHW-BND-014","","Unit Rate ($) / Quantity / Unit","","formula reading Rate Library Table 5","Master Register!BU298:BW298"
"2026-08-28 09:00","J. Krasnoff-Hnatjuk","PHW-IV-002","","Unit Rate ($) / Quantity / Unit","","formula reading Rate Library Table 6","Master Register!BU302:BW302"
"2026-08-28 09:00","J. Krasnoff-Hnatjuk","PHW-AV-006","","Unit Rate ($) / Quantity / Unit","","formula reading Rate Library Table 6","Master Register!BU303:BW303"
"2026-08-28 09:00","J. Krasnoff-Hnatjuk","PHW-BND-015","","Fitting Material","","DICL","Master Register!CA306 — derived from bend angle, rule on Rate Library Table 5"
"2026-08-28 09:00","J. Krasnoff-Hnatjuk","PHW-BND-015","","Fitting DN (mm)","","600","Master Register!CB306 — derived from pipeline section and material"
"2026-08-28 09:00","J. Krasnoff-Hnatjuk","PHW-BND-015","","Unit Rate ($) / Quantity / Unit","","formula reading Rate Library Table 5","Master Register!BU306:BW306"
"2026-08-28 09:00","J. Krasnoff-Hnatjuk","PHW-BND-016","","Fitting Material","","MSCL","Master Register!CA310 — derived from bend angle, rule on Rate Library Table 5"
"2026-08-28 09:00","J. Krasnoff-Hnatjuk","PHW-BND-016","","Fitting DN (mm)","","650","Master Register!CB310 — derived from pipeline section and material"
"2026-08-28 09:00","J. Krasnoff-Hnatjuk","PHW-BND-016","","Unit Rate ($) / Quantity / Unit","","formula reading Rate Library Table 5","Master Register!BU310:BW310"
"2026-08-28 09:00","J. Krasnoff-Hnatjuk","PHW-BND-017","","Fitting Material","","MSCL","Master Register!CA321 — derived from bend angle, rule on Rate Library Table 5"
"2026-08-28 09:00","J. Krasnoff-Hnatjuk","PHW-BND-017","","Fitting DN (mm)","","650","Master Register!CB321 — derived from pipeline section and material"
"2026-08-28 09:00","J. Krasnoff-Hnatjuk","PHW-BND-017","","Unit Rate ($) / Quantity / Unit","","formula reading Rate Library Table 5","Master Register!BU321:BW321"
"2026-08-28 09:00","J. Krasnoff-Hnatjuk","PHW-IV-003","","Unit Rate ($) / Quantity / Unit","","formula reading Rate Library Table 6","Master Register!BU327:BW327"
"2026-08-28 09:00","J. Krasnoff-Hnatjuk","PHW-SCV-003","","Unit Rate ($) / Quantity / Unit","","formula reading Rate Library Table 6","Master Register!BU328:BW328"
"2026-08-28 09:00","J. Krasnoff-Hnatjuk","PHW-BND-018","","Fitting Material","","DICL","Master Register!CA349 — derived from bend angle, rule on Rate Library Table 5"
"2026-08-28 09:00","J. Krasnoff-Hnatjuk","PHW-BND-018","","Fitting DN (mm)","","600","Master Register!CB349 — derived from pipeline section and material"
"2026-08-28 09:00","J. Krasnoff-Hnatjuk","PHW-BND-018","","Unit Rate ($) / Quantity / Unit","","formula reading Rate Library Table 5","Master Register!BU349:BW349"
"2026-08-28 09:00","J. Krasnoff-Hnatjuk","PHW-BND-019","","Fitting Material","","MSCL","Master Register!CA372 — derived from bend angle, rule on Rate Library Table 5"
"2026-08-28 09:00","J. Krasnoff-Hnatjuk","PHW-BND-019","","Fitting DN (mm)","","650","Master Register!CB372 — derived from pipeline section and material"
"2026-08-28 09:00","J. Krasnoff-Hnatjuk","PHW-BND-019","","Unit Rate ($) / Quantity / Unit","","formula reading Rate Library Table 5","Master Register!BU372:BW372"
"2026-08-28 09:00","J. Krasnoff-Hnatjuk","PHW-BND-020","","Fitting Material","","DICL","Master Register!CA378 — derived from bend angle, rule on Rate Library Table 5"
"2026-08-28 09:00","J. Krasnoff-Hnatjuk","PHW-BND-020","","Fitting DN (mm)","","600","Master Register!CB378 — derived from pipeline section and material"
"2026-08-28 09:00","J. Krasnoff-Hnatjuk","PHW-BND-020","","Unit Rate ($) / Quantity / Unit","","formula reading Rate Library Table 5","Master Register!BU378:BW378"
"2026-08-28 09:00","J. Krasnoff-Hnatjuk","PHW-AV-007","","Unit Rate ($) / Quantity / Unit","","formula reading Rate Library Table 6","Master Register!BU384:BW384"
"2026-08-28 09:00","J. Krasnoff-Hnatjuk","PHW-BND-021","","Fitting Material","","DICL","Master Register!CA387 — derived from bend angle, rule on Rate Library Table 5"
"2026-08-28 09:00","J. Krasnoff-Hnatjuk","PHW-BND-021","","Fitting DN (mm)","","600","Master Register!CB387 — derived from pipeline section and material"
"2026-08-28 09:00","J. Krasnoff-Hnatjuk","PHW-BND-021","","Unit Rate ($) / Quantity / Unit","","formula reading Rate Library Table 5","Master Register!BU387:BW387"
"2026-08-28 09:00","J. Krasnoff-Hnatjuk","PHW-BND-022","","Fitting Material","","DICL","Master Register!CA389 — derived from bend angle, rule on Rate Library Table 5"
"2026-08-28 09:00","J. Krasnoff-Hnatjuk","PHW-BND-022","","Fitting DN (mm)","","600","Master Register!CB389 — derived from pipeline section and material"
"2026-08-28 09:00","J. Krasnoff-Hnatjuk","PHW-BND-022","","Unit Rate ($) / Quantity / Unit","","formula reading Rate Library Table 5","Master Register!BU389:BW389"
"2026-08-28 09:00","J. Krasnoff-Hnatjuk","PHW-SCV-004","","Unit Rate ($) / Quantity / Unit","","formula reading Rate Library Table 6","Master Register!BU391:BW391"
"2026-08-28 09:00","J. Krasnoff-Hnatjuk","PHW-BND-023","","Fitting Material","","MSCL","Master Register!CA401 — derived from bend angle, rule on Rate Library Table 5"
"2026-08-28 09:00","J. Krasnoff-Hnatjuk","PHW-BND-023","","Fitting DN (mm)","","650","Master Register!CB401 — derived from pipeline section and material"
"2026-08-28 09:00","J. Krasnoff-Hnatjuk","PHW-BND-023","","Unit Rate ($) / Quantity / Unit","","formula reading Rate Library Table 5","Master Register!BU401:BW401"
"2026-08-28 09:00","J. Krasnoff-Hnatjuk","PHW-AV-008","","Unit Rate ($) / Quantity / Unit","","formula reading Rate Library Table 6","Master Register!BU403:BW403"
"2026-08-28 09:00","J. Krasnoff-Hnatjuk","PHW-BND-024","","Fitting Material","","DICL","Master Register!CA412 — derived from bend angle, rule on Rate Library Table 5"
"2026-08-28 09:00","J. Krasnoff-Hnatjuk","PHW-BND-024","","Fitting DN (mm)","","600","Master Register!CB412 — derived from pipeline section and material"
"2026-08-28 09:00","J. Krasnoff-Hnatjuk","PHW-BND-024","","Unit Rate ($) / Quantity / Unit","","formula reading Rate Library Table 5","Master Register!BU412:BW412"
"2026-08-28 09:00","J. Krasnoff-Hnatjuk","PHW-BND-025","","Fitting Material","","DICL","Master Register!CA445 — derived from bend angle, rule on Rate Library Table 5"
"2026-08-28 09:00","J. Krasnoff-Hnatjuk","PHW-BND-025","","Fitting DN (mm)","","600","Master Register!CB445 — derived from pipeline section and material"
"2026-08-28 09:00","J. Krasnoff-Hnatjuk","PHW-BND-025","","Unit Rate ($) / Quantity / Unit","","formula reading Rate Library Table 5","Master Register!BU445:BW445"
"2026-08-28 09:00","J. Krasnoff-Hnatjuk","PHW-BND-026","","Fitting Material","","MSCL","Master Register!CA453 — derived from bend angle, rule on Rate Library Table 5"
"2026-08-28 09:00","J. Krasnoff-Hnatjuk","PHW-BND-026","","Fitting DN (mm)","","650","Master Register!CB453 — derived from pipeline section and material"
"2026-08-28 09:00","J. Krasnoff-Hnatjuk","PHW-BND-026","","Unit Rate ($) / Quantity / Unit","","formula reading Rate Library Table 5","Master Register!BU453:BW453"
"2026-08-28 09:00","J. Krasnoff-Hnatjuk","PHW-BND-027","","Fitting Material","","DICL","Master Register!CA464 — derived from bend angle, rule on Rate Library Table 5"
"2026-08-28 09:00","J. Krasnoff-Hnatjuk","PHW-BND-027","","Fitting DN (mm)","","600","Master Register!CB464 — derived from pipeline section and material"
"2026-08-28 09:00","J. Krasnoff-Hnatjuk","PHW-BND-027","","Unit Rate ($) / Quantity / Unit","","formula reading Rate Library Table 5","Master Register!BU464:BW464"
"2026-08-28 09:00","J. Krasnoff-Hnatjuk","PHW-SCV-005","","Unit Rate ($) / Quantity / Unit","","formula reading Rate Library Table 6","Master Register!BU465:BW465"
"2026-08-28 09:00","J. Krasnoff-Hnatjuk","PHW-AV-009","","Unit Rate ($) / Quantity / Unit","","formula reading Rate Library Table 6","Master Register!BU469:BW469"
"2026-08-28 09:00","J. Krasnoff-Hnatjuk","PHW-BND-028","","Fitting Material","","DICL","Master Register!CA475 — derived from bend angle, rule on Rate Library Table 5"
"2026-08-28 09:00","J. Krasnoff-Hnatjuk","PHW-BND-028","","Fitting DN (mm)","","600","Master Register!CB475 — derived from pipeline section and material"
"2026-08-28 09:00","J. Krasnoff-Hnatjuk","PHW-BND-028","","Unit Rate ($) / Quantity / Unit","","formula reading Rate Library Table 5","Master Register!BU475:BW475"
"2026-08-28 09:00","J. Krasnoff-Hnatjuk","PHW-BND-029","","Fitting Material","","DICL","Master Register!CA479 — derived from bend angle, rule on Rate Library Table 5"
"2026-08-28 09:00","J. Krasnoff-Hnatjuk","PHW-BND-029","","Fitting DN (mm)","","600","Master Register!CB479 — derived from pipeline section and material"
"2026-08-28 09:00","J. Krasnoff-Hnatjuk","PHW-BND-029","","Unit Rate ($) / Quantity / Unit","","formula reading Rate Library Table 5","Master Register!BU479:BW479"
"2026-08-28 09:00","J. Krasnoff-Hnatjuk","PHW-BND-030","","Fitting Material","","DICL","Master Register!CA484 — derived from bend angle, rule on Rate Library Table 5"
"2026-08-28 09:00","J. Krasnoff-Hnatjuk","PHW-BND-030","","Fitting DN (mm)","","600","Master Register!CB484 — derived from pipeline section and material"
"2026-08-28 09:00","J. Krasnoff-Hnatjuk","PHW-BND-030","","Unit Rate ($) / Quantity / Unit","","formula reading Rate Library Table 5","Master Register!BU484:BW484"
"2026-08-28 09:00","J. Krasnoff-Hnatjuk","PHW-AV-010","","Unit Rate ($) / Quantity / Unit","","formula reading Rate Library Table 6","Master Register!BU496:BW496"
"2026-08-28 09:00","J. Krasnoff-Hnatjuk","PHW-BND-031","","Fitting Material","","DICL","Master Register!CA498 — derived from bend angle, rule on Rate Library Table 5"
"2026-08-28 09:00","J. Krasnoff-Hnatjuk","PHW-BND-031","","Fitting DN (mm)","","600","Master Register!CB498 — derived from pipeline section and material"
"2026-08-28 09:00","J. Krasnoff-Hnatjuk","PHW-BND-031","","Unit Rate ($) / Quantity / Unit","","formula reading Rate Library Table 5","Master Register!BU498:BW498"
"2026-08-28 09:00","J. Krasnoff-Hnatjuk","PHW-BND-032","","Fitting Material","","DICL","Master Register!CA506 — derived from bend angle, rule on Rate Library Table 5"
"2026-08-28 09:00","J. Krasnoff-Hnatjuk","PHW-BND-032","","Fitting DN (mm)","","600","Master Register!CB506 — derived from pipeline section and material"
"2026-08-28 09:00","J. Krasnoff-Hnatjuk","PHW-BND-032","","Unit Rate ($) / Quantity / Unit","","formula reading Rate Library Table 5","Master Register!BU506:BW506"
"2026-08-28 09:00","J. Krasnoff-Hnatjuk","PHW-BND-033","","Fitting Material","","DICL","Master Register!CA508 — derived from bend angle, rule on Rate Library Table 5"
"2026-08-28 09:00","J. Krasnoff-Hnatjuk","PHW-BND-033","","Fitting DN (mm)","","600","Master Register!CB508 — derived from pipeline section and material"
"2026-08-28 09:00","J. Krasnoff-Hnatjuk","PHW-BND-033","","Unit Rate ($) / Quantity / Unit","","formula reading Rate Library Table 5","Master Register!BU508:BW508"
"2026-08-28 09:00","J. Krasnoff-Hnatjuk","PHW-SCV-006","","Unit Rate ($) / Quantity / Unit","","formula reading Rate Library Table 6","Master Register!BU520:BW520"
"2026-08-28 09:00","J. Krasnoff-Hnatjuk","PHW-BND-034","","Fitting Material","","DICL","Master Register!CA521 — derived from bend angle, rule on Rate Library Table 5"
"2026-08-28 09:00","J. Krasnoff-Hnatjuk","PHW-BND-034","","Fitting DN (mm)","","600","Master Register!CB521 — derived from pipeline section and material"
"2026-08-28 09:00","J. Krasnoff-Hnatjuk","PHW-BND-034","","Unit Rate ($) / Quantity / Unit","","formula reading Rate Library Table 5","Master Register!BU521:BW521"
"2026-08-28 09:00","J. Krasnoff-Hnatjuk","PHW-AV-011","","Unit Rate ($) / Quantity / Unit","","formula reading Rate Library Table 6","Master Register!BU524:BW524"
"2026-08-28 09:00","J. Krasnoff-Hnatjuk","PHW-SCV-007","","Unit Rate ($) / Quantity / Unit","","formula reading Rate Library Table 6","Master Register!BU527:BW527"
"2026-08-28 09:00","J. Krasnoff-Hnatjuk","PHW-BND-035","","Fitting Material","","MSCL","Master Register!CA532 — derived from bend angle, rule on Rate Library Table 5"
"2026-08-28 09:00","J. Krasnoff-Hnatjuk","PHW-BND-035","","Fitting DN (mm)","","650","Master Register!CB532 — derived from pipeline section and material"
"2026-08-28 09:00","J. Krasnoff-Hnatjuk","PHW-BND-035","","Unit Rate ($) / Quantity / Unit","","formula reading Rate Library Table 5","Master Register!BU532:BW532"
"2026-08-28 09:00","J. Krasnoff-Hnatjuk","PHW-BND-036","","Fitting Material","","DICL","Master Register!CA541 — derived from bend angle, rule on Rate Library Table 5"
"2026-08-28 09:00","J. Krasnoff-Hnatjuk","PHW-BND-036","","Fitting DN (mm)","","600","Master Register!CB541 — derived from pipeline section and material"
"2026-08-28 09:00","J. Krasnoff-Hnatjuk","PHW-BND-036","","Unit Rate ($) / Quantity / Unit","","formula reading Rate Library Table 5","Master Register!BU541:BW541"
"2026-08-28 09:00","J. Krasnoff-Hnatjuk","PHW-AV-012","","Unit Rate ($) / Quantity / Unit","","formula reading Rate Library Table 6","Master Register!BU551:BW551"
"2026-08-28 09:00","J. Krasnoff-Hnatjuk","PHW-SCV -001","","Unit Rate ($) / Quantity / Unit","","formula reading Rate Library Table 6","Master Register!BU553:BW553"
"2026-08-28 09:00","J. Krasnoff-Hnatjuk","PHW-AV-013","","Unit Rate ($) / Quantity / Unit","","formula reading Rate Library Table 6","Master Register!BU564:BW564"
"2026-08-28 09:00","J. Krasnoff-Hnatjuk","PHW-BND-037","","Fitting Material","","DICL","Master Register!CA566 — derived from bend angle, rule on Rate Library Table 5"
"2026-08-28 09:00","J. Krasnoff-Hnatjuk","PHW-BND-037","","Fitting DN (mm)","","600","Master Register!CB566 — derived from pipeline section and material"
"2026-08-28 09:00","J. Krasnoff-Hnatjuk","PHW-BND-037","","Unit Rate ($) / Quantity / Unit","","formula reading Rate Library Table 5","Master Register!BU566:BW566"
"2026-08-28 09:00","J. Krasnoff-Hnatjuk","PHW-BND-038","","Fitting Material","","DICL","Master Register!CA573 — derived from bend angle, rule on Rate Library Table 5"
"2026-08-28 09:00","J. Krasnoff-Hnatjuk","PHW-BND-038","","Fitting DN (mm)","","600","Master Register!CB573 — derived from pipeline section and material"
"2026-08-28 09:00","J. Krasnoff-Hnatjuk","PHW-BND-038","","Unit Rate ($) / Quantity / Unit","","formula reading Rate Library Table 5","Master Register!BU573:BW573"
"2026-08-28 09:00","J. Krasnoff-Hnatjuk","PHW-BND-039","","Fitting Material","","DICL","Master Register!CA589 — derived from bend angle, rule on Rate Library Table 5"
"2026-08-28 09:00","J. Krasnoff-Hnatjuk","PHW-BND-039","","Fitting DN (mm)","","600","Master Register!CB589 — derived from pipeline section and material"
"2026-08-28 09:00","J. Krasnoff-Hnatjuk","PHW-BND-039","","Unit Rate ($) / Quantity / Unit","","formula reading Rate Library Table 5","Master Register!BU589:BW589"
"2026-08-28 09:00","J. Krasnoff-Hnatjuk","PHW-BND-040","","Fitting Material","","DICL","Master Register!CA602 — derived from bend angle, rule on Rate Library Table 5"
"2026-08-28 09:00","J. Krasnoff-Hnatjuk","PHW-BND-040","","Fitting DN (mm)","","600","Master Register!CB602 — derived from pipeline section and material"
"2026-08-28 09:00","J. Krasnoff-Hnatjuk","PHW-BND-040","","Unit Rate ($) / Quantity / Unit","","formula reading Rate Library Table 5","Master Register!BU602:BW602"
"2026-08-28 09:00","J. Krasnoff-Hnatjuk","PHW-BND-041","","Fitting Material","","DICL","Master Register!CA609 — derived from bend angle, rule on Rate Library Table 5"
"2026-08-28 09:00","J. Krasnoff-Hnatjuk","PHW-BND-041","","Fitting DN (mm)","","600","Master Register!CB609 — derived from pipeline section and material"
"2026-08-28 09:00","J. Krasnoff-Hnatjuk","PHW-BND-041","","Unit Rate ($) / Quantity / Unit","","formula reading Rate Library Table 5","Master Register!BU609:BW609"
"2026-08-28 09:00","J. Krasnoff-Hnatjuk","PHW-BND-042","","Fitting Material","","DICL","Master Register!CA635 — derived from bend angle, rule on Rate Library Table 5"
"2026-08-28 09:00","J. Krasnoff-Hnatjuk","PHW-BND-042","","Fitting DN (mm)","","600","Master Register!CB635 — derived from pipeline section and material"
"2026-08-28 09:00","J. Krasnoff-Hnatjuk","PHW-BND-042","","Unit Rate ($) / Quantity / Unit","","formula reading Rate Library Table 5","Master Register!BU635:BW635"
"2026-08-28 09:00","J. Krasnoff-Hnatjuk","PHW-BND-043","","Fitting Material","","DICL","Master Register!CA641 — derived from bend angle, rule on Rate Library Table 5"
"2026-08-28 09:00","J. Krasnoff-Hnatjuk","PHW-BND-043","","Fitting DN (mm)","","600","Master Register!CB641 — derived from pipeline section and material"
"2026-08-28 09:00","J. Krasnoff-Hnatjuk","PHW-BND-043","","Unit Rate ($) / Quantity / Unit","","formula reading Rate Library Table 5","Master Register!BU641:BW641"
"2026-08-28 09:00","J. Krasnoff-Hnatjuk","PHW-AV-014","","Unit Rate ($) / Quantity / Unit","","formula reading Rate Library Table 6","Master Register!BU655:BW655"
"2026-08-28 09:00","J. Krasnoff-Hnatjuk","PHW-AV-015","","Unit Rate ($) / Quantity / Unit","","formula reading Rate Library Table 6","Master Register!BU744:BW744"
"2026-08-28 09:00","J. Krasnoff-Hnatjuk","PHW-BND-044","","Fitting Material","","MSCL","Master Register!CA749 — derived from bend angle, rule on Rate Library Table 5"
"2026-08-28 09:00","J. Krasnoff-Hnatjuk","PHW-BND-044","","Fitting DN (mm)","","650","Master Register!CB749 — derived from pipeline section and material"
"2026-08-28 09:00","J. Krasnoff-Hnatjuk","PHW-BND-044","","Unit Rate ($) / Quantity / Unit","","formula reading Rate Library Table 5","Master Register!BU749:BW749"
"2026-08-28 09:00","J. Krasnoff-Hnatjuk","PHW-SCV-008","","Unit Rate ($) / Quantity / Unit","","formula reading Rate Library Table 6","Master Register!BU753:BW753"
"2026-08-28 09:00","J. Krasnoff-Hnatjuk","PHW-AV-016","","Unit Rate ($) / Quantity / Unit","","formula reading Rate Library Table 6","Master Register!BU757:BW757"
"2026-08-28 09:00","J. Krasnoff-Hnatjuk","PHW-IV-004","","Unit Rate ($) / Quantity / Unit","","formula reading Rate Library Table 6","Master Register!BU784:BW784"
"2026-08-28 09:00","J. Krasnoff-Hnatjuk","PHW-AV-017","","Unit Rate ($) / Quantity / Unit","","formula reading Rate Library Table 6","Master Register!BU788:BW788"
"2026-08-28 09:00","J. Krasnoff-Hnatjuk","PHW-BND-045","","Fitting Material","","DICL","Master Register!CA790 — derived from bend angle, rule on Rate Library Table 5"
"2026-08-28 09:00","J. Krasnoff-Hnatjuk","PHW-BND-045","","Fitting DN (mm)","","600","Master Register!CB790 — derived from pipeline section and material"
"2026-08-28 09:00","J. Krasnoff-Hnatjuk","PHW-BND-045","","Unit Rate ($) / Quantity / Unit","","formula reading Rate Library Table 5","Master Register!BU790:BW790"
"2026-08-28 09:00","J. Krasnoff-Hnatjuk","PHW-SCV-009","","Unit Rate ($) / Quantity / Unit","","formula reading Rate Library Table 6","Master Register!BU816:BW816"
"2026-08-28 09:00","J. Krasnoff-Hnatjuk","PHW-BND-046","","Fitting Material","","DICL","Master Register!CA827 — derived from bend angle, rule on Rate Library Table 5"
"2026-08-28 09:00","J. Krasnoff-Hnatjuk","PHW-BND-046","","Fitting DN (mm)","","600","Master Register!CB827 — derived from pipeline section and material"
"2026-08-28 09:00","J. Krasnoff-Hnatjuk","PHW-BND-046","","Unit Rate ($) / Quantity / Unit","","formula reading Rate Library Table 5","Master Register!BU827:BW827"
"2026-08-28 09:00","J. Krasnoff-Hnatjuk","PHW-BND-047","","Fitting Material","","DICL","Master Register!CA837 — derived from bend angle, rule on Rate Library Table 5"
"2026-08-28 09:00","J. Krasnoff-Hnatjuk","PHW-BND-047","","Fitting DN (mm)","","600","Master Register!CB837 — derived from pipeline section and material"
"2026-08-28 09:00","J. Krasnoff-Hnatjuk","PHW-BND-047","","Unit Rate ($) / Quantity / Unit","","formula reading Rate Library Table 5","Master Register!BU837:BW837"
"2026-08-28 09:00","J. Krasnoff-Hnatjuk","PHW-BND-048","","Fitting Material","","DICL","Master Register!CA839 — derived from bend angle, rule on Rate Library Table 5"
"2026-08-28 09:00","J. Krasnoff-Hnatjuk","PHW-BND-048","","Fitting DN (mm)","","600","Master Register!CB839 — derived from pipeline section and material"
"2026-08-28 09:00","J. Krasnoff-Hnatjuk","PHW-BND-048","","Unit Rate ($) / Quantity / Unit","","formula reading Rate Library Table 5","Master Register!BU839:BW839"
"2026-08-28 09:00","J. Krasnoff-Hnatjuk","PHW-AV-018","","Unit Rate ($) / Quantity / Unit","","formula reading Rate Library Table 6","Master Register!BU840:BW840"
"2026-08-28 09:00","J. Krasnoff-Hnatjuk","PHW-BND-049","","Fitting Material","","DICL","Master Register!CA845 — derived from bend angle, rule on Rate Library Table 5"
"2026-08-28 09:00","J. Krasnoff-Hnatjuk","PHW-BND-049","","Fitting DN (mm)","","600","Master Register!CB845 — derived from pipeline section and material"
"2026-08-28 09:00","J. Krasnoff-Hnatjuk","PHW-BND-049","","Unit Rate ($) / Quantity / Unit","","formula reading Rate Library Table 5","Master Register!BU845:BW845"
"2026-08-28 09:00","J. Krasnoff-Hnatjuk","PHW-BND-050","","Fitting Material","","DICL","Master Register!CA861 — derived from bend angle, rule on Rate Library Table 5"
"2026-08-28 09:00","J. Krasnoff-Hnatjuk","PHW-BND-050","","Fitting DN (mm)","","600","Master Register!CB861 — derived from pipeline section and material"
"2026-08-28 09:00","J. Krasnoff-Hnatjuk","PHW-BND-050","","Unit Rate ($) / Quantity / Unit","","formula reading Rate Library Table 5","Master Register!BU861:BW861"
"2026-08-28 09:00","J. Krasnoff-Hnatjuk","PHW-SCV-010","","Unit Rate ($) / Quantity / Unit","","formula reading Rate Library Table 6","Master Register!BU881:BW881"
"2026-08-28 09:00","J. Krasnoff-Hnatjuk","PHW-BND-051","","Fitting Material","","DICL","Master Register!CA901 — derived from bend angle, rule on Rate Library Table 5"
"2026-08-28 09:00","J. Krasnoff-Hnatjuk","PHW-BND-051","","Fitting DN (mm)","","600","Master Register!CB901 — derived from pipeline section and material"
"2026-08-28 09:00","J. Krasnoff-Hnatjuk","PHW-BND-051","","Unit Rate ($) / Quantity / Unit","","formula reading Rate Library Table 5","Master Register!BU901:BW901"
"2026-08-28 09:00","J. Krasnoff-Hnatjuk","PHW-AV-019","","Unit Rate ($) / Quantity / Unit","","formula reading Rate Library Table 6","Master Register!BU902:BW902"
"2026-08-28 09:00","J. Krasnoff-Hnatjuk","PHW-BND-052","","Fitting Material","","DICL","Master Register!CA904 — derived from bend angle, rule on Rate Library Table 5"
"2026-08-28 09:00","J. Krasnoff-Hnatjuk","PHW-BND-052","","Fitting DN (mm)","","600","Master Register!CB904 — derived from pipeline section and material"
"2026-08-28 09:00","J. Krasnoff-Hnatjuk","PHW-BND-052","","Unit Rate ($) / Quantity / Unit","","formula reading Rate Library Table 5","Master Register!BU904:BW904"
"2026-08-28 09:00","J. Krasnoff-Hnatjuk","PHW-BND-053","","Fitting Material","","DICL","Master Register!CA906 — derived from bend angle, rule on Rate Library Table 5"
"2026-08-28 09:00","J. Krasnoff-Hnatjuk","PHW-BND-053","","Fitting DN (mm)","","600","Master Register!CB906 — derived from pipeline section and material"
"2026-08-28 09:00","J. Krasnoff-Hnatjuk","PHW-BND-053","","Unit Rate ($) / Quantity / Unit","","formula reading Rate Library Table 5","Master Register!BU906:BW906"
"2026-08-28 09:00","J. Krasnoff-Hnatjuk","PHW-PIG-001","","Unit Rate ($) / Quantity / Unit","","formula reading Rate Library Table 6","Master Register!BU909:BW909"
"2026-08-28 09:00","J. Krasnoff-Hnatjuk","PHW-BND-054","","Fitting Material","","DICL","Master Register!CA915 — derived from bend angle, rule on Rate Library Table 5"
"2026-08-28 09:00","J. Krasnoff-Hnatjuk","PHW-BND-054","","Fitting DN (mm)","","600","Master Register!CB915 — derived from pipeline section and material"
"2026-08-28 09:00","J. Krasnoff-Hnatjuk","PHW-BND-054","","Unit Rate ($) / Quantity / Unit","","formula reading Rate Library Table 5","Master Register!BU915:BW915"
"2026-08-28 09:00","J. Krasnoff-Hnatjuk","PHW-AV-020","","Unit Rate ($) / Quantity / Unit","","formula reading Rate Library Table 6","Master Register!BU916:BW916"
"2026-08-28 09:00","J. Krasnoff-Hnatjuk","PHW-BND-055","","Fitting Material","","DICL","Master Register!CA919 — derived from bend angle, rule on Rate Library Table 5"
"2026-08-28 09:00","J. Krasnoff-Hnatjuk","PHW-BND-055","","Fitting DN (mm)","","600","Master Register!CB919 — derived from pipeline section and material"
"2026-08-28 09:00","J. Krasnoff-Hnatjuk","PHW-BND-055","","Unit Rate ($) / Quantity / Unit","","formula reading Rate Library Table 5","Master Register!BU919:BW919"
"2026-08-28 09:00","J. Krasnoff-Hnatjuk","PHW-BND-056","","Fitting Material","","DICL","Master Register!CA922 — derived from bend angle, rule on Rate Library Table 5"
"2026-08-28 09:00","J. Krasnoff-Hnatjuk","PHW-BND-056","","Fitting DN (mm)","","600","Master Register!CB922 — derived from pipeline section and material"
"2026-08-28 09:00","J. Krasnoff-Hnatjuk","PHW-BND-056","","Unit Rate ($) / Quantity / Unit","","formula reading Rate Library Table 5","Master Register!BU922:BW922"
"2026-08-28 09:00","J. Krasnoff-Hnatjuk","PHW-SCV-011","","Unit Rate ($) / Quantity / Unit","","formula reading Rate Library Table 6","Master Register!BU932:BW932"
"2026-08-28 09:00","J. Krasnoff-Hnatjuk","PHW-BND-057","","Fitting Material","","DICL","Master Register!CA934 — derived from bend angle, rule on Rate Library Table 5"
"2026-08-28 09:00","J. Krasnoff-Hnatjuk","PHW-BND-057","","Fitting DN (mm)","","600","Master Register!CB934 — derived from pipeline section and material"
"2026-08-28 09:00","J. Krasnoff-Hnatjuk","PHW-BND-057","","Unit Rate ($) / Quantity / Unit","","formula reading Rate Library Table 5","Master Register!BU934:BW934"
"2026-08-28 09:00","J. Krasnoff-Hnatjuk","PHW-BND-058","","Fitting Material","","DICL","Master Register!CA936 — derived from bend angle, rule on Rate Library Table 5"
"2026-08-28 09:00","J. Krasnoff-Hnatjuk","PHW-BND-058","","Fitting DN (mm)","","600","Master Register!CB936 — derived from pipeline section and material"
"2026-08-28 09:00","J. Krasnoff-Hnatjuk","PHW-BND-058","","Unit Rate ($) / Quantity / Unit","","formula reading Rate Library Table 5","Master Register!BU936:BW936"
"2026-08-28 09:00","J. Krasnoff-Hnatjuk","PHW-BND-059","","Fitting Material","","DICL","Master Register!CA939 — derived from bend angle, rule on Rate Library Table 5"
"2026-08-28 09:00","J. Krasnoff-Hnatjuk","PHW-BND-059","","Fitting DN (mm)","","600","Master Register!CB939 — derived from pipeline section and material"
"2026-08-28 09:00","J. Krasnoff-Hnatjuk","PHW-BND-059","","Unit Rate ($) / Quantity / Unit","","formula reading Rate Library Table 5","Master Register!BU939:BW939"
"2026-08-28 09:00","J. Krasnoff-Hnatjuk","PHW-BND-060","","Fitting Material","","DICL","Master Register!CA947 — derived from bend angle, rule on Rate Library Table 5"
"2026-08-28 09:00","J. Krasnoff-Hnatjuk","PHW-BND-060","","Fitting DN (mm)","","600","Master Register!CB947 — derived from pipeline section and material"
"2026-08-28 09:00","J. Krasnoff-Hnatjuk","PHW-BND-060","","Unit Rate ($) / Quantity / Unit","","formula reading Rate Library Table 5","Master Register!BU947:BW947"
"2026-08-28 09:00","J. Krasnoff-Hnatjuk","PHW-BND-061","","Fitting Material","","DICL","Master Register!CA950 — derived from bend angle, rule on Rate Library Table 5"
"2026-08-28 09:00","J. Krasnoff-Hnatjuk","PHW-BND-061","","Fitting DN (mm)","","600","Master Register!CB950 — derived from pipeline section and material"
"2026-08-28 09:00","J. Krasnoff-Hnatjuk","PHW-BND-061","","Unit Rate ($) / Quantity / Unit","","formula reading Rate Library Table 5","Master Register!BU950:BW950"
"2026-08-28 09:00","J. Krasnoff-Hnatjuk","PHW-AV-021","","Unit Rate ($) / Quantity / Unit","","formula reading Rate Library Table 6","Master Register!BU951:BW951"
"2026-08-28 09:00","J. Krasnoff-Hnatjuk","PHW-BND-062","","Fitting Material","","MSCL","Master Register!CA954 — derived from bend angle, rule on Rate Library Table 5"
"2026-08-28 09:00","J. Krasnoff-Hnatjuk","PHW-BND-062","","Fitting DN (mm)","","650","Master Register!CB954 — derived from pipeline section and material"
"2026-08-28 09:00","J. Krasnoff-Hnatjuk","PHW-BND-062","","Unit Rate ($) / Quantity / Unit","","formula reading Rate Library Table 5","Master Register!BU954:BW954"
"2026-08-28 09:00","J. Krasnoff-Hnatjuk","PHW-BND-063","","Fitting Material","","MSCL","Master Register!CA968 — derived from bend angle, rule on Rate Library Table 5"
"2026-08-28 09:00","J. Krasnoff-Hnatjuk","PHW-BND-063","","Fitting DN (mm)","","650","Master Register!CB968 — derived from pipeline section and material"
"2026-08-28 09:00","J. Krasnoff-Hnatjuk","PHW-BND-063","","Unit Rate ($) / Quantity / Unit","","formula reading Rate Library Table 5","Master Register!BU968:BW968"
"2026-08-28 09:00","J. Krasnoff-Hnatjuk","PHW-BND-064","","Fitting Material","","DICL","Master Register!CA975 — derived from bend angle, rule on Rate Library Table 5"
"2026-08-28 09:00","J. Krasnoff-Hnatjuk","PHW-BND-064","","Fitting DN (mm)","","600","Master Register!CB975 — derived from pipeline section and material"
"2026-08-28 09:00","J. Krasnoff-Hnatjuk","PHW-BND-064","","Unit Rate ($) / Quantity / Unit","","formula reading Rate Library Table 5","Master Register!BU975:BW975"
"2026-08-28 09:00","J. Krasnoff-Hnatjuk","PHW-AV-022","","Unit Rate ($) / Quantity / Unit","","formula reading Rate Library Table 6","Master Register!BU981:BW981"
"2026-08-28 09:00","J. Krasnoff-Hnatjuk","PHW-SCV-012","","Unit Rate ($) / Quantity / Unit","","formula reading Rate Library Table 6","Master Register!BU1001:BW1001"
"2026-08-28 09:00","J. Krasnoff-Hnatjuk","PHW-BND-065","","Fitting Material","","DICL","Master Register!CA1007 — derived from bend angle, rule on Rate Library Table 5"
"2026-08-28 09:00","J. Krasnoff-Hnatjuk","PHW-BND-065","","Fitting DN (mm)","","600","Master Register!CB1007 — derived from pipeline section and material"
"2026-08-28 09:00","J. Krasnoff-Hnatjuk","PHW-BND-065","","Unit Rate ($) / Quantity / Unit","","formula reading Rate Library Table 5","Master Register!BU1007:BW1007"
"2026-08-28 09:00","J. Krasnoff-Hnatjuk","PHW-BND-066","","Fitting Material","","MSCL","Master Register!CA1008 — derived from bend angle, rule on Rate Library Table 5"
"2026-08-28 09:00","J. Krasnoff-Hnatjuk","PHW-BND-066","","Fitting DN (mm)","","650","Master Register!CB1008 — derived from pipeline section and material"
"2026-08-28 09:00","J. Krasnoff-Hnatjuk","PHW-BND-066","","Unit Rate ($) / Quantity / Unit","","formula reading Rate Library Table 5","Master Register!BU1008:BW1008"
"2026-08-28 09:00","J. Krasnoff-Hnatjuk","PHW-AV-023","","Unit Rate ($) / Quantity / Unit","","formula reading Rate Library Table 6","Master Register!BU1010:BW1010"
"2026-08-28 09:00","J. Krasnoff-Hnatjuk","PHW-BND-067","","Fitting Material","","MSCL","Master Register!CA1012 — derived from bend angle, rule on Rate Library Table 5"
"2026-08-28 09:00","J. Krasnoff-Hnatjuk","PHW-BND-067","","Fitting DN (mm)","","650","Master Register!CB1012 — derived from pipeline section and material"
"2026-08-28 09:00","J. Krasnoff-Hnatjuk","PHW-BND-067","","Unit Rate ($) / Quantity / Unit","","formula reading Rate Library Table 5","Master Register!BU1012:BW1012"
"2026-08-28 09:00","J. Krasnoff-Hnatjuk","PHW-BND-068","","Fitting Material","","MSCL","Master Register!CA1013 — derived from bend angle, rule on Rate Library Table 5"
"2026-08-28 09:00","J. Krasnoff-Hnatjuk","PHW-BND-068","","Fitting DN (mm)","","650","Master Register!CB1013 — derived from pipeline section and material"
"2026-08-28 09:00","J. Krasnoff-Hnatjuk","PHW-BND-068","","Unit Rate ($) / Quantity / Unit","","formula reading Rate Library Table 5","Master Register!BU1013:BW1013"
"2026-08-28 09:00","J. Krasnoff-Hnatjuk","PHW-BND-069","","Fitting Material","","MSCL","Master Register!CA1019 — derived from bend angle, rule on Rate Library Table 5"
"2026-08-28 09:00","J. Krasnoff-Hnatjuk","PHW-BND-069","","Fitting DN (mm)","","650","Master Register!CB1019 — derived from pipeline section and material"
"2026-08-28 09:00","J. Krasnoff-Hnatjuk","PHW-BND-069","","Unit Rate ($) / Quantity / Unit","","formula reading Rate Library Table 5","Master Register!BU1019:BW1019"
"2026-08-28 09:00","J. Krasnoff-Hnatjuk","PHW-AV-024","","Unit Rate ($) / Quantity / Unit","","formula reading Rate Library Table 6","Master Register!BU1021:BW1021"
"2026-08-28 09:00","J. Krasnoff-Hnatjuk","PHW-SCV-013","","Unit Rate ($) / Quantity / Unit","","formula reading Rate Library Table 6","Master Register!BU1022:BW1022"
"2026-08-28 09:00","J. Krasnoff-Hnatjuk","PHW-BND-070","","Fitting Material","","MSCL","Master Register!CA1026 — derived from bend angle, rule on Rate Library Table 5"
"2026-08-28 09:00","J. Krasnoff-Hnatjuk","PHW-BND-070","","Fitting DN (mm)","","650","Master Register!CB1026 — derived from pipeline section and material"
"2026-08-28 09:00","J. Krasnoff-Hnatjuk","PHW-BND-070","","Unit Rate ($) / Quantity / Unit","","formula reading Rate Library Table 5","Master Register!BU1026:BW1026"
"2026-08-28 09:00","J. Krasnoff-Hnatjuk","PHW-AV-025","","Unit Rate ($) / Quantity / Unit","","formula reading Rate Library Table 6","Master Register!BU1031:BW1031"
"2026-08-28 09:00","J. Krasnoff-Hnatjuk","PHW-AV-026","","Unit Rate ($) / Quantity / Unit","","formula reading Rate Library Table 6","Master Register!BU1051:BW1051"
"2026-08-28 09:00","J. Krasnoff-Hnatjuk","PHW-SCV-014","","Unit Rate ($) / Quantity / Unit","","formula reading Rate Library Table 6","Master Register!BU1056:BW1056"
"2026-08-28 09:00","J. Krasnoff-Hnatjuk","PHW-BND-071","","Fitting Material","","DICL","Master Register!CA1058 — derived from bend angle, rule on Rate Library Table 5"
"2026-08-28 09:00","J. Krasnoff-Hnatjuk","PHW-BND-071","","Fitting DN (mm)","","600","Master Register!CB1058 — derived from pipeline section and material"
"2026-08-28 09:00","J. Krasnoff-Hnatjuk","PHW-BND-071","","Unit Rate ($) / Quantity / Unit","","formula reading Rate Library Table 5","Master Register!BU1058:BW1058"
"2026-08-28 09:00","J. Krasnoff-Hnatjuk","PHW-BND-072","","Fitting Material","","DICL","Master Register!CA1062 — derived from bend angle, rule on Rate Library Table 5"
"2026-08-28 09:00","J. Krasnoff-Hnatjuk","PHW-BND-072","","Fitting DN (mm)","","600","Master Register!CB1062 — derived from pipeline section and material"
"2026-08-28 09:00","J. Krasnoff-Hnatjuk","PHW-BND-072","","Unit Rate ($) / Quantity / Unit","","formula reading Rate Library Table 5","Master Register!BU1062:BW1062"
"2026-08-28 09:00","J. Krasnoff-Hnatjuk","PHW-AV-027","","Unit Rate ($) / Quantity / Unit","","formula reading Rate Library Table 6","Master Register!BU1083:BW1083"
"2026-08-28 09:00","J. Krasnoff-Hnatjuk","PHW-BND-073","","Fitting Material","","DICL","Master Register!CA1097 — derived from bend angle, rule on Rate Library Table 5"
"2026-08-28 09:00","J. Krasnoff-Hnatjuk","PHW-BND-073","","Fitting DN (mm)","","600","Master Register!CB1097 — derived from pipeline section and material"
"2026-08-28 09:00","J. Krasnoff-Hnatjuk","PHW-BND-073","","Unit Rate ($) / Quantity / Unit","","formula reading Rate Library Table 5","Master Register!BU1097:BW1097"
"2026-08-28 09:00","J. Krasnoff-Hnatjuk","PHW-BND-074","","Fitting Material","","DICL","Master Register!CA1104 — derived from bend angle, rule on Rate Library Table 5"
"2026-08-28 09:00","J. Krasnoff-Hnatjuk","PHW-BND-074","","Fitting DN (mm)","","600","Master Register!CB1104 — derived from pipeline section and material"
"2026-08-28 09:00","J. Krasnoff-Hnatjuk","PHW-BND-074","","Unit Rate ($) / Quantity / Unit","","formula reading Rate Library Table 5","Master Register!BU1104:BW1104"
"2026-08-28 09:00","J. Krasnoff-Hnatjuk","PHW-BND-075","","Fitting Material","","DICL","Master Register!CA1108 — derived from bend angle, rule on Rate Library Table 5"
"2026-08-28 09:00","J. Krasnoff-Hnatjuk","PHW-BND-075","","Fitting DN (mm)","","600","Master Register!CB1108 — derived from pipeline section and material"
"2026-08-28 09:00","J. Krasnoff-Hnatjuk","PHW-BND-075","","Unit Rate ($) / Quantity / Unit","","formula reading Rate Library Table 5","Master Register!BU1108:BW1108"
"2026-08-28 09:00","J. Krasnoff-Hnatjuk","PHW-IV-005","","Unit Rate ($) / Quantity / Unit","","formula reading Rate Library Table 6","Master Register!BU1114:BW1114"
"2026-08-28 09:00","J. Krasnoff-Hnatjuk","PHW-AV-028","","Unit Rate ($) / Quantity / Unit","","formula reading Rate Library Table 6","Master Register!BU1115:BW1115"
"2026-08-28 09:00","J. Krasnoff-Hnatjuk","PHW-BND-076","","Fitting Material","","MSCL","Master Register!CA1127 — derived from bend angle, rule on Rate Library Table 5"
"2026-08-28 09:00","J. Krasnoff-Hnatjuk","PHW-BND-076","","Fitting DN (mm)","","650","Master Register!CB1127 — derived from pipeline section and material"
"2026-08-28 09:00","J. Krasnoff-Hnatjuk","PHW-BND-076","","Unit Rate ($) / Quantity / Unit","","formula reading Rate Library Table 5","Master Register!BU1127:BW1127"
"2026-08-28 09:00","J. Krasnoff-Hnatjuk","PHW-BND-077","","Fitting Material","","MSCL","Master Register!CA1131 — derived from bend angle, rule on Rate Library Table 5"
"2026-08-28 09:00","J. Krasnoff-Hnatjuk","PHW-BND-077","","Fitting DN (mm)","","650","Master Register!CB1131 — derived from pipeline section and material"
"2026-08-28 09:00","J. Krasnoff-Hnatjuk","PHW-BND-077","","Unit Rate ($) / Quantity / Unit","","formula reading Rate Library Table 5","Master Register!BU1131:BW1131"
"2026-08-28 09:00","J. Krasnoff-Hnatjuk","PHW-AV-029","","Unit Rate ($) / Quantity / Unit","","formula reading Rate Library Table 6","Master Register!BU1140:BW1140"
"2026-08-28 09:00","J. Krasnoff-Hnatjuk","PHW-SCV-015","","Unit Rate ($) / Quantity / Unit","","formula reading Rate Library Table 6","Master Register!BU1148:BW1148"
"2026-08-28 09:00","J. Krasnoff-Hnatjuk","PHW-AV-030","","Unit Rate ($) / Quantity / Unit","","formula reading Rate Library Table 6","Master Register!BU1151:BW1151"
"2026-08-28 09:00","J. Krasnoff-Hnatjuk","PHW-AV-031","","Unit Rate ($) / Quantity / Unit","","formula reading Rate Library Table 6","Master Register!BU1166:BW1166"
"2026-08-28 09:00","J. Krasnoff-Hnatjuk","PHW-BND-078","","Fitting Material","","MSCL","Master Register!CA1170 — derived from bend angle, rule on Rate Library Table 5"
"2026-08-28 09:00","J. Krasnoff-Hnatjuk","PHW-BND-078","","Fitting DN (mm)","","650","Master Register!CB1170 — derived from pipeline section and material"
"2026-08-28 09:00","J. Krasnoff-Hnatjuk","PHW-BND-078","","Unit Rate ($) / Quantity / Unit","","formula reading Rate Library Table 5","Master Register!BU1170:BW1170"
"2026-08-28 09:00","J. Krasnoff-Hnatjuk","PHW-BND-079","","Fitting Material","","MSCL","Master Register!CA1172 — derived from bend angle, rule on Rate Library Table 5"
"2026-08-28 09:00","J. Krasnoff-Hnatjuk","PHW-BND-079","","Fitting DN (mm)","","650","Master Register!CB1172 — derived from pipeline section and material"
"2026-08-28 09:00","J. Krasnoff-Hnatjuk","PHW-BND-079","","Unit Rate ($) / Quantity / Unit","","formula reading Rate Library Table 5","Master Register!BU1172:BW1172"
"2026-08-28 09:00","J. Krasnoff-Hnatjuk","PHW-BND-080","","Fitting Material","","MSCL","Master Register!CA1173 — derived from bend angle, rule on Rate Library Table 5"
"2026-08-28 09:00","J. Krasnoff-Hnatjuk","PHW-BND-080","","Fitting DN (mm)","","650","Master Register!CB1173 — derived from pipeline section and material"
"2026-08-28 09:00","J. Krasnoff-Hnatjuk","PHW-BND-080","","Unit Rate ($) / Quantity / Unit","","formula reading Rate Library Table 5","Master Register!BU1173:BW1173"
"2026-08-28 09:00","J. Krasnoff-Hnatjuk","PHW-BND-081","","Fitting Material","","MSCL","Master Register!CA1174 — derived from bend angle, rule on Rate Library Table 5"
"2026-08-28 09:00","J. Krasnoff-Hnatjuk","PHW-BND-081","","Fitting DN (mm)","","650","Master Register!CB1174 — derived from pipeline section and material"
"2026-08-28 09:00","J. Krasnoff-Hnatjuk","PHW-BND-081","","Unit Rate ($) / Quantity / Unit","","formula reading Rate Library Table 5","Master Register!BU1174:BW1174"
"2026-08-28 09:00","J. Krasnoff-Hnatjuk","PHW-SCV-016","","Unit Rate ($) / Quantity / Unit","","formula reading Rate Library Table 6","Master Register!BU1177:BW1177"
"2026-08-28 09:00","J. Krasnoff-Hnatjuk","PHW-BND-082","","Fitting Material","","MSCL","Master Register!CA1179 — derived from bend angle, rule on Rate Library Table 5"
"2026-08-28 09:00","J. Krasnoff-Hnatjuk","PHW-BND-082","","Fitting DN (mm)","","650","Master Register!CB1179 — derived from pipeline section and material"
"2026-08-28 09:00","J. Krasnoff-Hnatjuk","PHW-BND-082","","Unit Rate ($) / Quantity / Unit","","formula reading Rate Library Table 5","Master Register!BU1179:BW1179"
"2026-08-28 09:00","J. Krasnoff-Hnatjuk","PHW-BND-083","","Fitting Material","","MSCL","Master Register!CA1182 — derived from bend angle, rule on Rate Library Table 5"
"2026-08-28 09:00","J. Krasnoff-Hnatjuk","PHW-BND-083","","Fitting DN (mm)","","650","Master Register!CB1182 — derived from pipeline section and material"
"2026-08-28 09:00","J. Krasnoff-Hnatjuk","PHW-BND-083","","Unit Rate ($) / Quantity / Unit","","formula reading Rate Library Table 5","Master Register!BU1182:BW1182"
"2026-08-28 09:00","J. Krasnoff-Hnatjuk","PHW-AV-032","","Unit Rate ($) / Quantity / Unit","","formula reading Rate Library Table 6","Master Register!BU1184:BW1184"
"2026-08-28 09:00","J. Krasnoff-Hnatjuk","PHW-SCV-017","","Unit Rate ($) / Quantity / Unit","","formula reading Rate Library Table 6","Master Register!BU1189:BW1189"
"2026-08-28 09:00","J. Krasnoff-Hnatjuk","PHW-BND-084","","Fitting Material","","DICL","Master Register!CA1193 — derived from bend angle, rule on Rate Library Table 5"
"2026-08-28 09:00","J. Krasnoff-Hnatjuk","PHW-BND-084","","Fitting DN (mm)","","600","Master Register!CB1193 — derived from pipeline section and material"
"2026-08-28 09:00","J. Krasnoff-Hnatjuk","PHW-BND-084","","Unit Rate ($) / Quantity / Unit","","formula reading Rate Library Table 5","Master Register!BU1193:BW1193"
"2026-08-28 09:00","J. Krasnoff-Hnatjuk","PHW-BND-085","","Fitting Material","","DICL","Master Register!CA1195 — derived from bend angle, rule on Rate Library Table 5"
"2026-08-28 09:00","J. Krasnoff-Hnatjuk","PHW-BND-085","","Fitting DN (mm)","","600","Master Register!CB1195 — derived from pipeline section and material"
"2026-08-28 09:00","J. Krasnoff-Hnatjuk","PHW-BND-085","","Unit Rate ($) / Quantity / Unit","","formula reading Rate Library Table 5","Master Register!BU1195:BW1195"
"2026-08-28 09:00","J. Krasnoff-Hnatjuk","PHW-BND-086","","Fitting Material","","DICL","Master Register!CA1209 — derived from bend angle, rule on Rate Library Table 5"
"2026-08-28 09:00","J. Krasnoff-Hnatjuk","PHW-BND-086","","Fitting DN (mm)","","600","Master Register!CB1209 — derived from pipeline section and material"
"2026-08-28 09:00","J. Krasnoff-Hnatjuk","PHW-BND-086","","Unit Rate ($) / Quantity / Unit","","formula reading Rate Library Table 5","Master Register!BU1209:BW1209"
"2026-08-28 09:00","J. Krasnoff-Hnatjuk","PHW-BND-087","","Fitting Material","","DICL","Master Register!CA1211 — derived from bend angle, rule on Rate Library Table 5"
"2026-08-28 09:00","J. Krasnoff-Hnatjuk","PHW-BND-087","","Fitting DN (mm)","","600","Master Register!CB1211 — derived from pipeline section and material"
"2026-08-28 09:00","J. Krasnoff-Hnatjuk","PHW-BND-087","","Unit Rate ($) / Quantity / Unit","","formula reading Rate Library Table 5","Master Register!BU1211:BW1211"
"2026-08-28 09:00","J. Krasnoff-Hnatjuk","PHW-AV-033","","Unit Rate ($) / Quantity / Unit","","formula reading Rate Library Table 6","Master Register!BU1215:BW1215"
"2026-08-28 09:00","J. Krasnoff-Hnatjuk","PHW-PIG-002","","Unit Rate ($) / Quantity / Unit","","formula reading Rate Library Table 6","Master Register!BU1239:BW1239"
"2026-08-28 09:00","J. Krasnoff-Hnatjuk","PHW-AV-034","","Unit Rate ($) / Quantity / Unit","","formula reading Rate Library Table 6","Master Register!BU1244:BW1244"
"2026-08-28 09:00","J. Krasnoff-Hnatjuk","PHW-BND-088","","Fitting Material","","DICL","Master Register!CA1247 — derived from bend angle, rule on Rate Library Table 5"
"2026-08-28 09:00","J. Krasnoff-Hnatjuk","PHW-BND-088","","Fitting DN (mm)","","600","Master Register!CB1247 — derived from pipeline section and material"
"2026-08-28 09:00","J. Krasnoff-Hnatjuk","PHW-BND-088","","Unit Rate ($) / Quantity / Unit","","formula reading Rate Library Table 5","Master Register!BU1247:BW1247"
"2026-08-28 09:00","J. Krasnoff-Hnatjuk","PHW-BND-089","","Fitting Material","","MSCL","Master Register!CA1251 — derived from bend angle, rule on Rate Library Table 5"
"2026-08-28 09:00","J. Krasnoff-Hnatjuk","PHW-BND-089","","Fitting DN (mm)","","650","Master Register!CB1251 — derived from pipeline section and material"
"2026-08-28 09:00","J. Krasnoff-Hnatjuk","PHW-BND-089","","Unit Rate ($) / Quantity / Unit","","formula reading Rate Library Table 5","Master Register!BU1251:BW1251"
"2026-08-28 09:00","J. Krasnoff-Hnatjuk","PHW-BND-090","","Fitting Material","","MSCL","Master Register!CA1253 — derived from bend angle, rule on Rate Library Table 5"
"2026-08-28 09:00","J. Krasnoff-Hnatjuk","PHW-BND-090","","Fitting DN (mm)","","650","Master Register!CB1253 — derived from pipeline section and material"
"2026-08-28 09:00","J. Krasnoff-Hnatjuk","PHW-BND-090","","Unit Rate ($) / Quantity / Unit","","formula reading Rate Library Table 5","Master Register!BU1253:BW1253"
"2026-08-28 09:00","J. Krasnoff-Hnatjuk","PHW-BND-091","","Fitting Material","","MSCL","Master Register!CA1256 — derived from bend angle, rule on Rate Library Table 5"
"2026-08-28 09:00","J. Krasnoff-Hnatjuk","PHW-BND-091","","Fitting DN (mm)","","650","Master Register!CB1256 — derived from pipeline section and material"
"2026-08-28 09:00","J. Krasnoff-Hnatjuk","PHW-BND-091","","Unit Rate ($) / Quantity / Unit","","formula reading Rate Library Table 5","Master Register!BU1256:BW1256"
"2026-08-28 09:00","J. Krasnoff-Hnatjuk","PHW-BND-092","","Fitting Material","","MSCL","Master Register!CA1259 — derived from bend angle, rule on Rate Library Table 5"
"2026-08-28 09:00","J. Krasnoff-Hnatjuk","PHW-BND-092","","Fitting DN (mm)","","650","Master Register!CB1259 — derived from pipeline section and material"
"2026-08-28 09:00","J. Krasnoff-Hnatjuk","PHW-BND-092","","Unit Rate ($) / Quantity / Unit","","formula reading Rate Library Table 5","Master Register!BU1259:BW1259"
"2026-08-28 09:00","J. Krasnoff-Hnatjuk","PHW-BND-093","","Fitting Material","","MSCL","Master Register!CA1260 — derived from bend angle, rule on Rate Library Table 5"
"2026-08-28 09:00","J. Krasnoff-Hnatjuk","PHW-BND-093","","Fitting DN (mm)","","650","Master Register!CB1260 — derived from pipeline section and material"
"2026-08-28 09:00","J. Krasnoff-Hnatjuk","PHW-BND-093","","Unit Rate ($) / Quantity / Unit","","formula reading Rate Library Table 5","Master Register!BU1260:BW1260"
"2026-08-28 09:00","J. Krasnoff-Hnatjuk","PHW-BND-094","","Fitting Material","","MSCL","Master Register!CA1264 — derived from bend angle, rule on Rate Library Table 5"
"2026-08-28 09:00","J. Krasnoff-Hnatjuk","PHW-BND-094","","Fitting DN (mm)","","650","Master Register!CB1264 — derived from pipeline section and material"
"2026-08-28 09:00","J. Krasnoff-Hnatjuk","PHW-BND-094","","Unit Rate ($) / Quantity / Unit","","formula reading Rate Library Table 5","Master Register!BU1264:BW1264"
"2026-08-28 09:00","J. Krasnoff-Hnatjuk","PWG-BND-001","","Fitting Material","","DICL","Master Register!CA1289 — derived from bend angle, rule on Rate Library Table 5"
"2026-08-28 09:00","J. Krasnoff-Hnatjuk","PWG-BND-001","","Fitting DN (mm)","","375","Master Register!CB1289 — derived from pipeline section and material"
"2026-08-28 09:00","J. Krasnoff-Hnatjuk","PWG-BND-001","","Unit Rate ($) / Quantity / Unit","","formula reading Rate Library Table 5","Master Register!BU1289:BW1289"
"2026-08-28 09:00","J. Krasnoff-Hnatjuk","PWG-BND-002","","Fitting Material","","DICL","Master Register!CA1294 — derived from bend angle, rule on Rate Library Table 5"
"2026-08-28 09:00","J. Krasnoff-Hnatjuk","PWG-BND-002","","Fitting DN (mm)","","375","Master Register!CB1294 — derived from pipeline section and material"
"2026-08-28 09:00","J. Krasnoff-Hnatjuk","PWG-BND-002","","Unit Rate ($) / Quantity / Unit","","formula reading Rate Library Table 5","Master Register!BU1294:BW1294"
"2026-08-28 09:00","J. Krasnoff-Hnatjuk","PWG-PIG-001","","Unit Rate ($) / Quantity / Unit","","formula reading Rate Library Table 6","Master Register!BU1297:BW1297"
"2026-08-28 09:00","J. Krasnoff-Hnatjuk","PWG-BND-003","","Fitting Material","","DICL","Master Register!CA1300 — derived from bend angle, rule on Rate Library Table 5"
"2026-08-28 09:00","J. Krasnoff-Hnatjuk","PWG-BND-003","","Fitting DN (mm)","","375","Master Register!CB1300 — derived from pipeline section and material"
"2026-08-28 09:00","J. Krasnoff-Hnatjuk","PWG-BND-003","","Unit Rate ($) / Quantity / Unit","","formula reading Rate Library Table 5","Master Register!BU1300:BW1300"
"2026-08-28 09:00","J. Krasnoff-Hnatjuk","PWG-SCV-001","","Unit Rate ($) / Quantity / Unit","","formula reading Rate Library Table 6","Master Register!BU1302:BW1302"
"2026-08-28 09:00","J. Krasnoff-Hnatjuk","PWG-BND-004","","Fitting Material","","DICL","Master Register!CA1305 — derived from bend angle, rule on Rate Library Table 5"
"2026-08-28 09:00","J. Krasnoff-Hnatjuk","PWG-BND-004","","Fitting DN (mm)","","375","Master Register!CB1305 — derived from pipeline section and material"
"2026-08-28 09:00","J. Krasnoff-Hnatjuk","PWG-BND-004","","Unit Rate ($) / Quantity / Unit","","formula reading Rate Library Table 5","Master Register!BU1305:BW1305"
"2026-08-28 09:00","J. Krasnoff-Hnatjuk","PWG-BND-005","","Fitting Material","","DICL","Master Register!CA1308 — derived from bend angle, rule on Rate Library Table 5"
"2026-08-28 09:00","J. Krasnoff-Hnatjuk","PWG-BND-005","","Fitting DN (mm)","","375","Master Register!CB1308 — derived from pipeline section and material"
"2026-08-28 09:00","J. Krasnoff-Hnatjuk","PWG-BND-005","","Unit Rate ($) / Quantity / Unit","","formula reading Rate Library Table 5","Master Register!BU1308:BW1308"
"2026-08-28 09:00","J. Krasnoff-Hnatjuk","PWG-BND-006","","Fitting Material","","DICL","Master Register!CA1313 — derived from bend angle, rule on Rate Library Table 5"
"2026-08-28 09:00","J. Krasnoff-Hnatjuk","PWG-BND-006","","Fitting DN (mm)","","375","Master Register!CB1313 — derived from pipeline section and material"
"2026-08-28 09:00","J. Krasnoff-Hnatjuk","PWG-BND-006","","Unit Rate ($) / Quantity / Unit","","formula reading Rate Library Table 5","Master Register!BU1313:BW1313"
"2026-08-28 09:00","J. Krasnoff-Hnatjuk","PWG-AV-001","","Unit Rate ($) / Quantity / Unit","","formula reading Rate Library Table 6","Master Register!BU1315:BW1315"
"2026-08-28 09:00","J. Krasnoff-Hnatjuk","PWG-BND-007","","Fitting Material","","DICL","Master Register!CA1319 — derived from bend angle, rule on Rate Library Table 5"
"2026-08-28 09:00","J. Krasnoff-Hnatjuk","PWG-BND-007","","Fitting DN (mm)","","375","Master Register!CB1319 — derived from pipeline section and material"
"2026-08-28 09:00","J. Krasnoff-Hnatjuk","PWG-BND-007","","Unit Rate ($) / Quantity / Unit","","formula reading Rate Library Table 5","Master Register!BU1319:BW1319"
"2026-08-28 09:00","J. Krasnoff-Hnatjuk","PWG-SCV-002","","Unit Rate ($) / Quantity / Unit","","formula reading Rate Library Table 6","Master Register!BU1321:BW1321"
"2026-08-28 09:00","J. Krasnoff-Hnatjuk","PWG-BND-008","","Fitting Material","","DICL","Master Register!CA1335 — derived from bend angle, rule on Rate Library Table 5"
"2026-08-28 09:00","J. Krasnoff-Hnatjuk","PWG-BND-008","","Fitting DN (mm)","","375","Master Register!CB1335 — derived from pipeline section and material"
"2026-08-28 09:00","J. Krasnoff-Hnatjuk","PWG-BND-008","","Unit Rate ($) / Quantity / Unit","","formula reading Rate Library Table 5","Master Register!BU1335:BW1335"
"2026-08-28 09:00","J. Krasnoff-Hnatjuk","PWG-BND-009","","Fitting Material","","DICL","Master Register!CA1353 — derived from bend angle, rule on Rate Library Table 5"
"2026-08-28 09:00","J. Krasnoff-Hnatjuk","PWG-BND-009","","Fitting DN (mm)","","375","Master Register!CB1353 — derived from pipeline section and material"
"2026-08-28 09:00","J. Krasnoff-Hnatjuk","PWG-BND-009","","Unit Rate ($) / Quantity / Unit","","formula reading Rate Library Table 5","Master Register!BU1353:BW1353"
"2026-08-28 09:00","J. Krasnoff-Hnatjuk","PWG-BND-010","","Fitting Material","","DICL","Master Register!CA1359 — derived from bend angle, rule on Rate Library Table 5"
"2026-08-28 09:00","J. Krasnoff-Hnatjuk","PWG-BND-010","","Fitting DN (mm)","","375","Master Register!CB1359 — derived from pipeline section and material"
"2026-08-28 09:00","J. Krasnoff-Hnatjuk","PWG-BND-010","","Unit Rate ($) / Quantity / Unit","","formula reading Rate Library Table 5","Master Register!BU1359:BW1359"
"2026-08-28 09:00","J. Krasnoff-Hnatjuk","PWG-AV-002","","Unit Rate ($) / Quantity / Unit","","formula reading Rate Library Table 6","Master Register!BU1361:BW1361"
"2026-08-28 09:00","J. Krasnoff-Hnatjuk","PWG-BND-011","","Fitting Material","","DICL","Master Register!CA1363 — derived from bend angle, rule on Rate Library Table 5"
"2026-08-28 09:00","J. Krasnoff-Hnatjuk","PWG-BND-011","","Fitting DN (mm)","","375","Master Register!CB1363 — derived from pipeline section and material"
"2026-08-28 09:00","J. Krasnoff-Hnatjuk","PWG-BND-011","","Unit Rate ($) / Quantity / Unit","","formula reading Rate Library Table 5","Master Register!BU1363:BW1363"
"2026-08-28 09:00","J. Krasnoff-Hnatjuk","PWG-BND-012","","Fitting Material","","DICL","Master Register!CA1367 — derived from bend angle, rule on Rate Library Table 5"
"2026-08-28 09:00","J. Krasnoff-Hnatjuk","PWG-BND-012","","Fitting DN (mm)","","375","Master Register!CB1367 — derived from pipeline section and material"
"2026-08-28 09:00","J. Krasnoff-Hnatjuk","PWG-BND-012","","Unit Rate ($) / Quantity / Unit","","formula reading Rate Library Table 5","Master Register!BU1367:BW1367"
"2026-08-28 09:00","J. Krasnoff-Hnatjuk","PWG-AV-003","","Unit Rate ($) / Quantity / Unit","","formula reading Rate Library Table 6","Master Register!BU1369:BW1369"
"2026-08-28 09:00","J. Krasnoff-Hnatjuk","PWG-BND-013","","Fitting Material","","DICL","Master Register!CA1379 — derived from bend angle, rule on Rate Library Table 5"
"2026-08-28 09:00","J. Krasnoff-Hnatjuk","PWG-BND-013","","Fitting DN (mm)","","375","Master Register!CB1379 — derived from pipeline section and material"
"2026-08-28 09:00","J. Krasnoff-Hnatjuk","PWG-BND-013","","Unit Rate ($) / Quantity / Unit","","formula reading Rate Library Table 5","Master Register!BU1379:BW1379"
"2026-08-28 09:00","J. Krasnoff-Hnatjuk","PWG-BND-014","","Fitting Material","","DICL","Master Register!CA1388 — derived from bend angle, rule on Rate Library Table 5"
"2026-08-28 09:00","J. Krasnoff-Hnatjuk","PWG-BND-014","","Fitting DN (mm)","","375","Master Register!CB1388 — derived from pipeline section and material"
"2026-08-28 09:00","J. Krasnoff-Hnatjuk","PWG-BND-014","","Unit Rate ($) / Quantity / Unit","","formula reading Rate Library Table 5","Master Register!BU1388:BW1388"
"2026-08-28 09:00","J. Krasnoff-Hnatjuk","PWG-BND-015","","Fitting Material","","MSCL","Master Register!CA1404 — derived from bend angle, rule on Rate Library Table 5"
"2026-08-28 09:00","J. Krasnoff-Hnatjuk","PWG-BND-015","","Fitting DN (mm)","","450","Master Register!CB1404 — derived from pipeline section and material"
"2026-08-28 09:00","J. Krasnoff-Hnatjuk","PWG-BND-015","","Unit Rate ($) / Quantity / Unit","","formula reading Rate Library Table 5","Master Register!BU1404:BW1404"
"2026-08-28 09:00","J. Krasnoff-Hnatjuk","PWG-BND-016","","Fitting Material","","MSCL","Master Register!CA1408 — derived from bend angle, rule on Rate Library Table 5"
"2026-08-28 09:00","J. Krasnoff-Hnatjuk","PWG-BND-016","","Fitting DN (mm)","","450","Master Register!CB1408 — derived from pipeline section and material"
"2026-08-28 09:00","J. Krasnoff-Hnatjuk","PWG-BND-016","","Unit Rate ($) / Quantity / Unit","","formula reading Rate Library Table 5","Master Register!BU1408:BW1408"
"2026-08-28 09:00","J. Krasnoff-Hnatjuk","PWG-BND-017","","Fitting Material","","DICL","Master Register!CA1415 — derived from bend angle, rule on Rate Library Table 5"
"2026-08-28 09:00","J. Krasnoff-Hnatjuk","PWG-BND-017","","Fitting DN (mm)","","375","Master Register!CB1415 — derived from pipeline section and material"
"2026-08-28 09:00","J. Krasnoff-Hnatjuk","PWG-BND-017","","Unit Rate ($) / Quantity / Unit","","formula reading Rate Library Table 5","Master Register!BU1415:BW1415"
"2026-08-28 09:00","J. Krasnoff-Hnatjuk","PWG-AV-004","","Unit Rate ($) / Quantity / Unit","","formula reading Rate Library Table 6","Master Register!BU1416:BW1416"
"2026-08-28 09:00","J. Krasnoff-Hnatjuk","PWG-BND-018","","Fitting Material","","DICL","Master Register!CA1423 — derived from bend angle, rule on Rate Library Table 5"
"2026-08-28 09:00","J. Krasnoff-Hnatjuk","PWG-BND-018","","Fitting DN (mm)","","375","Master Register!CB1423 — derived from pipeline section and material"
"2026-08-28 09:00","J. Krasnoff-Hnatjuk","PWG-BND-018","","Unit Rate ($) / Quantity / Unit","","formula reading Rate Library Table 5","Master Register!BU1423:BW1423"
"2026-08-28 09:00","J. Krasnoff-Hnatjuk","PWG-BND-019","","Fitting Material","","MSCL","Master Register!CA1444 — derived from bend angle, rule on Rate Library Table 5"
"2026-08-28 09:00","J. Krasnoff-Hnatjuk","PWG-BND-019","","Fitting DN (mm)","","450","Master Register!CB1444 — derived from pipeline section and material"
"2026-08-28 09:00","J. Krasnoff-Hnatjuk","PWG-BND-019","","Unit Rate ($) / Quantity / Unit","","formula reading Rate Library Table 5","Master Register!BU1444:BW1444"
"2026-08-28 09:00","J. Krasnoff-Hnatjuk","PWG-BND-020","","Fitting Material","","MSCL","Master Register!CA1453 — derived from bend angle, rule on Rate Library Table 5"
"2026-08-28 09:00","J. Krasnoff-Hnatjuk","PWG-BND-020","","Fitting DN (mm)","","450","Master Register!CB1453 — derived from pipeline section and material"
"2026-08-28 09:00","J. Krasnoff-Hnatjuk","PWG-BND-020","","Unit Rate ($) / Quantity / Unit","","formula reading Rate Library Table 5","Master Register!BU1453:BW1453"
"2026-08-28 09:00","J. Krasnoff-Hnatjuk","PWG-BND-021","","Fitting Material","","MSCL","Master Register!CA1459 — derived from bend angle, rule on Rate Library Table 5"
"2026-08-28 09:00","J. Krasnoff-Hnatjuk","PWG-BND-021","","Fitting DN (mm)","","450","Master Register!CB1459 — derived from pipeline section and material"
"2026-08-28 09:00","J. Krasnoff-Hnatjuk","PWG-BND-021","","Unit Rate ($) / Quantity / Unit","","formula reading Rate Library Table 5","Master Register!BU1459:BW1459"
"2026-08-28 09:00","J. Krasnoff-Hnatjuk","PWG-BND-022","","Fitting Material","","DICL","Master Register!CA1468 — derived from bend angle, rule on Rate Library Table 5"
"2026-08-28 09:00","J. Krasnoff-Hnatjuk","PWG-BND-022","","Fitting DN (mm)","","375","Master Register!CB1468 — derived from pipeline section and material"
"2026-08-28 09:00","J. Krasnoff-Hnatjuk","PWG-BND-022","","Unit Rate ($) / Quantity / Unit","","formula reading Rate Library Table 5","Master Register!BU1468:BW1468"
"2026-08-28 09:00","J. Krasnoff-Hnatjuk","PWG-SCV-003","","Unit Rate ($) / Quantity / Unit","","formula reading Rate Library Table 6","Master Register!BU1473:BW1473"
"2026-08-28 09:00","J. Krasnoff-Hnatjuk","PWG-AV-005","","Unit Rate ($) / Quantity / Unit","","formula reading Rate Library Table 6","Master Register!BU1476:BW1476"
"2026-08-28 09:00","J. Krasnoff-Hnatjuk","PWG-SCV-004","","Unit Rate ($) / Quantity / Unit","","formula reading Rate Library Table 6","Master Register!BU1481:BW1481"
"2026-08-28 09:00","J. Krasnoff-Hnatjuk","PWG-BND-023","","Fitting Material","","DICL","Master Register!CA1485 — derived from bend angle, rule on Rate Library Table 5"
"2026-08-28 09:00","J. Krasnoff-Hnatjuk","PWG-BND-023","","Fitting DN (mm)","","375","Master Register!CB1485 — derived from pipeline section and material"
"2026-08-28 09:00","J. Krasnoff-Hnatjuk","PWG-BND-023","","Unit Rate ($) / Quantity / Unit","","formula reading Rate Library Table 5","Master Register!BU1485:BW1485"
"2026-08-28 09:00","J. Krasnoff-Hnatjuk","PWG-IV-001","","Unit Rate ($) / Quantity / Unit","","formula reading Rate Library Table 6","Master Register!BU1490:BW1490"
"2026-08-28 09:00","J. Krasnoff-Hnatjuk","PWG-SCV-005","","Unit Rate ($) / Quantity / Unit","","formula reading Rate Library Table 6","Master Register!BU1493:BW1493"
"2026-08-28 09:00","J. Krasnoff-Hnatjuk","PWG-AV-006","","Unit Rate ($) / Quantity / Unit","","formula reading Rate Library Table 6","Master Register!BU1495:BW1495"
"2026-08-28 09:00","J. Krasnoff-Hnatjuk","PWG-SCV-006","","Unit Rate ($) / Quantity / Unit","","formula reading Rate Library Table 6","Master Register!BU1496:BW1496"
"2026-08-28 09:00","J. Krasnoff-Hnatjuk","PWG-AV-007","","Unit Rate ($) / Quantity / Unit","","formula reading Rate Library Table 6","Master Register!BU1497:BW1497"
"2026-08-28 09:00","J. Krasnoff-Hnatjuk","PWG-BND-024","","Fitting Material","","DICL","Master Register!CA1499 — derived from bend angle, rule on Rate Library Table 5"
"2026-08-28 09:00","J. Krasnoff-Hnatjuk","PWG-BND-024","","Fitting DN (mm)","","375","Master Register!CB1499 — derived from pipeline section and material"
"2026-08-28 09:00","J. Krasnoff-Hnatjuk","PWG-BND-024","","Unit Rate ($) / Quantity / Unit","","formula reading Rate Library Table 5","Master Register!BU1499:BW1499"
"2026-08-28 09:00","J. Krasnoff-Hnatjuk","PWG-BND-025","","Fitting Material","","MSCL","Master Register!CA1505 — derived from bend angle, rule on Rate Library Table 5"
"2026-08-28 09:00","J. Krasnoff-Hnatjuk","PWG-BND-025","","Fitting DN (mm)","","450","Master Register!CB1505 — derived from pipeline section and material"
"2026-08-28 09:00","J. Krasnoff-Hnatjuk","PWG-BND-025","","Unit Rate ($) / Quantity / Unit","","formula reading Rate Library Table 5","Master Register!BU1505:BW1505"
"2026-08-28 09:00","J. Krasnoff-Hnatjuk","PWG-BND-026","","Fitting Material","","MSCL","Master Register!CA1506 — derived from bend angle, rule on Rate Library Table 5"
"2026-08-28 09:00","J. Krasnoff-Hnatjuk","PWG-BND-026","","Fitting DN (mm)","","450","Master Register!CB1506 — derived from pipeline section and material"
"2026-08-28 09:00","J. Krasnoff-Hnatjuk","PWG-BND-026","","Unit Rate ($) / Quantity / Unit","","formula reading Rate Library Table 5","Master Register!BU1506:BW1506"
"2026-08-28 09:00","J. Krasnoff-Hnatjuk","PWG-BND-027","","Fitting Material","","MSCL","Master Register!CA1509 — derived from bend angle, rule on Rate Library Table 5"
"2026-08-28 09:00","J. Krasnoff-Hnatjuk","PWG-BND-027","","Fitting DN (mm)","","450","Master Register!CB1509 — derived from pipeline section and material"
"2026-08-28 09:00","J. Krasnoff-Hnatjuk","PWG-BND-027","","Unit Rate ($) / Quantity / Unit","","formula reading Rate Library Table 5","Master Register!BU1509:BW1509"
"2026-08-28 09:00","J. Krasnoff-Hnatjuk","PWG-AV-008","","Unit Rate ($) / Quantity / Unit","","formula reading Rate Library Table 6","Master Register!BU1511:BW1511"
"2026-08-28 09:00","J. Krasnoff-Hnatjuk","PWG-SCV-007","","Unit Rate ($) / Quantity / Unit","","formula reading Rate Library Table 6","Master Register!BU1512:BW1512"
"2026-08-28 09:00","J. Krasnoff-Hnatjuk","PWG-AV-009","","Unit Rate ($) / Quantity / Unit","","formula reading Rate Library Table 6","Master Register!BU1514:BW1514"
"2026-08-28 09:00","J. Krasnoff-Hnatjuk","PWG-SCV-008","","Unit Rate ($) / Quantity / Unit","","formula reading Rate Library Table 6","Master Register!BU1521:BW1521"
"2026-08-28 09:00","J. Krasnoff-Hnatjuk","PWG-BND-028","","Fitting Material","","DICL","Master Register!CA1527 — derived from bend angle, rule on Rate Library Table 5"
"2026-08-28 09:00","J. Krasnoff-Hnatjuk","PWG-BND-028","","Fitting DN (mm)","","375","Master Register!CB1527 — derived from pipeline section and material"
"2026-08-28 09:00","J. Krasnoff-Hnatjuk","PWG-BND-028","","Unit Rate ($) / Quantity / Unit","","formula reading Rate Library Table 5","Master Register!BU1527:BW1527"
"2026-08-28 09:00","J. Krasnoff-Hnatjuk","PWG-BND-029","","Fitting Material","","DICL","Master Register!CA1534 — derived from bend angle, rule on Rate Library Table 5"
"2026-08-28 09:00","J. Krasnoff-Hnatjuk","PWG-BND-029","","Fitting DN (mm)","","375","Master Register!CB1534 — derived from pipeline section and material"
"2026-08-28 09:00","J. Krasnoff-Hnatjuk","PWG-BND-029","","Unit Rate ($) / Quantity / Unit","","formula reading Rate Library Table 5","Master Register!BU1534:BW1534"
"2026-08-28 09:00","J. Krasnoff-Hnatjuk","PWG-IV-002","","Unit Rate ($) / Quantity / Unit","","formula reading Rate Library Table 6","Master Register!BU1537:BW1537"
"2026-08-28 09:00","J. Krasnoff-Hnatjuk","PWG-BND-030","","Fitting Material","","MSCL","Master Register!CA1541 — derived from bend angle, rule on Rate Library Table 5"
"2026-08-28 09:00","J. Krasnoff-Hnatjuk","PWG-BND-030","","Fitting DN (mm)","","450","Master Register!CB1541 — derived from pipeline section and material"
"2026-08-28 09:00","J. Krasnoff-Hnatjuk","PWG-BND-030","","Unit Rate ($) / Quantity / Unit","","formula reading Rate Library Table 5","Master Register!BU1541:BW1541"
"2026-08-28 09:00","J. Krasnoff-Hnatjuk","PWG-BND-031","","Fitting Material","","MSCL","Master Register!CA1543 — derived from bend angle, rule on Rate Library Table 5"
"2026-08-28 09:00","J. Krasnoff-Hnatjuk","PWG-BND-031","","Fitting DN (mm)","","450","Master Register!CB1543 — derived from pipeline section and material"
"2026-08-28 09:00","J. Krasnoff-Hnatjuk","PWG-BND-031","","Unit Rate ($) / Quantity / Unit","","formula reading Rate Library Table 5","Master Register!BU1543:BW1543"
"2026-08-28 09:00","J. Krasnoff-Hnatjuk","PWG-BND-032","","Fitting Material","","MSCL","Master Register!CA1546 — derived from bend angle, rule on Rate Library Table 5"
"2026-08-28 09:00","J. Krasnoff-Hnatjuk","PWG-BND-032","","Fitting DN (mm)","","450","Master Register!CB1546 — derived from pipeline section and material"
"2026-08-28 09:00","J. Krasnoff-Hnatjuk","PWG-BND-032","","Unit Rate ($) / Quantity / Unit","","formula reading Rate Library Table 5","Master Register!BU1546:BW1546"
"2026-08-28 09:00","J. Krasnoff-Hnatjuk","PWG-BND-033","","Fitting Material","","DICL","Master Register!CA1552 — derived from bend angle, rule on Rate Library Table 5"
"2026-08-28 09:00","J. Krasnoff-Hnatjuk","PWG-BND-033","","Fitting DN (mm)","","375","Master Register!CB1552 — derived from pipeline section and material"
"2026-08-28 09:00","J. Krasnoff-Hnatjuk","PWG-BND-033","","Unit Rate ($) / Quantity / Unit","","formula reading Rate Library Table 5","Master Register!BU1552:BW1552"
"2026-08-28 09:00","J. Krasnoff-Hnatjuk","PWG-BND-034","","Fitting Material","","DICL","Master Register!CA1554 — derived from bend angle, rule on Rate Library Table 5"
"2026-08-28 09:00","J. Krasnoff-Hnatjuk","PWG-BND-034","","Fitting DN (mm)","","375","Master Register!CB1554 — derived from pipeline section and material"
"2026-08-28 09:00","J. Krasnoff-Hnatjuk","PWG-BND-034","","Unit Rate ($) / Quantity / Unit","","formula reading Rate Library Table 5","Master Register!BU1554:BW1554"
"2026-08-28 09:00","J. Krasnoff-Hnatjuk","PWG-PIG-002","","Unit Rate ($) / Quantity / Unit","","formula reading Rate Library Table 6","Master Register!BU1556:BW1556"
"2026-08-28 09:00","J. Krasnoff-Hnatjuk","PWG-AV-010","","Unit Rate ($) / Quantity / Unit","","formula reading Rate Library Table 6","Master Register!BU1559:BW1559"
"2026-08-28 09:00","J. Krasnoff-Hnatjuk","PWG-BND-035","","Fitting Material","","DICL","Master Register!CA1561 — derived from bend angle, rule on Rate Library Table 5"
"2026-08-28 09:00","J. Krasnoff-Hnatjuk","PWG-BND-035","","Fitting DN (mm)","","375","Master Register!CB1561 — derived from pipeline section and material"
"2026-08-28 09:00","J. Krasnoff-Hnatjuk","PWG-BND-035","","Unit Rate ($) / Quantity / Unit","","formula reading Rate Library Table 5","Master Register!BU1561:BW1561"
"2026-08-28 09:00","J. Krasnoff-Hnatjuk","PWG-BND-036","","Fitting Material","","DICL","Master Register!CA1563 — derived from bend angle, rule on Rate Library Table 5"
"2026-08-28 09:00","J. Krasnoff-Hnatjuk","PWG-BND-036","","Fitting DN (mm)","","375","Master Register!CB1563 — derived from pipeline section and material"
"2026-08-28 09:00","J. Krasnoff-Hnatjuk","PWG-BND-036","","Unit Rate ($) / Quantity / Unit","","formula reading Rate Library Table 5","Master Register!BU1563:BW1563"
"2026-08-28 09:00","J. Krasnoff-Hnatjuk","PWG-BND-037","","Fitting Material","","MSCL","Master Register!CA1566 — derived from bend angle, rule on Rate Library Table 5"
"2026-08-28 09:00","J. Krasnoff-Hnatjuk","PWG-BND-037","","Fitting DN (mm)","","450","Master Register!CB1566 — derived from pipeline section and material"
"2026-08-28 09:00","J. Krasnoff-Hnatjuk","PWG-BND-037","","Unit Rate ($) / Quantity / Unit","","formula reading Rate Library Table 5","Master Register!BU1566:BW1566"
"2026-08-28 09:00","J. Krasnoff-Hnatjuk","PWG-BND-038","","Fitting Material","","MSCL","Master Register!CA1568 — derived from bend angle, rule on Rate Library Table 5"
"2026-08-28 09:00","J. Krasnoff-Hnatjuk","PWG-BND-038","","Fitting DN (mm)","","450","Master Register!CB1568 — derived from pipeline section and material"
"2026-08-28 09:00","J. Krasnoff-Hnatjuk","PWG-BND-038","","Unit Rate ($) / Quantity / Unit","","formula reading Rate Library Table 5","Master Register!BU1568:BW1568"
"2026-08-28 09:00","J. Krasnoff-Hnatjuk","PWG-BND-039","","Fitting Material","","DICL","Master Register!CA1571 — derived from bend angle, rule on Rate Library Table 5"
"2026-08-28 09:00","J. Krasnoff-Hnatjuk","PWG-BND-039","","Fitting DN (mm)","","375","Master Register!CB1571 — derived from pipeline section and material"
"2026-08-28 09:00","J. Krasnoff-Hnatjuk","PWG-BND-039","","Unit Rate ($) / Quantity / Unit","","formula reading Rate Library Table 5","Master Register!BU1571:BW1571"
"2026-08-28 09:00","J. Krasnoff-Hnatjuk","PWG-AV-011","","Unit Rate ($) / Quantity / Unit","","formula reading Rate Library Table 6","Master Register!BU1572:BW1572"
"2026-08-28 09:00","J. Krasnoff-Hnatjuk","PWG-BND-040","","Fitting Material","","DICL","Master Register!CA1584 — derived from bend angle, rule on Rate Library Table 5"
"2026-08-28 09:00","J. Krasnoff-Hnatjuk","PWG-BND-040","","Fitting DN (mm)","","375","Master Register!CB1584 — derived from pipeline section and material"
"2026-08-28 09:00","J. Krasnoff-Hnatjuk","PWG-BND-040","","Unit Rate ($) / Quantity / Unit","","formula reading Rate Library Table 5","Master Register!BU1584:BW1584"
"2026-08-28 09:00","J. Krasnoff-Hnatjuk","PWG-BND-041","","Fitting Material","","DICL","Master Register!CA1593 — derived from bend angle, rule on Rate Library Table 5"
"2026-08-28 09:00","J. Krasnoff-Hnatjuk","PWG-BND-041","","Fitting DN (mm)","","375","Master Register!CB1593 — derived from pipeline section and material"
"2026-08-28 09:00","J. Krasnoff-Hnatjuk","PWG-BND-041","","Unit Rate ($) / Quantity / Unit","","formula reading Rate Library Table 5","Master Register!BU1593:BW1593"
"2026-08-28 09:00","J. Krasnoff-Hnatjuk","PWG-BND-042","","Fitting Material","","DICL","Master Register!CA1596 — derived from bend angle, rule on Rate Library Table 5"
"2026-08-28 09:00","J. Krasnoff-Hnatjuk","PWG-BND-042","","Fitting DN (mm)","","375","Master Register!CB1596 — derived from pipeline section and material"
"2026-08-28 09:00","J. Krasnoff-Hnatjuk","PWG-BND-042","","Unit Rate ($) / Quantity / Unit","","formula reading Rate Library Table 5","Master Register!BU1596:BW1596"
"2026-08-28 09:00","J. Krasnoff-Hnatjuk","PWG-BND-043","","Fitting Material","","DICL","Master Register!CA1603 — derived from bend angle, rule on Rate Library Table 5"
"2026-08-28 09:00","J. Krasnoff-Hnatjuk","PWG-BND-043","","Fitting DN (mm)","","375","Master Register!CB1603 — derived from pipeline section and material"
"2026-08-28 09:00","J. Krasnoff-Hnatjuk","PWG-BND-043","","Unit Rate ($) / Quantity / Unit","","formula reading Rate Library Table 5","Master Register!BU1603:BW1603"
"2026-08-28 09:00","J. Krasnoff-Hnatjuk","PWG-AV-012","","Unit Rate ($) / Quantity / Unit","","formula reading Rate Library Table 6","Master Register!BU1605:BW1605"
"2026-08-28 09:00","J. Krasnoff-Hnatjuk","PWG-BND-044","","Fitting Material","","DICL","Master Register!CA1607 — derived from bend angle, rule on Rate Library Table 5"
"2026-08-28 09:00","J. Krasnoff-Hnatjuk","PWG-BND-044","","Fitting DN (mm)","","375","Master Register!CB1607 — derived from pipeline section and material"
"2026-08-28 09:00","J. Krasnoff-Hnatjuk","PWG-BND-044","","Unit Rate ($) / Quantity / Unit","","formula reading Rate Library Table 5","Master Register!BU1607:BW1607"
"2026-08-28 09:00","J. Krasnoff-Hnatjuk","PWG-BND-045","","Fitting Material","","DICL","Master Register!CA1611 — derived from bend angle, rule on Rate Library Table 5"
"2026-08-28 09:00","J. Krasnoff-Hnatjuk","PWG-BND-045","","Fitting DN (mm)","","375","Master Register!CB1611 — derived from pipeline section and material"
"2026-08-28 09:00","J. Krasnoff-Hnatjuk","PWG-BND-045","","Unit Rate ($) / Quantity / Unit","","formula reading Rate Library Table 5","Master Register!BU1611:BW1611"
"2026-08-28 09:00","J. Krasnoff-Hnatjuk","PWG-BND-046","","Fitting Material","","DICL","Master Register!CA1617 — derived from bend angle, rule on Rate Library Table 5"
"2026-08-28 09:00","J. Krasnoff-Hnatjuk","PWG-BND-046","","Fitting DN (mm)","","375","Master Register!CB1617 — derived from pipeline section and material"
"2026-08-28 09:00","J. Krasnoff-Hnatjuk","PWG-BND-046","","Unit Rate ($) / Quantity / Unit","","formula reading Rate Library Table 5","Master Register!BU1617:BW1617"
"2026-08-28 09:00","J. Krasnoff-Hnatjuk","PWG-BND-047","","Fitting Material","","MSCL","Master Register!CA1628 — derived from bend angle, rule on Rate Library Table 5"
"2026-08-28 09:00","J. Krasnoff-Hnatjuk","PWG-BND-047","","Fitting DN (mm)","","450","Master Register!CB1628 — derived from pipeline section and material"
"2026-08-28 09:00","J. Krasnoff-Hnatjuk","PWG-BND-047","","Unit Rate ($) / Quantity / Unit","","formula reading Rate Library Table 5","Master Register!BU1628:BW1628"
"2026-08-28 09:00","J. Krasnoff-Hnatjuk","PWG-BND-048","","Fitting Material","","MSCL","Master Register!CA1639 — derived from bend angle, rule on Rate Library Table 5"
"2026-08-28 09:00","J. Krasnoff-Hnatjuk","PWG-BND-048","","Fitting DN (mm)","","450","Master Register!CB1639 — derived from pipeline section and material"
"2026-08-28 09:00","J. Krasnoff-Hnatjuk","PWG-BND-048","","Unit Rate ($) / Quantity / Unit","","formula reading Rate Library Table 5","Master Register!BU1639:BW1639"
"2026-08-28 09:00","J. Krasnoff-Hnatjuk","PWG-BND-049","","Fitting Material","","MSCL","Master Register!CA1641 — derived from bend angle, rule on Rate Library Table 5"
"2026-08-28 09:00","J. Krasnoff-Hnatjuk","PWG-BND-049","","Fitting DN (mm)","","450","Master Register!CB1641 — derived from pipeline section and material"
"2026-08-28 09:00","J. Krasnoff-Hnatjuk","PWG-BND-049","","Unit Rate ($) / Quantity / Unit","","formula reading Rate Library Table 5","Master Register!BU1641:BW1641"
"2026-08-28 09:00","J. Krasnoff-Hnatjuk","PWG-BND-050","","Fitting Material","","MSCL","Master Register!CA1644 — derived from bend angle, rule on Rate Library Table 5"
"2026-08-28 09:00","J. Krasnoff-Hnatjuk","PWG-BND-050","","Fitting DN (mm)","","450","Master Register!CB1644 — derived from pipeline section and material"
"2026-08-28 09:00","J. Krasnoff-Hnatjuk","PWG-BND-050","","Unit Rate ($) / Quantity / Unit","","formula reading Rate Library Table 5","Master Register!BU1644:BW1644"
"2026-08-28 09:00","J. Krasnoff-Hnatjuk","PWG-IV-003","","Unit Rate ($) / Quantity / Unit","","formula reading Rate Library Table 6","Master Register!BU1647:BW1647"
"2026-08-28 09:00","J. Krasnoff-Hnatjuk","PWG-BND-051","","Fitting Material","","DICL","Master Register!CA1649 — derived from bend angle, rule on Rate Library Table 5"
"2026-08-28 09:00","J. Krasnoff-Hnatjuk","PWG-BND-051","","Fitting DN (mm)","","375","Master Register!CB1649 — derived from pipeline section and material"
"2026-08-28 09:00","J. Krasnoff-Hnatjuk","PWG-BND-051","","Unit Rate ($) / Quantity / Unit","","formula reading Rate Library Table 5","Master Register!BU1649:BW1649"
"2026-08-28 09:00","J. Krasnoff-Hnatjuk","PWG-BND-052","","Fitting Material","","DICL","Master Register!CA1651 — derived from bend angle, rule on Rate Library Table 5"
"2026-08-28 09:00","J. Krasnoff-Hnatjuk","PWG-BND-052","","Fitting DN (mm)","","375","Master Register!CB1651 — derived from pipeline section and material"
"2026-08-28 09:00","J. Krasnoff-Hnatjuk","PWG-BND-052","","Unit Rate ($) / Quantity / Unit","","formula reading Rate Library Table 5","Master Register!BU1651:BW1651"
"2026-08-28 09:00","J. Krasnoff-Hnatjuk","PWG-BND-053","","Fitting Material","","DICL","Master Register!CA1663 — derived from bend angle, rule on Rate Library Table 5"
"2026-08-28 09:00","J. Krasnoff-Hnatjuk","PWG-BND-053","","Fitting DN (mm)","","375","Master Register!CB1663 — derived from pipeline section and material"
"2026-08-28 09:00","J. Krasnoff-Hnatjuk","PWG-BND-053","","Unit Rate ($) / Quantity / Unit","","formula reading Rate Library Table 5","Master Register!BU1663:BW1663"
"2026-08-28 09:00","J. Krasnoff-Hnatjuk","PWG-BND-054","","Fitting Material","","DICL","Master Register!CA1666 — derived from bend angle, rule on Rate Library Table 5"
"2026-08-28 09:00","J. Krasnoff-Hnatjuk","PWG-BND-054","","Fitting DN (mm)","","375","Master Register!CB1666 — derived from pipeline section and material"
"2026-08-28 09:00","J. Krasnoff-Hnatjuk","PWG-BND-054","","Unit Rate ($) / Quantity / Unit","","formula reading Rate Library Table 5","Master Register!BU1666:BW1666"
"2026-08-28 09:00","J. Krasnoff-Hnatjuk","PWG-IV-004","","Unit Rate ($) / Quantity / Unit","","formula reading Rate Library Table 6","Master Register!BU1668:BW1668"
"2026-08-28 09:00","J. Krasnoff-Hnatjuk","PWG-SCV-009","","Unit Rate ($) / Quantity / Unit","","formula reading Rate Library Table 6","Master Register!BU1696:BW1696"
"2026-08-28 09:00","J. Krasnoff-Hnatjuk","PWG-AV-013","","Unit Rate ($) / Quantity / Unit","","formula reading Rate Library Table 6","Master Register!BU1697:BW1697"
"2026-08-28 09:00","J. Krasnoff-Hnatjuk","PWG-BND-055","","Fitting Material","","DICL","Master Register!CA1708 — derived from bend angle, rule on Rate Library Table 5"
"2026-08-28 09:00","J. Krasnoff-Hnatjuk","PWG-BND-055","","Fitting DN (mm)","","375","Master Register!CB1708 — derived from pipeline section and material"
"2026-08-28 09:00","J. Krasnoff-Hnatjuk","PWG-BND-055","","Unit Rate ($) / Quantity / Unit","","formula reading Rate Library Table 5","Master Register!BU1708:BW1708"
"2026-08-28 09:00","J. Krasnoff-Hnatjuk","PWG-SCV-010","","Unit Rate ($) / Quantity / Unit","","formula reading Rate Library Table 6","Master Register!BU1711:BW1711"
"2026-08-28 09:00","J. Krasnoff-Hnatjuk","PWG-AV-014","","Unit Rate ($) / Quantity / Unit","","formula reading Rate Library Table 6","Master Register!BU1716:BW1716"
"2026-08-28 09:00","J. Krasnoff-Hnatjuk","PWG-AV-015","","Unit Rate ($) / Quantity / Unit","","formula reading Rate Library Table 6","Master Register!BU1726:BW1726"
"2026-08-28 09:00","J. Krasnoff-Hnatjuk","PWG-SCV-011","","Unit Rate ($) / Quantity / Unit","","formula reading Rate Library Table 6","Master Register!BU1733:BW1733"
"2026-08-28 09:00","J. Krasnoff-Hnatjuk","PWG-BND-056","","Fitting Material","","DICL","Master Register!CA1737 — derived from bend angle, rule on Rate Library Table 5"
"2026-08-28 09:00","J. Krasnoff-Hnatjuk","PWG-BND-056","","Fitting DN (mm)","","375","Master Register!CB1737 — derived from pipeline section and material"
"2026-08-28 09:00","J. Krasnoff-Hnatjuk","PWG-BND-056","","Unit Rate ($) / Quantity / Unit","","formula reading Rate Library Table 5","Master Register!BU1737:BW1737"
"2026-08-28 09:00","J. Krasnoff-Hnatjuk","PWG-BND-057","","Fitting Material","","DICL","Master Register!CA1738 — derived from bend angle, rule on Rate Library Table 5"
"2026-08-28 09:00","J. Krasnoff-Hnatjuk","PWG-BND-057","","Fitting DN (mm)","","375","Master Register!CB1738 — derived from pipeline section and material"
"2026-08-28 09:00","J. Krasnoff-Hnatjuk","PWG-BND-057","","Unit Rate ($) / Quantity / Unit","","formula reading Rate Library Table 5","Master Register!BU1738:BW1738"
"2026-08-28 09:00","J. Krasnoff-Hnatjuk","PWG-AV-016","","Unit Rate ($) / Quantity / Unit","","formula reading Rate Library Table 6","Master Register!BU1740:BW1740"
"2026-08-28 09:00","J. Krasnoff-Hnatjuk","PWG-BND-058","","Fitting Material","","DICL","Master Register!CA1754 — derived from bend angle, rule on Rate Library Table 5"
"2026-08-28 09:00","J. Krasnoff-Hnatjuk","PWG-BND-058","","Fitting DN (mm)","","375","Master Register!CB1754 — derived from pipeline section and material"
"2026-08-28 09:00","J. Krasnoff-Hnatjuk","PWG-BND-058","","Unit Rate ($) / Quantity / Unit","","formula reading Rate Library Table 5","Master Register!BU1754:BW1754"
"2026-08-28 09:00","J. Krasnoff-Hnatjuk","PWG-BND-059","","Fitting Material","","DICL","Master Register!CA1762 — derived from bend angle, rule on Rate Library Table 5"
"2026-08-28 09:00","J. Krasnoff-Hnatjuk","PWG-BND-059","","Fitting DN (mm)","","375","Master Register!CB1762 — derived from pipeline section and material"
"2026-08-28 09:00","J. Krasnoff-Hnatjuk","PWG-BND-059","","Unit Rate ($) / Quantity / Unit","","formula reading Rate Library Table 5","Master Register!BU1762:BW1762"
"2026-08-28 09:00","J. Krasnoff-Hnatjuk","PWG-BND-060","","Fitting Material","","DICL","Master Register!CA1765 — derived from bend angle, rule on Rate Library Table 5"
"2026-08-28 09:00","J. Krasnoff-Hnatjuk","PWG-BND-060","","Fitting DN (mm)","","375","Master Register!CB1765 — derived from pipeline section and material"
"2026-08-28 09:00","J. Krasnoff-Hnatjuk","PWG-BND-060","","Unit Rate ($) / Quantity / Unit","","formula reading Rate Library Table 5","Master Register!BU1765:BW1765"
"2026-08-28 09:00","J. Krasnoff-Hnatjuk","PWG-BND-061","","Fitting Material","","DICL","Master Register!CA1769 — derived from bend angle, rule on Rate Library Table 5"
"2026-08-28 09:00","J. Krasnoff-Hnatjuk","PWG-BND-061","","Fitting DN (mm)","","375","Master Register!CB1769 — derived from pipeline section and material"
"2026-08-28 09:00","J. Krasnoff-Hnatjuk","PWG-BND-061","","Unit Rate ($) / Quantity / Unit","","formula reading Rate Library Table 5","Master Register!BU1769:BW1769"
"2026-08-28 09:00","J. Krasnoff-Hnatjuk","PWG-BND-062","","Fitting Material","","DICL","Master Register!CA1779 — derived from bend angle, rule on Rate Library Table 5"
"2026-08-28 09:00","J. Krasnoff-Hnatjuk","PWG-BND-062","","Fitting DN (mm)","","375","Master Register!CB1779 — derived from pipeline section and material"
"2026-08-28 09:00","J. Krasnoff-Hnatjuk","PWG-BND-062","","Unit Rate ($) / Quantity / Unit","","formula reading Rate Library Table 5","Master Register!BU1779:BW1779"
"2026-08-28 09:00","J. Krasnoff-Hnatjuk","PWG-AV-017","","Unit Rate ($) / Quantity / Unit","","formula reading Rate Library Table 6","Master Register!BU1780:BW1780"
"2026-08-28 09:00","J. Krasnoff-Hnatjuk","PWG-SCV-012","","Unit Rate ($) / Quantity / Unit","","formula reading Rate Library Table 6","Master Register!BU1797:BW1797"
"2026-08-28 09:00","J. Krasnoff-Hnatjuk","PWG-BND-063","","Fitting Material","","DICL","Master Register!CA1799 — derived from bend angle, rule on Rate Library Table 5"
"2026-08-28 09:00","J. Krasnoff-Hnatjuk","PWG-BND-063","","Fitting DN (mm)","","375","Master Register!CB1799 — derived from pipeline section and material"
"2026-08-28 09:00","J. Krasnoff-Hnatjuk","PWG-BND-063","","Unit Rate ($) / Quantity / Unit","","formula reading Rate Library Table 5","Master Register!BU1799:BW1799"
"2026-08-28 09:00","J. Krasnoff-Hnatjuk","PWG-AV-018","","Unit Rate ($) / Quantity / Unit","","formula reading Rate Library Table 6","Master Register!BU1805:BW1805"
"2026-08-28 09:00","J. Krasnoff-Hnatjuk","PWG-BND-064","","Fitting Material","","DICL","Master Register!CA1807 — derived from bend angle, rule on Rate Library Table 5"
"2026-08-28 09:00","J. Krasnoff-Hnatjuk","PWG-BND-064","","Fitting DN (mm)","","375","Master Register!CB1807 — derived from pipeline section and material"
"2026-08-28 09:00","J. Krasnoff-Hnatjuk","PWG-BND-064","","Unit Rate ($) / Quantity / Unit","","formula reading Rate Library Table 5","Master Register!BU1807:BW1807"
"2026-08-28 09:00","J. Krasnoff-Hnatjuk","PWG-BND-065","","Fitting Material","","DICL","Master Register!CA1809 — derived from bend angle, rule on Rate Library Table 5"
"2026-08-28 09:00","J. Krasnoff-Hnatjuk","PWG-BND-065","","Fitting DN (mm)","","375","Master Register!CB1809 — derived from pipeline section and material"
"2026-08-28 09:00","J. Krasnoff-Hnatjuk","PWG-BND-065","","Unit Rate ($) / Quantity / Unit","","formula reading Rate Library Table 5","Master Register!BU1809:BW1809"
"2026-08-28 09:00","J. Krasnoff-Hnatjuk","PWG-SCV-013","","Unit Rate ($) / Quantity / Unit","","formula reading Rate Library Table 6","Master Register!BU1811:BW1811"
"2026-08-28 09:00","J. Krasnoff-Hnatjuk","PWG-IV-005","","Unit Rate ($) / Quantity / Unit","","formula reading Rate Library Table 6","Master Register!BU1821:BW1821"
"2026-08-28 09:00","J. Krasnoff-Hnatjuk","PWG-BND-066","","Fitting Material","","DICL","Master Register!CA1830 — derived from bend angle, rule on Rate Library Table 5"
"2026-08-28 09:00","J. Krasnoff-Hnatjuk","PWG-BND-066","","Fitting DN (mm)","","375","Master Register!CB1830 — derived from pipeline section and material"
"2026-08-28 09:00","J. Krasnoff-Hnatjuk","PWG-BND-066","","Unit Rate ($) / Quantity / Unit","","formula reading Rate Library Table 5","Master Register!BU1830:BW1830"
"2026-08-28 09:00","J. Krasnoff-Hnatjuk","PWG-BND-067","","Fitting Material","","DICL","Master Register!CA1832 — derived from bend angle, rule on Rate Library Table 5"
"2026-08-28 09:00","J. Krasnoff-Hnatjuk","PWG-BND-067","","Fitting DN (mm)","","375","Master Register!CB1832 — derived from pipeline section and material"
"2026-08-28 09:00","J. Krasnoff-Hnatjuk","PWG-BND-067","","Unit Rate ($) / Quantity / Unit","","formula reading Rate Library Table 5","Master Register!BU1832:BW1832"
"2026-08-28 09:00","J. Krasnoff-Hnatjuk","PWG-BND-068","","Fitting Material","","MSCL","Master Register!CA1844 — derived from bend angle, rule on Rate Library Table 5"
"2026-08-28 09:00","J. Krasnoff-Hnatjuk","PWG-BND-068","","Fitting DN (mm)","","450","Master Register!CB1844 — derived from pipeline section and material"
"2026-08-28 09:00","J. Krasnoff-Hnatjuk","PWG-BND-068","","Unit Rate ($) / Quantity / Unit","","formula reading Rate Library Table 5","Master Register!BU1844:BW1844"
"2026-08-28 09:00","J. Krasnoff-Hnatjuk","PWG-BND-069","","Fitting Material","","MSCL","Master Register!CA1847 — derived from bend angle, rule on Rate Library Table 5"
"2026-08-28 09:00","J. Krasnoff-Hnatjuk","PWG-BND-069","","Fitting DN (mm)","","450","Master Register!CB1847 — derived from pipeline section and material"
"2026-08-28 09:00","J. Krasnoff-Hnatjuk","PWG-BND-069","","Unit Rate ($) / Quantity / Unit","","formula reading Rate Library Table 5","Master Register!BU1847:BW1847"
"2026-08-28 09:00","J. Krasnoff-Hnatjuk","PWG-BND-070","","Fitting Material","","MSCL","Master Register!CA1848 — derived from bend angle, rule on Rate Library Table 5"
"2026-08-28 09:00","J. Krasnoff-Hnatjuk","PWG-BND-070","","Fitting DN (mm)","","450","Master Register!CB1848 — derived from pipeline section and material"
"2026-08-28 09:00","J. Krasnoff-Hnatjuk","PWG-BND-070","","Unit Rate ($) / Quantity / Unit","","formula reading Rate Library Table 5","Master Register!BU1848:BW1848"
"2026-08-28 09:00","J. Krasnoff-Hnatjuk","PWG-BND-071","","Fitting Material","","MSCL","Master Register!CA1850 — derived from bend angle, rule on Rate Library Table 5"
"2026-08-28 09:00","J. Krasnoff-Hnatjuk","PWG-BND-071","","Fitting DN (mm)","","450","Master Register!CB1850 — derived from pipeline section and material"
"2026-08-28 09:00","J. Krasnoff-Hnatjuk","PWG-BND-071","","Unit Rate ($) / Quantity / Unit","","formula reading Rate Library Table 5","Master Register!BU1850:BW1850"
"2026-08-28 09:00","J. Krasnoff-Hnatjuk","PWG-BND-072","","Fitting Material","","MSCL","Master Register!CA1853 — derived from bend angle, rule on Rate Library Table 5"
"2026-08-28 09:00","J. Krasnoff-Hnatjuk","PWG-BND-072","","Fitting DN (mm)","","450","Master Register!CB1853 — derived from pipeline section and material"
"2026-08-28 09:00","J. Krasnoff-Hnatjuk","PWG-BND-072","","Unit Rate ($) / Quantity / Unit","","formula reading Rate Library Table 5","Master Register!BU1853:BW1853"
"2026-08-28 09:00","J. Krasnoff-Hnatjuk","PWG-SCV-014","","Unit Rate ($) / Quantity / Unit","","formula reading Rate Library Table 6","Master Register!BU1856:BW1856"
"2026-08-28 09:00","J. Krasnoff-Hnatjuk","PWG-AV-019","","Unit Rate ($) / Quantity / Unit","","formula reading Rate Library Table 6","Master Register!BU1857:BW1857"
"2026-08-28 09:00","J. Krasnoff-Hnatjuk","PWG-BND-073","","Fitting Material","","MSCL","Master Register!CA1860 — derived from bend angle, rule on Rate Library Table 5"
"2026-08-28 09:00","J. Krasnoff-Hnatjuk","PWG-BND-073","","Fitting DN (mm)","","450","Master Register!CB1860 — derived from pipeline section and material"
"2026-08-28 09:00","J. Krasnoff-Hnatjuk","PWG-BND-073","","Unit Rate ($) / Quantity / Unit","","formula reading Rate Library Table 5","Master Register!BU1860:BW1860"
"2026-08-28 09:00","J. Krasnoff-Hnatjuk","PWG-BND-074","","Fitting Material","","MSCL","Master Register!CA1863 — derived from bend angle, rule on Rate Library Table 5"
"2026-08-28 09:00","J. Krasnoff-Hnatjuk","PWG-BND-074","","Fitting DN (mm)","","450","Master Register!CB1863 — derived from pipeline section and material"
"2026-08-28 09:00","J. Krasnoff-Hnatjuk","PWG-BND-074","","Unit Rate ($) / Quantity / Unit","","formula reading Rate Library Table 5","Master Register!BU1863:BW1863"
"2026-08-28 09:00","J. Krasnoff-Hnatjuk","PWG-SCV-015","","Unit Rate ($) / Quantity / Unit","","formula reading Rate Library Table 6","Master Register!BU1869:BW1869"
"2026-08-28 09:00","J. Krasnoff-Hnatjuk","PWG-BND-075","","Fitting Material","","DICL","Master Register!CA1898 — derived from bend angle, rule on Rate Library Table 5"
"2026-08-28 09:00","J. Krasnoff-Hnatjuk","PWG-BND-075","","Fitting DN (mm)","","375","Master Register!CB1898 — derived from pipeline section and material"
"2026-08-28 09:00","J. Krasnoff-Hnatjuk","PWG-BND-075","","Unit Rate ($) / Quantity / Unit","","formula reading Rate Library Table 5","Master Register!BU1898:BW1898"
"2026-08-28 09:00","J. Krasnoff-Hnatjuk","PWG-SCV-016","","Unit Rate ($) / Quantity / Unit","","formula reading Rate Library Table 6","Master Register!BU1901:BW1901"
"2026-08-28 09:00","J. Krasnoff-Hnatjuk","PWG-AV-020","","Unit Rate ($) / Quantity / Unit","","formula reading Rate Library Table 6","Master Register!BU1913:BW1913"
"2026-08-28 09:00","J. Krasnoff-Hnatjuk","PWG-SCV-017","","Unit Rate ($) / Quantity / Unit","","formula reading Rate Library Table 6","Master Register!BU1916:BW1916"
"2026-08-28 09:00","J. Krasnoff-Hnatjuk","PWG-AV-021","","Unit Rate ($) / Quantity / Unit","","formula reading Rate Library Table 6","Master Register!BU1919:BW1919"
"2026-08-28 09:00","J. Krasnoff-Hnatjuk","PWG-BND-076","","Fitting Material","","DICL","Master Register!CA1926 — derived from bend angle, rule on Rate Library Table 5"
"2026-08-28 09:00","J. Krasnoff-Hnatjuk","PWG-BND-076","","Fitting DN (mm)","","375","Master Register!CB1926 — derived from pipeline section and material"
"2026-08-28 09:00","J. Krasnoff-Hnatjuk","PWG-BND-076","","Unit Rate ($) / Quantity / Unit","","formula reading Rate Library Table 5","Master Register!BU1926:BW1926"
"2026-08-28 09:00","J. Krasnoff-Hnatjuk","PWG-BND-077","","Fitting Material","","DICL","Master Register!CA1934 — derived from bend angle, rule on Rate Library Table 5"
"2026-08-28 09:00","J. Krasnoff-Hnatjuk","PWG-BND-077","","Fitting DN (mm)","","375","Master Register!CB1934 — derived from pipeline section and material"
"2026-08-28 09:00","J. Krasnoff-Hnatjuk","PWG-BND-077","","Unit Rate ($) / Quantity / Unit","","formula reading Rate Library Table 5","Master Register!BU1934:BW1934"
"2026-08-28 09:00","J. Krasnoff-Hnatjuk","PWG-BND-078","","Fitting Material","","DICL","Master Register!CA1938 — derived from bend angle, rule on Rate Library Table 5"
"2026-08-28 09:00","J. Krasnoff-Hnatjuk","PWG-BND-078","","Fitting DN (mm)","","375","Master Register!CB1938 — derived from pipeline section and material"
"2026-08-28 09:00","J. Krasnoff-Hnatjuk","PWG-BND-078","","Unit Rate ($) / Quantity / Unit","","formula reading Rate Library Table 5","Master Register!BU1938:BW1938"
"2026-08-28 09:00","J. Krasnoff-Hnatjuk","PWG-AV-022","","Unit Rate ($) / Quantity / Unit","","formula reading Rate Library Table 6","Master Register!BU1941:BW1941"
"2026-08-28 09:00","J. Krasnoff-Hnatjuk","PWG-BND-079","","Fitting Material","","DICL","Master Register!CA1944 — derived from bend angle, rule on Rate Library Table 5"
"2026-08-28 09:00","J. Krasnoff-Hnatjuk","PWG-BND-079","","Fitting DN (mm)","","375","Master Register!CB1944 — derived from pipeline section and material"
"2026-08-28 09:00","J. Krasnoff-Hnatjuk","PWG-BND-079","","Unit Rate ($) / Quantity / Unit","","formula reading Rate Library Table 5","Master Register!BU1944:BW1944"
"2026-08-28 09:00","J. Krasnoff-Hnatjuk","PWG-BND-080","","Fitting Material","","DICL","Master Register!CA1946 — derived from bend angle, rule on Rate Library Table 5"
"2026-08-28 09:00","J. Krasnoff-Hnatjuk","PWG-BND-080","","Fitting DN (mm)","","375","Master Register!CB1946 — derived from pipeline section and material"
"2026-08-28 09:00","J. Krasnoff-Hnatjuk","PWG-BND-080","","Unit Rate ($) / Quantity / Unit","","formula reading Rate Library Table 5","Master Register!BU1946:BW1946"
"2026-08-28 09:00","J. Krasnoff-Hnatjuk","PWG-PIG-003","","Unit Rate ($) / Quantity / Unit","","formula reading Rate Library Table 6","Master Register!BU1949:BW1949"
"2026-08-28 09:00","J. Krasnoff-Hnatjuk","PWG-AV-023","","Unit Rate ($) / Quantity / Unit","","formula reading Rate Library Table 6","Master Register!BU1950:BW1950"
"2026-08-28 09:00","J. Krasnoff-Hnatjuk","PWG-BND-081","","Fitting Material","","DICL","Master Register!CA1954 — derived from bend angle, rule on Rate Library Table 5"
"2026-08-28 09:00","J. Krasnoff-Hnatjuk","PWG-BND-081","","Fitting DN (mm)","","375","Master Register!CB1954 — derived from pipeline section and material"
"2026-08-28 09:00","J. Krasnoff-Hnatjuk","PWG-BND-081","","Unit Rate ($) / Quantity / Unit","","formula reading Rate Library Table 5","Master Register!BU1954:BW1954"
"2026-08-28 09:00","J. Krasnoff-Hnatjuk","PWG-BND-082","","Fitting Material","","DICL","Master Register!CA1958 — derived from bend angle, rule on Rate Library Table 5"
"2026-08-28 09:00","J. Krasnoff-Hnatjuk","PWG-BND-082","","Fitting DN (mm)","","375","Master Register!CB1958 — derived from pipeline section and material"
"2026-08-28 09:00","J. Krasnoff-Hnatjuk","PWG-BND-082","","Unit Rate ($) / Quantity / Unit","","formula reading Rate Library Table 5","Master Register!BU1958:BW1958"
"2026-08-28 09:00","J. Krasnoff-Hnatjuk","PWG-BND-083","","Fitting Material","","DICL","Master Register!CA1961 — derived from bend angle, rule on Rate Library Table 5"
"2026-08-28 09:00","J. Krasnoff-Hnatjuk","PWG-BND-083","","Fitting DN (mm)","","375","Master Register!CB1961 — derived from pipeline section and material"
"2026-08-28 09:00","J. Krasnoff-Hnatjuk","PWG-BND-083","","Unit Rate ($) / Quantity / Unit","","formula reading Rate Library Table 5","Master Register!BU1961:BW1961"
"2026-08-28 09:00","J. Krasnoff-Hnatjuk","PWG-SCV-018","","Unit Rate ($) / Quantity / Unit","","formula reading Rate Library Table 6","Master Register!BU1963:BW1963"
"2026-08-28 09:00","J. Krasnoff-Hnatjuk","PWG-BND-084","","Fitting Material","","DICL","Master Register!CA1966 — derived from bend angle, rule on Rate Library Table 5"
"2026-08-28 09:00","J. Krasnoff-Hnatjuk","PWG-BND-084","","Fitting DN (mm)","","375","Master Register!CB1966 — derived from pipeline section and material"
"2026-08-28 09:00","J. Krasnoff-Hnatjuk","PWG-BND-084","","Unit Rate ($) / Quantity / Unit","","formula reading Rate Library Table 5","Master Register!BU1966:BW1966"
"2026-08-28 09:00","J. Krasnoff-Hnatjuk","PWG-BND-085","","Fitting Material","","DICL","Master Register!CA1970 — derived from bend angle, rule on Rate Library Table 5"
"2026-08-28 09:00","J. Krasnoff-Hnatjuk","PWG-BND-085","","Fitting DN (mm)","","375","Master Register!CB1970 — derived from pipeline section and material"
"2026-08-28 09:00","J. Krasnoff-Hnatjuk","PWG-BND-085","","Unit Rate ($) / Quantity / Unit","","formula reading Rate Library Table 5","Master Register!BU1970:BW1970"
"2026-08-28 09:00","J. Krasnoff-Hnatjuk","PWG-BND-086","","Fitting Material","","DICL","Master Register!CA1973 — derived from bend angle, rule on Rate Library Table 5"
"2026-08-28 09:00","J. Krasnoff-Hnatjuk","PWG-BND-086","","Fitting DN (mm)","","375","Master Register!CB1973 — derived from pipeline section and material"
"2026-08-28 09:00","J. Krasnoff-Hnatjuk","PWG-BND-086","","Unit Rate ($) / Quantity / Unit","","formula reading Rate Library Table 5","Master Register!BU1973:BW1973"
"2026-08-28 09:00","J. Krasnoff-Hnatjuk","PWG-AV-024","","Unit Rate ($) / Quantity / Unit","","formula reading Rate Library Table 6","Master Register!BU1976:BW1976"
"2026-08-28 09:00","J. Krasnoff-Hnatjuk","PWG-BND-087","","Fitting Material","","DICL","Master Register!CA1987 — derived from bend angle, rule on Rate Library Table 5"
"2026-08-28 09:00","J. Krasnoff-Hnatjuk","PWG-BND-087","","Fitting DN (mm)","","375","Master Register!CB1987 — derived from pipeline section and material"
"2026-08-28 09:00","J. Krasnoff-Hnatjuk","PWG-BND-087","","Unit Rate ($) / Quantity / Unit","","formula reading Rate Library Table 5","Master Register!BU1987:BW1987"
"2026-08-28 09:00","J. Krasnoff-Hnatjuk","PWG-AV-025","","Unit Rate ($) / Quantity / Unit","","formula reading Rate Library Table 6","Master Register!BU1991:BW1991"
"2026-08-28 09:00","J. Krasnoff-Hnatjuk","PWG-BND-088","","Fitting Material","","DICL","Master Register!CA1998 — derived from bend angle, rule on Rate Library Table 5"
"2026-08-28 09:00","J. Krasnoff-Hnatjuk","PWG-BND-088","","Fitting DN (mm)","","375","Master Register!CB1998 — derived from pipeline section and material"
"2026-08-28 09:00","J. Krasnoff-Hnatjuk","PWG-BND-088","","Unit Rate ($) / Quantity / Unit","","formula reading Rate Library Table 5","Master Register!BU1998:BW1998"
"2026-08-28 09:00","J. Krasnoff-Hnatjuk","PWG-AV-026","","Unit Rate ($) / Quantity / Unit","","formula reading Rate Library Table 6","Master Register!BU2000:BW2000"
"2026-08-28 09:00","J. Krasnoff-Hnatjuk","PWG-BND-089","","Fitting Material","","DICL","Master Register!CA2003 — derived from bend angle, rule on Rate Library Table 5"
"2026-08-28 09:00","J. Krasnoff-Hnatjuk","PWG-BND-089","","Fitting DN (mm)","","375","Master Register!CB2003 — derived from pipeline section and material"
"2026-08-28 09:00","J. Krasnoff-Hnatjuk","PWG-BND-089","","Unit Rate ($) / Quantity / Unit","","formula reading Rate Library Table 5","Master Register!BU2003:BW2003"
"2026-08-28 09:00","J. Krasnoff-Hnatjuk","PWG-SCV-019","","Unit Rate ($) / Quantity / Unit","","formula reading Rate Library Table 6","Master Register!BU2005:BW2005"
"2026-08-28 09:00","J. Krasnoff-Hnatjuk","PWG-BND-090","","Fitting Material","","DICL","Master Register!CA2008 — derived from bend angle, rule on Rate Library Table 5"
"2026-08-28 09:00","J. Krasnoff-Hnatjuk","PWG-BND-090","","Fitting DN (mm)","","375","Master Register!CB2008 — derived from pipeline section and material"
"2026-08-28 09:00","J. Krasnoff-Hnatjuk","PWG-BND-090","","Unit Rate ($) / Quantity / Unit","","formula reading Rate Library Table 5","Master Register!BU2008:BW2008"
"2026-08-28 09:00","J. Krasnoff-Hnatjuk","PWG-BND-091","","Fitting Material","","DICL","Master Register!CA2011 — derived from bend angle, rule on Rate Library Table 5"
"2026-08-28 09:00","J. Krasnoff-Hnatjuk","PWG-BND-091","","Fitting DN (mm)","","375","Master Register!CB2011 — derived from pipeline section and material"
"2026-08-28 09:00","J. Krasnoff-Hnatjuk","PWG-BND-091","","Unit Rate ($) / Quantity / Unit","","formula reading Rate Library Table 5","Master Register!BU2011:BW2011"
"2026-08-28 09:00","J. Krasnoff-Hnatjuk","PWG-AV-027","","Unit Rate ($) / Quantity / Unit","","formula reading Rate Library Table 6","Master Register!BU2013:BW2013"
"2026-08-28 09:00","J. Krasnoff-Hnatjuk","PWG-BND-092","","Fitting Material","","DICL","Master Register!CA2019 — derived from bend angle, rule on Rate Library Table 5"
"2026-08-28 09:00","J. Krasnoff-Hnatjuk","PWG-BND-092","","Fitting DN (mm)","","375","Master Register!CB2019 — derived from pipeline section and material"
"2026-08-28 09:00","J. Krasnoff-Hnatjuk","PWG-BND-092","","Unit Rate ($) / Quantity / Unit","","formula reading Rate Library Table 5","Master Register!BU2019:BW2019"
"2026-08-28 09:00","J. Krasnoff-Hnatjuk","PWG-SCV-020","","Unit Rate ($) / Quantity / Unit","","formula reading Rate Library Table 6","Master Register!BU2021:BW2021"
"2026-08-28 09:00","J. Krasnoff-Hnatjuk","PWG-BND-093","","Fitting Material","","DICL","Master Register!CA2026 — derived from bend angle, rule on Rate Library Table 5"
"2026-08-28 09:00","J. Krasnoff-Hnatjuk","PWG-BND-093","","Fitting DN (mm)","","375","Master Register!CB2026 — derived from pipeline section and material"
"2026-08-28 09:00","J. Krasnoff-Hnatjuk","PWG-BND-093","","Unit Rate ($) / Quantity / Unit","","formula reading Rate Library Table 5","Master Register!BU2026:BW2026"
"2026-08-28 09:00","J. Krasnoff-Hnatjuk","PWG-BND-094","","Fitting Material","","DICL","Master Register!CA2029 — derived from bend angle, rule on Rate Library Table 5"
"2026-08-28 09:00","J. Krasnoff-Hnatjuk","PWG-BND-094","","Fitting DN (mm)","","375","Master Register!CB2029 — derived from pipeline section and material"
"2026-08-28 09:00","J. Krasnoff-Hnatjuk","PWG-BND-094","","Unit Rate ($) / Quantity / Unit","","formula reading Rate Library Table 5","Master Register!BU2029:BW2029"
"2026-08-28 09:00","J. Krasnoff-Hnatjuk","PWG-BND-095","","Fitting Material","","DICL","Master Register!CA2031 — derived from bend angle, rule on Rate Library Table 5"
"2026-08-28 09:00","J. Krasnoff-Hnatjuk","PWG-BND-095","","Fitting DN (mm)","","375","Master Register!CB2031 — derived from pipeline section and material"
"2026-08-28 09:00","J. Krasnoff-Hnatjuk","PWG-BND-095","","Unit Rate ($) / Quantity / Unit","","formula reading Rate Library Table 5","Master Register!BU2031:BW2031"
"2026-08-28 09:00","J. Krasnoff-Hnatjuk","PWG-AV-028","","Unit Rate ($) / Quantity / Unit","","formula reading Rate Library Table 6","Master Register!BU2032:BW2032"
"2026-08-28 09:00","J. Krasnoff-Hnatjuk","PWG-IV-006","","Unit Rate ($) / Quantity / Unit","","formula reading Rate Library Table 6","Master Register!BU2035:BW2035"
"2026-08-28 09:00","J. Krasnoff-Hnatjuk","PWG-BND-096","","Fitting Material","","DICL","Master Register!CA2038 — derived from bend angle, rule on Rate Library Table 5"
"2026-08-28 09:00","J. Krasnoff-Hnatjuk","PWG-BND-096","","Fitting DN (mm)","","375","Master Register!CB2038 — derived from pipeline section and material"
"2026-08-28 09:00","J. Krasnoff-Hnatjuk","PWG-BND-096","","Unit Rate ($) / Quantity / Unit","","formula reading Rate Library Table 5","Master Register!BU2038:BW2038"
"2026-08-28 09:00","J. Krasnoff-Hnatjuk","PWG-SCV-021","","Unit Rate ($) / Quantity / Unit","","formula reading Rate Library Table 6","Master Register!BU2041:BW2041"
"2026-08-28 09:00","J. Krasnoff-Hnatjuk","PWG-BND-097","","Fitting Material","","MSCL","Master Register!CA2044 — derived from bend angle, rule on Rate Library Table 5"
"2026-08-28 09:00","J. Krasnoff-Hnatjuk","PWG-BND-097","","Fitting DN (mm)","","450","Master Register!CB2044 — derived from pipeline section and material"
"2026-08-28 09:00","J. Krasnoff-Hnatjuk","PWG-BND-097","","Unit Rate ($) / Quantity / Unit","","formula reading Rate Library Table 5","Master Register!BU2044:BW2044"
"2026-08-28 09:00","J. Krasnoff-Hnatjuk","PWG-BND-098","","Fitting Material","","DICL","Master Register!CA2052 — derived from bend angle, rule on Rate Library Table 5"
"2026-08-28 09:00","J. Krasnoff-Hnatjuk","PWG-BND-098","","Fitting DN (mm)","","375","Master Register!CB2052 — derived from pipeline section and material"
"2026-08-28 09:00","J. Krasnoff-Hnatjuk","PWG-BND-098","","Unit Rate ($) / Quantity / Unit","","formula reading Rate Library Table 5","Master Register!BU2052:BW2052"
"2026-08-28 09:00","J. Krasnoff-Hnatjuk","PWG-AV-029","","Unit Rate ($) / Quantity / Unit","","formula reading Rate Library Table 6","Master Register!BU2053:BW2053"
"2026-08-28 09:00","J. Krasnoff-Hnatjuk","PWG-BND-099","","Fitting Material","","DICL","Master Register!CA2056 — derived from bend angle, rule on Rate Library Table 5"
"2026-08-28 09:00","J. Krasnoff-Hnatjuk","PWG-BND-099","","Fitting DN (mm)","","375","Master Register!CB2056 — derived from pipeline section and material"
"2026-08-28 09:00","J. Krasnoff-Hnatjuk","PWG-BND-099","","Unit Rate ($) / Quantity / Unit","","formula reading Rate Library Table 5","Master Register!BU2056:BW2056"
"2026-08-28 09:00","J. Krasnoff-Hnatjuk","PWG-SCV-022","","Unit Rate ($) / Quantity / Unit","","formula reading Rate Library Table 6","Master Register!BU2058:BW2058"
"2026-08-28 09:00","J. Krasnoff-Hnatjuk","PWG-AV-030","","Unit Rate ($) / Quantity / Unit","","formula reading Rate Library Table 6","Master Register!BU2059:BW2059"
"2026-08-28 09:00","J. Krasnoff-Hnatjuk","PWG-BND-100","","Fitting Material","","DICL","Master Register!CA2061 — derived from bend angle, rule on Rate Library Table 5"
"2026-08-28 09:00","J. Krasnoff-Hnatjuk","PWG-BND-100","","Fitting DN (mm)","","375","Master Register!CB2061 — derived from pipeline section and material"
"2026-08-28 09:00","J. Krasnoff-Hnatjuk","PWG-BND-100","","Unit Rate ($) / Quantity / Unit","","formula reading Rate Library Table 5","Master Register!BU2061:BW2061"
"2026-08-28 09:00","J. Krasnoff-Hnatjuk","PWG-BND-101","","Fitting Material","","DICL","Master Register!CA2063 — derived from bend angle, rule on Rate Library Table 5"
"2026-08-28 09:00","J. Krasnoff-Hnatjuk","PWG-BND-101","","Fitting DN (mm)","","375","Master Register!CB2063 — derived from pipeline section and material"
"2026-08-28 09:00","J. Krasnoff-Hnatjuk","PWG-BND-101","","Unit Rate ($) / Quantity / Unit","","formula reading Rate Library Table 5","Master Register!BU2063:BW2063"
"2026-08-28 09:00","J. Krasnoff-Hnatjuk","PWG-SCV-023","","Unit Rate ($) / Quantity / Unit","","formula reading Rate Library Table 6","Master Register!BU2066:BW2066"
"2026-08-28 09:00","J. Krasnoff-Hnatjuk","PWG-AV-031","","Unit Rate ($) / Quantity / Unit","","formula reading Rate Library Table 6","Master Register!BU2067:BW2067"
"2026-08-28 09:00","J. Krasnoff-Hnatjuk","PWG-BND-102","","Fitting Material","","DICL","Master Register!CA2069 — derived from bend angle, rule on Rate Library Table 5"
"2026-08-28 09:00","J. Krasnoff-Hnatjuk","PWG-BND-102","","Fitting DN (mm)","","375","Master Register!CB2069 — derived from pipeline section and material"
"2026-08-28 09:00","J. Krasnoff-Hnatjuk","PWG-BND-102","","Unit Rate ($) / Quantity / Unit","","formula reading Rate Library Table 5","Master Register!BU2069:BW2069"
"2026-08-28 09:00","J. Krasnoff-Hnatjuk","PWG-BND-103","","Fitting Material","","DICL","Master Register!CA2071 — derived from bend angle, rule on Rate Library Table 5"
"2026-08-28 09:00","J. Krasnoff-Hnatjuk","PWG-BND-103","","Fitting DN (mm)","","375","Master Register!CB2071 — derived from pipeline section and material"
"2026-08-28 09:00","J. Krasnoff-Hnatjuk","PWG-BND-103","","Unit Rate ($) / Quantity / Unit","","formula reading Rate Library Table 5","Master Register!BU2071:BW2071"
"2026-08-28 09:00","J. Krasnoff-Hnatjuk","PWG-SCV-024","","Unit Rate ($) / Quantity / Unit","","formula reading Rate Library Table 6","Master Register!BU2077:BW2077"
"2026-08-28 09:00","J. Krasnoff-Hnatjuk","PWG-BND-104","","Fitting Material","","DICL","Master Register!CA2081 — derived from bend angle, rule on Rate Library Table 5"
"2026-08-28 09:00","J. Krasnoff-Hnatjuk","PWG-BND-104","","Fitting DN (mm)","","375","Master Register!CB2081 — derived from pipeline section and material"
"2026-08-28 09:00","J. Krasnoff-Hnatjuk","PWG-BND-104","","Unit Rate ($) / Quantity / Unit","","formula reading Rate Library Table 5","Master Register!BU2081:BW2081"
"2026-08-28 09:00","J. Krasnoff-Hnatjuk","PWG-BND-105","","Fitting Material","","DICL","Master Register!CA2087 — derived from bend angle, rule on Rate Library Table 5"
"2026-08-28 09:00","J. Krasnoff-Hnatjuk","PWG-BND-105","","Fitting DN (mm)","","375","Master Register!CB2087 — derived from pipeline section and material"
"2026-08-28 09:00","J. Krasnoff-Hnatjuk","PWG-BND-105","","Unit Rate ($) / Quantity / Unit","","formula reading Rate Library Table 5","Master Register!BU2087:BW2087"
"2026-08-28 09:00","J. Krasnoff-Hnatjuk","PWG-BND-106","","Fitting Material","","DICL","Master Register!CA2092 — derived from bend angle, rule on Rate Library Table 5"
"2026-08-28 09:00","J. Krasnoff-Hnatjuk","PWG-BND-106","","Fitting DN (mm)","","375","Master Register!CB2092 — derived from pipeline section and material"
"2026-08-28 09:00","J. Krasnoff-Hnatjuk","PWG-BND-106","","Unit Rate ($) / Quantity / Unit","","formula reading Rate Library Table 5","Master Register!BU2092:BW2092"
"2026-08-28 09:00","J. Krasnoff-Hnatjuk","PWG-AV-032","","Unit Rate ($) / Quantity / Unit","","formula reading Rate Library Table 6","Master Register!BU2094:BW2094"
"2026-08-28 09:00","J. Krasnoff-Hnatjuk","PWG-BND-107","","Fitting Material","","MSCL","Master Register!CA2099 — derived from bend angle, rule on Rate Library Table 5"
"2026-08-28 09:00","J. Krasnoff-Hnatjuk","PWG-BND-107","","Fitting DN (mm)","","450","Master Register!CB2099 — derived from pipeline section and material"
"2026-08-28 09:00","J. Krasnoff-Hnatjuk","PWG-BND-107","","Unit Rate ($) / Quantity / Unit","","formula reading Rate Library Table 5","Master Register!BU2099:BW2099"
"2026-08-28 09:00","J. Krasnoff-Hnatjuk","PWG-BND-108","","Fitting Material","","DICL","Master Register!CA2111 — derived from bend angle, rule on Rate Library Table 5"
"2026-08-28 09:00","J. Krasnoff-Hnatjuk","PWG-BND-108","","Fitting DN (mm)","","375","Master Register!CB2111 — derived from pipeline section and material"
"2026-08-28 09:00","J. Krasnoff-Hnatjuk","PWG-BND-108","","Unit Rate ($) / Quantity / Unit","","formula reading Rate Library Table 5","Master Register!BU2111:BW2111"
"2026-08-28 09:00","J. Krasnoff-Hnatjuk","PWG-BND-109","","Fitting Material","","DICL","Master Register!CA2113 — derived from bend angle, rule on Rate Library Table 5"
"2026-08-28 09:00","J. Krasnoff-Hnatjuk","PWG-BND-109","","Fitting DN (mm)","","375","Master Register!CB2113 — derived from pipeline section and material"
"2026-08-28 09:00","J. Krasnoff-Hnatjuk","PWG-BND-109","","Unit Rate ($) / Quantity / Unit","","formula reading Rate Library Table 5","Master Register!BU2113:BW2113"
"2026-08-28 09:00","J. Krasnoff-Hnatjuk","PWG-BND-110","","Fitting Material","","DICL","Master Register!CA2119 — derived from bend angle, rule on Rate Library Table 5"
"2026-08-28 09:00","J. Krasnoff-Hnatjuk","PWG-BND-110","","Fitting DN (mm)","","375","Master Register!CB2119 — derived from pipeline section and material"
"2026-08-28 09:00","J. Krasnoff-Hnatjuk","PWG-BND-110","","Unit Rate ($) / Quantity / Unit","","formula reading Rate Library Table 5","Master Register!BU2119:BW2119"
"2026-08-28 09:00","J. Krasnoff-Hnatjuk","PWG-AV-033","","Unit Rate ($) / Quantity / Unit","","formula reading Rate Library Table 6","Master Register!BU2128:BW2128"
"2026-08-28 09:00","J. Krasnoff-Hnatjuk","PWG-SCV-025","","Unit Rate ($) / Quantity / Unit","","formula reading Rate Library Table 6","Master Register!BU2133:BW2133"
"2026-08-28 09:00","J. Krasnoff-Hnatjuk","PWG-BND-111","","Fitting Material","","DICL","Master Register!CA2135 — derived from bend angle, rule on Rate Library Table 5"
"2026-08-28 09:00","J. Krasnoff-Hnatjuk","PWG-BND-111","","Fitting DN (mm)","","375","Master Register!CB2135 — derived from pipeline section and material"
"2026-08-28 09:00","J. Krasnoff-Hnatjuk","PWG-BND-111","","Unit Rate ($) / Quantity / Unit","","formula reading Rate Library Table 5","Master Register!BU2135:BW2135"
"2026-08-28 09:00","J. Krasnoff-Hnatjuk","PWG-BND-112","","Fitting Material","","DICL","Master Register!CA2137 — derived from bend angle, rule on Rate Library Table 5"
"2026-08-28 09:00","J. Krasnoff-Hnatjuk","PWG-BND-112","","Fitting DN (mm)","","375","Master Register!CB2137 — derived from pipeline section and material"
"2026-08-28 09:00","J. Krasnoff-Hnatjuk","PWG-BND-112","","Unit Rate ($) / Quantity / Unit","","formula reading Rate Library Table 5","Master Register!BU2137:BW2137"
"2026-08-28 09:00","J. Krasnoff-Hnatjuk","PWG-BND-113","","Fitting Material","","DICL","Master Register!CA2139 — derived from bend angle, rule on Rate Library Table 5"
"2026-08-28 09:00","J. Krasnoff-Hnatjuk","PWG-BND-113","","Fitting DN (mm)","","375","Master Register!CB2139 — derived from pipeline section and material"
"2026-08-28 09:00","J. Krasnoff-Hnatjuk","PWG-BND-113","","Unit Rate ($) / Quantity / Unit","","formula reading Rate Library Table 5","Master Register!BU2139:BW2139"
"2026-08-28 09:00","J. Krasnoff-Hnatjuk","PWG-AV-034","","Unit Rate ($) / Quantity / Unit","","formula reading Rate Library Table 6","Master Register!BU2143:BW2143"
"2026-08-28 09:00","J. Krasnoff-Hnatjuk","PWG-BND-114","","Fitting Material","","DICL","Master Register!CA2155 — derived from bend angle, rule on Rate Library Table 5"
"2026-08-28 09:00","J. Krasnoff-Hnatjuk","PWG-BND-114","","Fitting DN (mm)","","375","Master Register!CB2155 — derived from pipeline section and material"
"2026-08-28 09:00","J. Krasnoff-Hnatjuk","PWG-BND-114","","Unit Rate ($) / Quantity / Unit","","formula reading Rate Library Table 5","Master Register!BU2155:BW2155"
"2026-08-28 09:00","J. Krasnoff-Hnatjuk","PWG-SCV-026","","Unit Rate ($) / Quantity / Unit","","formula reading Rate Library Table 6","Master Register!BU2157:BW2157"
"2026-08-28 09:00","J. Krasnoff-Hnatjuk","PWG-BND-115","","Fitting Material","","DICL","Master Register!CA2165 — derived from bend angle, rule on Rate Library Table 5"
"2026-08-28 09:00","J. Krasnoff-Hnatjuk","PWG-BND-115","","Fitting DN (mm)","","375","Master Register!CB2165 — derived from pipeline section and material"
"2026-08-28 09:00","J. Krasnoff-Hnatjuk","PWG-BND-115","","Unit Rate ($) / Quantity / Unit","","formula reading Rate Library Table 5","Master Register!BU2165:BW2165"
"2026-08-28 09:00","J. Krasnoff-Hnatjuk","PWG-BND-116","","Fitting Material","","DICL","Master Register!CA2179 — derived from bend angle, rule on Rate Library Table 5"
"2026-08-28 09:00","J. Krasnoff-Hnatjuk","PWG-BND-116","","Fitting DN (mm)","","375","Master Register!CB2179 — derived from pipeline section and material"
"2026-08-28 09:00","J. Krasnoff-Hnatjuk","PWG-BND-116","","Unit Rate ($) / Quantity / Unit","","formula reading Rate Library Table 5","Master Register!BU2179:BW2179"
"2026-08-28 09:00","J. Krasnoff-Hnatjuk","PWG-BND-117","","Fitting Material","","DICL","Master Register!CA2181 — derived from bend angle, rule on Rate Library Table 5"
"2026-08-28 09:00","J. Krasnoff-Hnatjuk","PWG-BND-117","","Fitting DN (mm)","","375","Master Register!CB2181 — derived from pipeline section and material"
"2026-08-28 09:00","J. Krasnoff-Hnatjuk","PWG-BND-117","","Unit Rate ($) / Quantity / Unit","","formula reading Rate Library Table 5","Master Register!BU2181:BW2181"
"2026-08-28 09:00","J. Krasnoff-Hnatjuk","PWG-AV-035","","Unit Rate ($) / Quantity / Unit","","formula reading Rate Library Table 6","Master Register!BU2182:BW2182"
"28/08/2026 11:40","Jerry KH","PHW-TB-001","","Complete","","Yes","Master Register!BR6"
"28/08/2026 11:40","Jerry KH","PHW-TB-001","","Completion Date","","46262","Master Register!BS6"
"28/08/2026 11:40","Jerry KH","PHW-BND-001","","Complete","","Yes","Master Register!BR7"
"28/08/2026 11:40","Jerry KH","PHW-BND-001","","Completion Date","","46262","Master Register!BS7"
"28/08/2026 11:40","Jerry KH","PHW-TT-0001","","Trench Complete (m)","","125","Cost Tracker - Linear!K9"
"28/08/2026 11:40","Jerry KH","PHW-TT-0001","","Pipe Laid (m)","0","","Cost Tracker - Linear!Q9"
"28/08/2026 11:40","Jerry KH","PHW-TT-0001","","As At Date","46261","46262","Cost Tracker - Linear!X9"
"28/08/2026 11:40","Jerry KH","PHW-TT-0001","","Updated By","Jerry","Jerry KH","Cost Tracker - Linear!Y9"
"28/08/2026 11:40","Jerry KH","Recorded By","","Settings","","Jerry KH","Settings!C8"
"28/08/2026 11:40","Jerry KH","Project Folder (last used)","","Settings","","t2w-asset-register_rev2","Settings!C14"
"28/08/2026 11:40","Jerry KH","PHW","","Daily Progress","","28/08/2026 · +25.0 m trench, +10.0 m pipe, 0 item(s)","Daily Progress!B9"
"28/08/2026 11:40","Jerry KH","Supervisor","","Daily Plant and Labour","","28/08/2026 · Supervisor x1 · 10.0 h","Daily Plant and Labour!B9"
"28/08/2026 11:40","Jerry KH","Pipe crew","","Daily Plant and Labour","","28/08/2026 · Pipe crew x6 · 10.0 h","Daily Plant and Labour!B10"
"28/08/2026 11:40","Jerry KH","Excavator 30t","","Daily Plant and Labour","","28/08/2026 · Excavator 30t x1 · 9.0 h","Daily Plant and Labour!B11"
"28/08/2026 11:40","Jerry KH","Sideboom","","Daily Plant and Labour","","28/08/2026 · Sideboom x1 · 9.0 h","Daily Plant and Labour!B12"
"28/08/2026 11:40","Jerry KH","","","Daily Safety","","28/08/2026 · toolbox Yes · 7 on site · Nil","Daily Safety!B9"
"28/08/2026 11:40","Jerry KH","16074.25","","Daily Profit","","28/08/2026 · earned $16,074, cost $16,684, profit -$610","Daily Profit!B9"
"28/08/2026 11:42","Jerry KH","PHW-TS-0001","","Complete","","Yes","Master Register!BR13"
"28/08/2026 11:42","Jerry KH","PHW-TS-0001","","Completion Date","","46262","Master Register!BS13"
"28/08/2026 11:42","Jerry KH","PHW-TS-0002","","Complete","","Yes","Master Register!BR14"
"28/08/2026 11:42","Jerry KH","PHW-TS-0002","","Completion Date","","46262","Master Register!BS14"
"28/08/2026 11:42","Jerry KH","PHW-TT-0001","","Trench Complete (m)","125","325","Cost Tracker - Linear!K9"
"28/08/2026 11:42","Jerry KH","PHW-TT-0001","","Pipe Laid (m)","","150","Cost Tracker - Linear!Q9"
"28/08/2026 11:42","Jerry KH","PHW","","Daily Progress","","29/08/2026 · +200.0 m trench, +150.0 m pipe, 2 item(s)","Daily Progress!B10"
"28/08/2026 11:42","Jerry KH","Supervisor","","Daily Plant and Labour","","29/08/2026 · Supervisor x1 · 10.0 h","Daily Plant and Labour!B13"
"28/08/2026 11:42","Jerry KH","Pipe crew","","Daily Plant and Labour","","29/08/2026 · Pipe crew x6 · 10.0 h","Daily Plant and Labour!B14"
"28/08/2026 11:42","Jerry KH","Excavator 30t","","Daily Plant and Labour","","29/08/2026 · Excavator 30t x1 · 9.0 h","Daily Plant and Labour!B15"
"28/08/2026 11:42","Jerry KH","Sideboom","","Daily Plant and Labour","","29/08/2026 · Sideboom x1 · 9.0 h","Daily Plant and Labour!B16"
"28/08/2026 11:42","Jerry KH","","","Daily Safety","","29/08/2026 · toolbox Yes · 7 on site · Nil","Daily Safety!B10"
"28/08/2026 11:42","Jerry KH","164800.5","","Daily Profit","","29/08/2026 · earned $164,801, cost $78,526, profit $86,275","Daily Profit!B10"
"28/08/2026 11:48","Jerry KH","PHW-AV-001","","Complete","","Yes","Master Register!BR12"
"28/08/2026 11:48","Jerry KH","PHW-AV-001","","Completion Date","","46262","Master Register!BS12"
"28/08/2026 11:48","Jerry KH","PHW-TS-0018","","Complete","","Yes","Master Register!BR34"
"28/08/2026 11:48","Jerry KH","PHW-TS-0018","","Completion Date","","46262","Master Register!BS34"
"28/08/2026 11:48","Jerry KH","PHW-VG-0004","","Complete","","Yes","Master Register!BR38"
"28/08/2026 11:48","Jerry KH","PHW-VG-0004","","Completion Date","","46262","Master Register!BS38"
"28/08/2026 11:48","Jerry KH","PHW-VG-0005","","Complete","","Yes","Master Register!BR41"
"28/08/2026 11:48","Jerry KH","PHW-VG-0005","","Completion Date","","46262","Master Register!BS41"
"28/08/2026 11:48","Jerry KH","PHW-TT-0001","","Trench Complete (m)","325","327.039","Cost Tracker - Linear!K9"
"28/08/2026 11:48","Jerry KH","PHW-TT-0001","","Pipe Laid (m)","150","250","Cost Tracker - Linear!Q9"
"28/08/2026 11:48","Jerry KH","PHW-TT-0002","","Trench Complete (m)","","77.823","Cost Tracker - Linear!K10"
"28/08/2026 11:48","Jerry KH","PHW-TT-0002","","As At Date","46261","46262","Cost Tracker - Linear!X10"
"28/08/2026 11:48","Jerry KH","PHW-TT-0002","","Updated By","Jerry","Jerry KH","Cost Tracker - Linear!Y10"
"28/08/2026 11:48","Jerry KH","PHW-TT-0003","","Trench Complete (m)","","21.528","Cost Tracker - Linear!K11"
"28/08/2026 11:48","Jerry KH","PHW-TT-0003","","As At Date","46261","46262","Cost Tracker - Linear!X11"
"28/08/2026 11:48","Jerry KH","PHW-TT-0003","","Updated By","Jerry","Jerry KH","Cost Tracker - Linear!Y11"
"28/08/2026 11:48","Jerry KH","PHW-TT-0004","","Trench Complete (m)","","23.610000000000014","Cost Tracker - Linear!K12"
"28/08/2026 11:48","Jerry KH","PHW-TT-0004","","As At Date","46261","46262","Cost Tracker - Linear!X12"
"28/08/2026 11:48","Jerry KH","PHW-TT-0004","","Updated By","Jerry","Jerry KH","Cost Tracker - Linear!Y12"
"28/08/2026 11:48","Jerry KH","PHW","","Daily Progress","","30/08/2026 · +125.0 m trench, +100.0 m pipe, 4 item(s)","Daily Progress!B11"
"28/08/2026 11:48","Jerry KH","Supervisor","","Daily Plant and Labour","","30/08/2026 · Supervisor x1 · 10.0 h","Daily Plant and Labour!B17"
"28/08/2026 11:48","Jerry KH","Pipe crew","","Daily Plant and Labour","","30/08/2026 · Pipe crew x8 · 10.0 h","Daily Plant and Labour!B18"
"28/08/2026 11:48","Jerry KH","Excavator 30t","","Daily Plant and Labour","","30/08/2026 · Excavator 30t x1 · 9.0 h","Daily Plant and Labour!B19"
"28/08/2026 11:48","Jerry KH","Sideboom","","Daily Plant and Labour","","30/08/2026 · Sideboom x1 · 9.0 h","Daily Plant and Labour!B20"
"28/08/2026 11:48","Jerry KH","","","Daily Safety","","30/08/2026 · toolbox Yes · 9 on site · Nil","Daily Safety!B11"
"28/08/2026 11:48","Jerry KH","85964.46510999996","","Daily Profit","","30/08/2026 · earned $85,964, cost $37,738, profit $48,226","Daily Profit!B11"
"28/08/2026 11:51","Jerry KH","PHW-IV-001","PHW-IV-001","Progress Notes","","Supplied","Master Register!BT109"
"28/08/2026 11:51","Jerry KH","PHW-IV-002","PHW-IV-002","Progress Notes","","Supplied","Master Register!BT302"
"28/08/2026 11:51","Jerry KH","PHW-IV-003","PHW-IV-003","Progress Notes","","Supplied","Master Register!BT327"
"28/08/2026 11:51","Jerry KH","PHW-IV-004","PHW-IV-004","Progress Notes","","Supplied","Master Register!BT784"
"28/08/2026 11:51","Jerry KH","PHW-IV-005","PHW-IV-005","Progress Notes","","Supplied","Master Register!BT1114"
"28/08/2026 11:51","Jerry KH","PWG-IV-001","PWG-IV-001","Progress Notes","","Supplied","Master Register!BT1490"
"28/08/2026 11:51","Jerry KH","PWG-IV-002","PWG-IV-002","Progress Notes","","Supplied","Master Register!BT1537"
"28/08/2026 11:51","Jerry KH","PWG-IV-003","PWG-IV-003","Progress Notes","","Supplied","Master Register!BT1647"
"28/08/2026 11:51","Jerry KH","PWG-IV-004","PWG-IV-004","Progress Notes","","Supplied","Master Register!BT1668"
"28/08/2026 11:51","Jerry KH","PWG-IV-005","PWG-IV-005","Progress Notes","","Supplied","Master Register!BT1821"
"28/08/2026 11:51","Jerry KH","PWG-IV-006","PWG-IV-006","Progress Notes","","Supplied","Master Register!BT2035"
"28/08/2026 12:02","Jerry KH","PHW-VG-0001","","Complete","","Yes","Master Register!BR4"
"28/08/2026 12:02","Jerry KH","PHW-VG-0001","","Completion Date","","46262","Master Register!BS4"
"28/08/2026 12:02","Jerry KH","PHW-VG-0002","","Complete","","Yes","Master Register!BR10"
"28/08/2026 12:02","Jerry KH","PHW-VG-0002","","Completion Date","","46262","Master Register!BS10"
"28/08/2026 12:02","Jerry KH","PHW-TS-0003","","Complete","","Yes","Master Register!BR15"
"28/08/2026 12:02","Jerry KH","PHW-TS-0003","","Completion Date","","46262","Master Register!BS15"
"28/08/2026 12:02","Jerry KH","PHW-TS-0004","","Complete","","Yes","Master Register!BR16"
"28/08/2026 12:02","Jerry KH","PHW-TS-0004","","Completion Date","","46262","Master Register!BS16"
"28/08/2026 12:02","Jerry KH","PHW-TS-0005","","Complete","","Yes","Master Register!BR18"
"28/08/2026 12:02","Jerry KH","PHW-TS-0005","","Completion Date","","46262","Master Register!BS18"
"28/08/2026 12:02","Jerry KH","PHW-TS-0006","","Complete","","Yes","Master Register!BR19"
"28/08/2026 12:02","Jerry KH","PHW-TS-0006","","Completion Date","","46262","Master Register!BS19"
"28/08/2026 12:02","Jerry KH","PHW-TS-0007","","Complete","","Yes","Master Register!BR21"
"28/08/2026 12:02","Jerry KH","PHW-TS-0007","","Completion Date","","46262","Master Register!BS21"
"28/08/2026 12:02","Jerry KH","PHW-VG-0003","","Complete","","Yes","Master Register!BR22"
"28/08/2026 12:02","Jerry KH","PHW-VG-0003","","Completion Date","","46262","Master Register!BS22"
"28/08/2026 12:02","Jerry KH","PHW-TS-0008","","Complete","","Yes","Master Register!BR23"
"28/08/2026 12:02","Jerry KH","PHW-TS-0008","","Completion Date","","46262","Master Register!BS23"
"28/08/2026 12:02","Jerry KH","PHW-TS-0009","","Complete","","Yes","Master Register!BR24"
"28/08/2026 12:02","Jerry KH","PHW-TS-0009","","Completion Date","","46262","Master Register!BS24"
"28/08/2026 12:02","Jerry KH","PHW-TS-0010","","Complete","","Yes","Master Register!BR25"
"28/08/2026 12:02","Jerry KH","PHW-TS-0010","","Completion Date","","46262","Master Register!BS25"
"28/08/2026 12:02","Jerry KH","PHW-TS-0011","","Complete","","Yes","Master Register!BR26"
"28/08/2026 12:02","Jerry KH","PHW-TS-0011","","Completion Date","","46262","Master Register!BS26"
"28/08/2026 12:02","Jerry KH","PHW-TS-0012","","Complete","","Yes","Master Register!BR27"
"28/08/2026 12:02","Jerry KH","PHW-TS-0012","","Completion Date","","46262","Master Register!BS27"
"28/08/2026 12:02","Jerry KH","PHW-TS-0013","","Complete","","Yes","Master Register!BR28"
"28/08/2026 12:02","Jerry KH","PHW-TS-0013","","Completion Date","","46262","Master Register!BS28"
"28/08/2026 12:02","Jerry KH","PHW-VG-0006","","Complete","","Yes","Master Register!BR47"
"28/08/2026 12:02","Jerry KH","PHW-VG-0006","","Completion Date","","46262","Master Register!BS47"
"28/08/2026 12:02","Jerry KH","PHW-TT-0001","","Pipe Laid (m)","250","327.039","Cost Tracker - Linear!Q9"
"28/08/2026 12:02","Jerry KH","PHW-TT-0002","","Pipe Laid (m)","","77.823","Cost Tracker - Linear!Q10"
"28/08/2026 12:02","Jerry KH","PHW-TT-0002","","Pipe Type","","DICL","Cost Tracker - Linear!N10"
"28/08/2026 12:02","Jerry KH","PHW-TT-0003","","Pipe Laid (m)","","15.137999999999977","Cost Tracker - Linear!Q11"
"28/08/2026 12:02","Jerry KH","PHW-TT-0003","","Pipe Type","","DICL","Cost Tracker - Linear!N11"
"28/08/2026 12:02","Jerry KH","PHW-TT-0004","","Trench Complete (m)","23.610000000000014","33.610000000000014","Cost Tracker - Linear!K12"
"28/08/2026 12:02","Jerry KH","PHW","","Daily Progress","","31/08/2026 · +10.0 m trench, +170.0 m pipe, 1 item(s)","Daily Progress!B12"
"28/08/2026 12:02","Jerry KH","Supervisor","","Daily Plant and Labour","","31/08/2026 · Supervisor x1 · 10.0 h","Daily Plant and Labour!B21"
"28/08/2026 12:02","Jerry KH","Pipe crew","","Daily Plant and Labour","","31/08/2026 · Pipe crew x8 · 10.0 h","Daily Plant and Labour!B22"
"28/08/2026 12:02","Jerry KH","Excavator 30t","","Daily Plant and Labour","","31/08/2026 · Excavator 30t x1 · 9.0 h","Daily Plant and Labour!B23"
"28/08/2026 12:02","Jerry KH","Sideboom","","Daily Plant and Labour","","31/08/2026 · Sideboom x1 · 9.0 h","Daily Plant and Labour!B24"
"28/08/2026 12:02","Jerry KH","","","Daily Safety","","31/08/2026 · toolbox Yes · 9 on site · Nil","Daily Safety!B12"
"28/08/2026 12:02","Jerry KH","87014.4","","Daily Profit","","31/08/2026 · earned $87,014, cost $12,684, profit $74,331","Daily Profit!B12"
"28/08/2026 12:17","Jerry KH","PHW-TS-0020","","Complete","","Yes","Master Register!BR48"
"28/08/2026 12:17","Jerry KH","PHW-TS-0020","","Completion Date","","46262","Master Register!BS48"
"28/08/2026 12:17","Jerry KH","PHW-TS-0021","","Complete","","Yes","Master Register!BR49"
"28/08/2026 12:17","Jerry KH","PHW-TS-0021","","Completion Date","","46262","Master Register!BS49"
"28/08/2026 12:17","Jerry KH","PHW-TS-0022","","Complete","","Yes","Master Register!BR50"
"28/08/2026 12:17","Jerry KH","PHW-TS-0022","","Completion Date","","46262","Master Register!BS50"
"28/08/2026 12:17","Jerry KH","PHW-TS-0023","","Complete","","Yes","Master Register!BR51"
"28/08/2026 12:17","Jerry KH","PHW-TS-0023","","Completion Date","","46262","Master Register!BS51"
"28/08/2026 12:17","Jerry KH","PHW-BS-0001","","Complete","","Yes","Master Register!BR52"
"28/08/2026 12:17","Jerry KH","PHW-BS-0001","","Completion Date","","46262","Master Register!BS52"
"28/08/2026 12:17","Jerry KH","PHW-TS-0024","","Complete","","Yes","Master Register!BR53"
"28/08/2026 12:17","Jerry KH","PHW-TS-0024","","Completion Date","","46262","Master Register!BS53"
"28/08/2026 12:17","Jerry KH","PHW-TS-0025","","Complete","","Yes","Master Register!BR54"
"28/08/2026 12:17","Jerry KH","PHW-TS-0025","","Completion Date","","46262","Master Register!BS54"
"28/08/2026 12:17","Jerry KH","PHW-VG-0007","","Complete","","Yes","Master Register!BR55"
"28/08/2026 12:17","Jerry KH","PHW-VG-0007","","Completion Date","","46262","Master Register!BS55"
"28/08/2026 12:17","Jerry KH","PHW-TS-0026","","Complete","","Yes","Master Register!BR56"
"28/08/2026 12:17","Jerry KH","PHW-TS-0026","","Completion Date","","46262","Master Register!BS56"
"28/08/2026 12:17","Jerry KH","PHW-BS-0002","","Complete","","Yes","Master Register!BR57"
"28/08/2026 12:17","Jerry KH","PHW-BS-0002","","Completion Date","","46262","Master Register!BS57"
"28/08/2026 12:17","Jerry KH","PHW-TS-0027","","Complete","","Yes","Master Register!BR58"
"28/08/2026 12:17","Jerry KH","PHW-TS-0027","","Completion Date","","46262","Master Register!BS58"
"28/08/2026 12:17","Jerry KH","PHW-TS-0028","","Complete","","Yes","Master Register!BR59"
"28/08/2026 12:17","Jerry KH","PHW-TS-0028","","Completion Date","","46262","Master Register!BS59"
"28/08/2026 12:17","Jerry KH","PHW-BS-0003","","Complete","","Yes","Master Register!BR60"
"28/08/2026 12:17","Jerry KH","PHW-BS-0003","","Completion Date","","46262","Master Register!BS60"
"28/08/2026 12:17","Jerry KH","PHW-VG-0008","","Complete","","Yes","Master Register!BR61"
"28/08/2026 12:17","Jerry KH","PHW-VG-0008","","Completion Date","","46262","Master Register!BS61"
"28/08/2026 12:17","Jerry KH","PHW-TS-0029","","Complete","","Yes","Master Register!BR62"
"28/08/2026 12:17","Jerry KH","PHW-TS-0029","","Completion Date","","46262","Master Register!BS62"
"28/08/2026 12:17","Jerry KH","PHW-TS-0030","","Complete","","Yes","Master Register!BR63"
"28/08/2026 12:17","Jerry KH","PHW-TS-0030","","Completion Date","","46262","Master Register!BS63"
"28/08/2026 12:17","Jerry KH","PHW-TS-0031","","Complete","","Yes","Master Register!BR64"
"28/08/2026 12:17","Jerry KH","PHW-TS-0031","","Completion Date","","46262","Master Register!BS64"
"28/08/2026 12:17","Jerry KH","PHW-BS-0004","","Complete","","Yes","Master Register!BR65"
"28/08/2026 12:17","Jerry KH","PHW-BS-0004","","Completion Date","","46262","Master Register!BS65"
"28/08/2026 12:17","Jerry KH","PHW-TS-0032","","Complete","","Yes","Master Register!BR66"
"28/08/2026 12:17","Jerry KH","PHW-TS-0032","","Completion Date","","46262","Master Register!BS66"
"28/08/2026 12:17","Jerry KH","PHW-TS-0033","","Complete","","Yes","Master Register!BR67"
"28/08/2026 12:17","Jerry KH","PHW-TS-0033","","Completion Date","","46262","Master Register!BS67"
"28/08/2026 12:17","Jerry KH","PHW-TS-0034","","Complete","","Yes","Master Register!BR68"
"28/08/2026 12:17","Jerry KH","PHW-TS-0034","","Completion Date","","46262","Master Register!BS68"
"28/08/2026 12:17","Jerry KH","PHW-BS-0005","","Complete","","Yes","Master Register!BR69"
"28/08/2026 12:17","Jerry KH","PHW-BS-0005","","Completion Date","","46262","Master Register!BS69"
"28/08/2026 12:17","Jerry KH","PHW-TS-0035","","Complete","","Yes","Master Register!BR70"
"28/08/2026 12:17","Jerry KH","PHW-TS-0035","","Completion Date","","46262","Master Register!BS70"
"28/08/2026 12:17","Jerry KH","PHW-TS-0036","","Complete","","Yes","Master Register!BR71"
"28/08/2026 12:17","Jerry KH","PHW-TS-0036","","Completion Date","","46262","Master Register!BS71"
"28/08/2026 12:17","Jerry KH","PHW-TS-0037","","Complete","","Yes","Master Register!BR72"
"28/08/2026 12:17","Jerry KH","PHW-TS-0037","","Completion Date","","46262","Master Register!BS72"
"28/08/2026 12:17","Jerry KH","PHW-TT-0003","","Pipe Laid (m)","15.137999999999977","21.527999999999963","Cost Tracker - Linear!Q11"
"28/08/2026 12:17","Jerry KH","PHW-TT-0004","","Trench Complete (m)","33.610000000000014","158.61","Cost Tracker - Linear!K12"
"28/08/2026 12:17","Jerry KH","PHW-TT-0004","","Pipe Laid (m)","","93.61000000000001","Cost Tracker - Linear!Q12"
"28/08/2026 12:17","Jerry KH","PHW-TT-0004","","Pipe Type","","DICL","Cost Tracker - Linear!N12"
"28/08/2026 12:17","Jerry KH","PHW","","Daily Progress","","31/08/2026 · +125.0 m trench, +100.0 m pipe, 25 item(s)","Daily Progress!B13"
"28/08/2026 12:17","Jerry KH","Supervisor","","Daily Plant and Labour","","31/08/2026 · Supervisor x1 · 10.0 h","Daily Plant and Labour!B25"
"28/08/2026 12:17","Jerry KH","Pipe crew","","Daily Plant and Labour","","31/08/2026 · Pipe crew x6 · 10.0 h","Daily Plant and Labour!B26"
"28/08/2026 12:17","Jerry KH","Excavator 30t","","Daily Plant and Labour","","31/08/2026 · Excavator 30t x1 · 9.0 h","Daily Plant and Labour!B27"
"28/08/2026 12:17","Jerry KH","Sideboom","","Daily Plant and Labour","","31/08/2026 · Sideboom x1 · 9.0 h","Daily Plant and Labour!B28"
"28/08/2026 12:17","Jerry KH","","","Daily Safety","","31/08/2026 · toolbox Yes · 7 on site · Nil","Daily Safety!B13"
"28/08/2026 12:17","Jerry KH","227203.75","","Daily Profit","","31/08/2026 · earned $227,204, cost $52,022, profit $175,182","Daily Profit!B13"
"28/08/2026 12:46","Jerry KH","PHW-TS-0038","","Complete","","Yes","Master Register!BR73"
"28/08/2026 12:46","Jerry KH","PHW-TS-0038","","Completion Date","","46262","Master Register!BS73"
"28/08/2026 12:46","Jerry KH","PHW-TS-0039","","Complete","","Yes","Master Register!BR74"
"28/08/2026 12:46","Jerry KH","PHW-TS-0039","","Completion Date","","46262","Master Register!BS74"
"28/08/2026 12:46","Jerry KH","PHW-TS-0040","","Complete","","Yes","Master Register!BR75"
"28/08/2026 12:46","Jerry KH","PHW-TS-0040","","Completion Date","","46262","Master Register!BS75"
"28/08/2026 12:46","Jerry KH","PHW-VG-0009","","Complete","","Yes","Master Register!BR76"
"28/08/2026 12:46","Jerry KH","PHW-VG-0009","","Completion Date","","46262","Master Register!BS76"
"28/08/2026 12:46","Jerry KH","PHW-TS-0041","","Complete","","Yes","Master Register!BR77"
"28/08/2026 12:46","Jerry KH","PHW-TS-0041","","Completion Date","","46262","Master Register!BS77"
"28/08/2026 12:46","Jerry KH","PHW-TS-0042","","Complete","","Yes","Master Register!BR78"
"28/08/2026 12:46","Jerry KH","PHW-TS-0042","","Completion Date","","46262","Master Register!BS78"
"28/08/2026 12:46","Jerry KH","PHW-TS-0043","","Complete","","Yes","Master Register!BR79"
"28/08/2026 12:46","Jerry KH","PHW-TS-0043","","Completion Date","","46262","Master Register!BS79"
"28/08/2026 12:46","Jerry KH","PHW-TS-0044","","Complete","","Yes","Master Register!BR80"
"28/08/2026 12:46","Jerry KH","PHW-TS-0044","","Completion Date","","46262","Master Register!BS80"
"28/08/2026 12:46","Jerry KH","PHW-TS-0045","","Complete","","Yes","Master Register!BR82"
"28/08/2026 12:46","Jerry KH","PHW-TS-0045","","Completion Date","","46262","Master Register!BS82"
"28/08/2026 12:46","Jerry KH","PHW-TS-0046","","Complete","","Yes","Master Register!BR83"
"28/08/2026 12:46","Jerry KH","PHW-TS-0046","","Completion Date","","46262","Master Register!BS83"
"28/08/2026 12:46","Jerry KH","PHW-BS-0006","","Complete","","Yes","Master Register!BR84"
"28/08/2026 12:46","Jerry KH","PHW-BS-0006","","Completion Date","","46262","Master Register!BS84"
"28/08/2026 12:46","Jerry KH","PHW-VG-0010","","Complete","","Yes","Master Register!BR85"
"28/08/2026 12:46","Jerry KH","PHW-VG-0010","","Completion Date","","46262","Master Register!BS85"
"28/08/2026 12:46","Jerry KH","PHW-TS-0047","","Complete","","Yes","Master Register!BR86"
"28/08/2026 12:46","Jerry KH","PHW-TS-0047","","Completion Date","","46262","Master Register!BS86"
"28/08/2026 12:46","Jerry KH","PHW-TS-0048","","Complete","","Yes","Master Register!BR89"
"28/08/2026 12:46","Jerry KH","PHW-TS-0048","","Completion Date","","46262","Master Register!BS89"
"28/08/2026 12:46","Jerry KH","PHW-TS-0049","","Complete","","Yes","Master Register!BR90"
"28/08/2026 12:46","Jerry KH","PHW-TS-0049","","Completion Date","","46262","Master Register!BS90"
"28/08/2026 12:46","Jerry KH","PHW-BS-0007","","Complete","","Yes","Master Register!BR91"
"28/08/2026 12:46","Jerry KH","PHW-BS-0007","","Completion Date","","46262","Master Register!BS91"
"28/08/2026 12:46","Jerry KH","PHW-TS-0050","","Complete","","Yes","Master Register!BR92"
"28/08/2026 12:46","Jerry KH","PHW-TS-0050","","Completion Date","","46262","Master Register!BS92"
"28/08/2026 12:46","Jerry KH","PHW-TS-0051","","Complete","","Yes","Master Register!BR93"
"28/08/2026 12:46","Jerry KH","PHW-TS-0051","","Completion Date","","46262","Master Register!BS93"
"28/08/2026 12:46","Jerry KH","PHW-TS-0052","","Complete","","Yes","Master Register!BR94"
"28/08/2026 12:46","Jerry KH","PHW-TS-0052","","Completion Date","","46262","Master Register!BS94"
"28/08/2026 12:46","Jerry KH","Workbook File Name","","Settings","T2W_Pipeline_Master_Asset_Register.xlsx","T2W_Pipeline_Master_Asset_Registe.xlsx","Settings!C12"
"28/08/2026 12:46","Jerry KH","PHW","","Daily Progress","","02/09/2026 · +111.0 m trench, +0.0 m pipe, 19 item(s)","Daily Progress!B14"
"28/08/2026 12:46","Jerry KH","Supervisor","","Daily Plant and Labour","","02/09/2026 · Supervisor x1 · 10.0 h","Daily Plant and Labour!B29"
"28/08/2026 12:46","Jerry KH","Pipe crew","","Daily Plant and Labour","","02/09/2026 · Pipe crew x6 · 10.0 h","Daily Plant and Labour!B30"
"28/08/2026 12:46","Jerry KH","Excavator 30t","","Daily Plant and Labour","","02/09/2026 · Excavator 30t x1 · 9.0 h","Daily Plant and Labour!B31"
"28/08/2026 12:46","Jerry KH","Sideboom","","Daily Plant and Labour","","02/09/2026 · Sideboom x1 · 9.0 h","Daily Plant and Labour!B32"
"28/08/2026 12:46","Jerry KH","","","Daily Safety","","02/09/2026 · toolbox Yes · 7 on site · Nil","Daily Safety!B14"
"28/08/2026 12:46","Jerry KH","107517.19","","Daily Profit","","02/09/2026 · earned $107,517, cost $47,075, profit $60,442","Daily Profit!B14"
"28/08/2026 12:49","Jerry KH","PHW-TS-0014","","Complete","","Yes","Master Register!BR29"
"28/08/2026 12:49","Jerry KH","PHW-TS-0014","","Completion Date","","46262","Master Register!BS29"
"28/08/2026 12:49","Jerry KH","PHW-TS-0015","","Complete","","Yes","Master Register!BR30"
"28/08/2026 12:49","Jerry KH","PHW-TS-0015","","Completion Date","","46262","Master Register!BS30"
"28/08/2026 12:49","Jerry KH","PHW-TS-0016","","Complete","","Yes","Master Register!BR31"
"28/08/2026 12:49","Jerry KH","PHW-TS-0016","","Completion Date","","46262","Master Register!BS31"
"28/08/2026 12:49","Jerry KH","PHW-TS-0019","","Complete","","Yes","Master Register!BR46"
"28/08/2026 12:49","Jerry KH","PHW-TS-0019","","Completion Date","","46262","Master Register!BS46"
"28/08/2026 12:49","Jerry KH","PHW-TS-0056","","Complete","","Yes","Master Register!BR99"
"28/08/2026 12:49","Jerry KH","PHW-TS-0056","","Completion Date","","46262","Master Register!BS99"
"28/08/2026 12:49","Jerry KH","PHW-BS-0009","","Complete","","Yes","Master Register!BR100"
"28/08/2026 12:49","Jerry KH","PHW-BS-0009","","Completion Date","","46262","Master Register!BS100"
"28/08/2026 12:49","Jerry KH","PHW-TS-0057","","Complete","","Yes","Master Register!BR101"
"28/08/2026 12:49","Jerry KH","PHW-TS-0057","","Completion Date","","46262","Master Register!BS101"
"28/08/2026 12:49","Jerry KH","PHW-TS-0058","","Complete","","Yes","Master Register!BR102"
"28/08/2026 12:49","Jerry KH","PHW-TS-0058","","Completion Date","","46262","Master Register!BS102"
"28/08/2026 12:49","Jerry KH","PHW-BS-0010","","Complete","","Yes","Master Register!BR104"
"28/08/2026 12:49","Jerry KH","PHW-BS-0010","","Completion Date","","46262","Master Register!BS104"
"28/08/2026 12:49","Jerry KH","PHW-TS-0059","","Complete","","Yes","Master Register!BR105"
"28/08/2026 12:49","Jerry KH","PHW-TS-0059","","Completion Date","","46262","Master Register!BS105"
"28/08/2026 12:49","Jerry KH","PHW-TS-0060","","Complete","","Yes","Master Register!BR106"
"28/08/2026 12:49","Jerry KH","PHW-TS-0060","","Completion Date","","46262","Master Register!BS106"
"28/08/2026 12:49","Jerry KH","PHW-TS-0061","","Complete","","Yes","Master Register!BR107"
"28/08/2026 12:49","Jerry KH","PHW-TS-0061","","Completion Date","","46262","Master Register!BS107"
"28/08/2026 12:49","Jerry KH","PHW","","Daily Progress","","28/08/2026 · +0.0 m trench, +0.0 m pipe, 4 item(s)","Daily Progress!B15"
"28/08/2026 12:49","Jerry KH","PHW","","Daily Progress","","29/08/2026 · +200.0 m trench, +150.0 m pipe, 8 item(s)","Daily Progress!B16"
"28/08/2026 12:49","Jerry KH","Supervisor","","Daily Plant and Labour","","28/08/2026 · Supervisor x1 · 10.0 h","Daily Plant and Labour!B33"
"28/08/2026 12:49","Jerry KH","Pipe crew","","Daily Plant and Labour","","28/08/2026 · Pipe crew x6 · 10.0 h","Daily Plant and Labour!B34"
"28/08/2026 12:49","Jerry KH","Excavator 30t","","Daily Plant and Labour","","28/08/2026 · Excavator 30t x1 · 9.0 h","Daily Plant and Labour!B35"
"28/08/2026 12:49","Jerry KH","Sideboom","","Daily Plant and Labour","","28/08/2026 · Sideboom x1 · 9.0 h","Daily Plant and Labour!B36"
"28/08/2026 12:49","Jerry KH","Supervisor","","Daily Plant and Labour","","29/08/2026 · Supervisor x1 · 10.0 h","Daily Plant and Labour!B37"
"28/08/2026 12:49","Jerry KH","Pipe crew","","Daily Plant and Labour","","29/08/2026 · Pipe crew x6 · 10.0 h","Daily Plant and Labour!B38"
"28/08/2026 12:49","Jerry KH","Excavator 30t","","Daily Plant and Labour","","29/08/2026 · Excavator 30t x1 · 9.0 h","Daily Plant and Labour!B39"
"28/08/2026 12:49","Jerry KH","Sideboom","","Daily Plant and Labour","","29/08/2026 · Sideboom x1 · 9.0 h","Daily Plant and Labour!B40"
"28/08/2026 12:49","Jerry KH","","","Daily Safety","","28/08/2026 · toolbox Yes · 7 on site · Nil","Daily Safety!B15"
"28/08/2026 12:49","Jerry KH","","","Daily Safety","","29/08/2026 · toolbox Yes · 7 on site · Nil","Daily Safety!B16"
"28/08/2026 12:49","Jerry KH","4450","","Daily Profit","","28/08/2026 · earned $4,450, cost $7,850, profit -$3,400","Daily Profit!B15"
"28/08/2026 12:49","Jerry KH","210264.5","","Daily Profit","","29/08/2026 · earned $210,265, cost $78,526, profit $131,739","Daily Profit!B16"
"28/08/2026 13:01","Jerry KH","PHW-VG-0001","","Complete","","Yes","Master Register!BR4"
"28/08/2026 13:01","Jerry KH","PHW-VG-0001","","Completion Date","","46262","Master Register!BS4"
"28/08/2026 13:01","Jerry KH","PHW-BND-001","","Complete","","Yes","Master Register!BR7"
"28/08/2026 13:01","Jerry KH","PHW-BND-001","","Completion Date","","46262","Master Register!BS7"
"28/08/2026 13:01","Jerry KH","PHW-VG-0002","","Complete","","Yes","Master Register!BR10"
"28/08/2026 13:01","Jerry KH","PHW-VG-0002","","Completion Date","","46262","Master Register!BS10"
"28/08/2026 13:01","Jerry KH","PHW-TT-0001","","Trench Complete (m)","","100","Cost Tracker - Linear!K9"
"28/08/2026 13:01","Jerry KH","PHW-TT-0001","","Pipe Laid (m)","","88","Cost Tracker - Linear!Q9"
"28/08/2026 13:01","Jerry KH","PHW-TT-0001","","Pipe Type","","DICL","Cost Tracker - Linear!N9"
"28/08/2026 13:01","Jerry KH","PHW-TT-0001","","As At Date","","46262","Cost Tracker - Linear!X9"
"28/08/2026 13:01","Jerry KH","PHW-TT-0001","","Updated By","","Jerry KH","Cost Tracker - Linear!Y9"
"28/08/2026 13:01","Jerry KH","PHW","","Daily Progress","","28/08/2026 · +100.0 m trench, +88.0 m pipe, 3 item(s)","Daily Progress!B9"
"28/08/2026 13:01","Jerry KH","Supervisor","","Daily Plant and Labour","","28/08/2026 · Supervisor x1 · 10.0 h","Daily Plant and Labour!B9"
"28/08/2026 13:01","Jerry KH","Pipe crew","","Daily Plant and Labour","","28/08/2026 · Pipe crew x6 · 10.0 h","Daily Plant and Labour!B10"
"28/08/2026 13:01","Jerry KH","Excavator 30t","","Daily Plant and Labour","","28/08/2026 · Excavator 30t x1 · 9.0 h","Daily Plant and Labour!B11"
"28/08/2026 13:01","Jerry KH","","","Daily Safety","","28/08/2026 · toolbox Yes · 7 on site · Nil","Daily Safety!B9"
"28/08/2026 13:01","Jerry KH","87598.6","","Daily Profit","","28/08/2026 · earned $87,599, cost $43,188, profit $44,411","Daily Profit!B9"
"28/08/2026 13:15","Jerry KH","PHW-AV-001","","Complete","","Yes","Master Register!BR12"
"28/08/2026 13:15","Jerry KH","PHW-AV-001","","Completion Date","","46262","Master Register!BS12"
"28/08/2026 13:15","Jerry KH","PHW-TS-0001","","Complete","","Yes","Master Register!BR13"
"28/08/2026 13:15","Jerry KH","PHW-TS-0001","","Completion Date","","46262","Master Register!BS13"
"28/08/2026 13:15","Jerry KH","PHW-TS-0002","","Complete","","Yes","Master Register!BR14"
"28/08/2026 13:15","Jerry KH","PHW-TS-0002","","Completion Date","","46262","Master Register!BS14"
"28/08/2026 13:15","Jerry KH","PHW-TS-0003","","Complete","","Yes","Master Register!BR15"
"28/08/2026 13:15","Jerry KH","PHW-TS-0003","","Completion Date","","46262","Master Register!BS15"
"28/08/2026 13:15","Jerry KH","PHW-TS-0004","","Complete","","Yes","Master Register!BR16"
"28/08/2026 13:15","Jerry KH","PHW-TS-0004","","Completion Date","","46262","Master Register!BS16"
"28/08/2026 13:15","Jerry KH","PHW-TS-0005","","Complete","","Yes","Master Register!BR18"
"28/08/2026 13:15","Jerry KH","PHW-TS-0005","","Completion Date","","46262","Master Register!BS18"
"28/08/2026 13:15","Jerry KH","PHW-TS-0006","","Complete","","Yes","Master Register!BR19"
"28/08/2026 13:15","Jerry KH","PHW-TS-0006","","Completion Date","","46262","Master Register!BS19"
"28/08/2026 13:15","Jerry KH","PHW-TS-0007","","Complete","","Yes","Master Register!BR21"
"28/08/2026 13:15","Jerry KH","PHW-TS-0007","","Completion Date","","46262","Master Register!BS21"
"28/08/2026 13:15","Jerry KH","PHW-VG-0003","","Complete","","Yes","Master Register!BR22"
"28/08/2026 13:15","Jerry KH","PHW-VG-0003","","Completion Date","","46262","Master Register!BS22"
"28/08/2026 13:15","Jerry KH","PHW-TS-0008","","Complete","","Yes","Master Register!BR23"
"28/08/2026 13:15","Jerry KH","PHW-TS-0008","","Completion Date","","46262","Master Register!BS23"
"28/08/2026 13:15","Jerry KH","PHW-TS-0009","","Complete","","Yes","Master Register!BR24"
"28/08/2026 13:15","Jerry KH","PHW-TS-0009","","Completion Date","","46262","Master Register!BS24"
"28/08/2026 13:15","Jerry KH","PHW-TS-0010","","Complete","","Yes","Master Register!BR25"
"28/08/2026 13:15","Jerry KH","PHW-TS-0010","","Completion Date","","46262","Master Register!BS25"
"28/08/2026 13:15","Jerry KH","PHW-TS-0011","","Complete","","Yes","Master Register!BR26"
"28/08/2026 13:15","Jerry KH","PHW-TS-0011","","Completion Date","","46262","Master Register!BS26"
"28/08/2026 13:15","Jerry KH","PHW-TS-0012","","Complete","","Yes","Master Register!BR27"
"28/08/2026 13:15","Jerry KH","PHW-TS-0012","","Completion Date","","46262","Master Register!BS27"
"28/08/2026 13:15","Jerry KH","PHW-TS-0013","","Complete","","Yes","Master Register!BR28"
"28/08/2026 13:15","Jerry KH","PHW-TS-0013","","Completion Date","","46262","Master Register!BS28"
"28/08/2026 13:15","Jerry KH","PHW-TS-0014","","Complete","","Yes","Master Register!BR29"
"28/08/2026 13:15","Jerry KH","PHW-TS-0014","","Completion Date","","46262","Master Register!BS29"
"28/08/2026 13:15","Jerry KH","PHW-TS-0015","","Complete","","Yes","Master Register!BR30"
"28/08/2026 13:15","Jerry KH","PHW-TS-0015","","Completion Date","","46262","Master Register!BS30"
"28/08/2026 13:15","Jerry KH","PHW-TS-0016","","Complete","","Yes","Master Register!BR31"
"28/08/2026 13:15","Jerry KH","PHW-TS-0016","","Completion Date","","46262","Master Register!BS31"
"28/08/2026 13:15","Jerry KH","PHW-TS-0017","","Complete","","Yes","Master Register!BR32"
"28/08/2026 13:15","Jerry KH","PHW-TS-0017","","Completion Date","","46262","Master Register!BS32"
"28/08/2026 13:15","Jerry KH","PHW-TS-0018","","Complete","","Yes","Master Register!BR34"
"28/08/2026 13:15","Jerry KH","PHW-TS-0018","","Completion Date","","46262","Master Register!BS34"
"28/08/2026 13:15","Jerry KH","PHW-VG-0004","","Complete","","Yes","Master Register!BR38"
"28/08/2026 13:15","Jerry KH","PHW-VG-0004","","Completion Date","","46262","Master Register!BS38"
"28/08/2026 13:15","Jerry KH","PHW-VG-0005","","Complete","","Yes","Master Register!BR41"
"28/08/2026 13:15","Jerry KH","PHW-VG-0005","","Completion Date","","46262","Master Register!BS41"
"28/08/2026 13:15","Jerry KH","PHW-TS-0019","","Complete","","Yes","Master Register!BR46"
"28/08/2026 13:15","Jerry KH","PHW-TS-0019","","Completion Date","","46262","Master Register!BS46"
"28/08/2026 13:15","Jerry KH","PHW-VG-0006","","Complete","","Yes","Master Register!BR47"
"28/08/2026 13:15","Jerry KH","PHW-VG-0006","","Completion Date","","46262","Master Register!BS47"
"28/08/2026 13:15","Jerry KH","PHW-TS-0020","","Complete","","Yes","Master Register!BR48"
"28/08/2026 13:15","Jerry KH","PHW-TS-0020","","Completion Date","","46262","Master Register!BS48"
"28/08/2026 13:15","Jerry KH","PHW-TS-0021","","Complete","","Yes","Master Register!BR49"
"28/08/2026 13:15","Jerry KH","PHW-TS-0021","","Completion Date","","46262","Master Register!BS49"
"28/08/2026 13:15","Jerry KH","PHW-TS-0022","","Complete","","Yes","Master Register!BR50"
"28/08/2026 13:15","Jerry KH","PHW-TS-0022","","Completion Date","","46262","Master Register!BS50"
"28/08/2026 13:15","Jerry KH","PHW-TS-0023","","Complete","","Yes","Master Register!BR51"
"28/08/2026 13:15","Jerry KH","PHW-TS-0023","","Completion Date","","46262","Master Register!BS51"
"28/08/2026 13:15","Jerry KH","PHW-BS-0001","","Complete","","Yes","Master Register!BR52"
"28/08/2026 13:15","Jerry KH","PHW-BS-0001","","Completion Date","","46262","Master Register!BS52"
"28/08/2026 13:15","Jerry KH","PHW-TS-0024","","Complete","","Yes","Master Register!BR53"
"28/08/2026 13:15","Jerry KH","PHW-TS-0024","","Completion Date","","46262","Master Register!BS53"
"28/08/2026 13:15","Jerry KH","PHW-TS-0025","","Complete","","Yes","Master Register!BR54"
"28/08/2026 13:15","Jerry KH","PHW-TS-0025","","Completion Date","","46262","Master Register!BS54"
"28/08/2026 13:15","Jerry KH","PHW-VG-0007","","Complete","","Yes","Master Register!BR55"
"28/08/2026 13:15","Jerry KH","PHW-VG-0007","","Completion Date","","46262","Master Register!BS55"
"28/08/2026 13:15","Jerry KH","PHW-TS-0026","","Complete","","Yes","Master Register!BR56"
"28/08/2026 13:15","Jerry KH","PHW-TS-0026","","Completion Date","","46262","Master Register!BS56"
"28/08/2026 13:15","Jerry KH","PHW-BS-0002","","Complete","","Yes","Master Register!BR57"
"28/08/2026 13:15","Jerry KH","PHW-BS-0002","","Completion Date","","46262","Master Register!BS57"
"28/08/2026 13:15","Jerry KH","PHW-TS-0027","","Complete","","Yes","Master Register!BR58"
"28/08/2026 13:15","Jerry KH","PHW-TS-0027","","Completion Date","","46262","Master Register!BS58"
"28/08/2026 13:15","Jerry KH","PHW-TS-0028","","Complete","","Yes","Master Register!BR59"
"28/08/2026 13:15","Jerry KH","PHW-TS-0028","","Completion Date","","46262","Master Register!BS59"
"28/08/2026 13:15","Jerry KH","PHW-BS-0003","","Complete","","Yes","Master Register!BR60"
"28/08/2026 13:15","Jerry KH","PHW-BS-0003","","Completion Date","","46262","Master Register!BS60"
"28/08/2026 13:15","Jerry KH","PHW-VG-0008","","Complete","","Yes","Master Register!BR61"
"28/08/2026 13:15","Jerry KH","PHW-VG-0008","","Completion Date","","46262","Master Register!BS61"
"28/08/2026 13:15","Jerry KH","PHW-TS-0029","","Complete","","Yes","Master Register!BR62"
"28/08/2026 13:15","Jerry KH","PHW-TS-0029","","Completion Date","","46262","Master Register!BS62"
"28/08/2026 13:15","Jerry KH","PHW-TS-0030","","Complete","","Yes","Master Register!BR63"
"28/08/2026 13:15","Jerry KH","PHW-TS-0030","","Completion Date","","46262","Master Register!BS63"
"28/08/2026 13:15","Jerry KH","PHW-TS-0031","","Complete","","Yes","Master Register!BR64"
"28/08/2026 13:15","Jerry KH","PHW-TS-0031","","Completion Date","","46262","Master Register!BS64"
"28/08/2026 13:15","Jerry KH","PHW-BS-0004","","Complete","","Yes","Master Register!BR65"
"28/08/2026 13:15","Jerry KH","PHW-BS-0004","","Completion Date","","46262","Master Register!BS65"
"28/08/2026 13:15","Jerry KH","PHW-TS-0032","","Complete","","Yes","Master Register!BR66"
"28/08/2026 13:15","Jerry KH","PHW-TS-0032","","Completion Date","","46262","Master Register!BS66"
"28/08/2026 13:15","Jerry KH","PHW-TS-0033","","Complete","","Yes","Master Register!BR67"
"28/08/2026 13:15","Jerry KH","PHW-TS-0033","","Completion Date","","46262","Master Register!BS67"
"28/08/2026 13:15","Jerry KH","PHW-TS-0034","","Complete","","Yes","Master Register!BR68"
"28/08/2026 13:15","Jerry KH","PHW-TS-0034","","Completion Date","","46262","Master Register!BS68"
"28/08/2026 13:15","Jerry KH","PHW-BS-0005","","Complete","","Yes","Master Register!BR69"
"28/08/2026 13:15","Jerry KH","PHW-BS-0005","","Completion Date","","46262","Master Register!BS69"
"28/08/2026 13:15","Jerry KH","PHW-TS-0035","","Complete","","Yes","Master Register!BR70"
"28/08/2026 13:15","Jerry KH","PHW-TS-0035","","Completion Date","","46262","Master Register!BS70"
"28/08/2026 13:15","Jerry KH","PHW-TS-0036","","Complete","","Yes","Master Register!BR71"
"28/08/2026 13:15","Jerry KH","PHW-TS-0036","","Completion Date","","46262","Master Register!BS71"
"28/08/2026 13:15","Jerry KH","PHW-TS-0037","","Complete","","Yes","Master Register!BR72"
"28/08/2026 13:15","Jerry KH","PHW-TS-0037","","Completion Date","","46262","Master Register!BS72"
"28/08/2026 13:15","Jerry KH","PHW-TS-0038","","Complete","","Yes","Master Register!BR73"
"28/08/2026 13:15","Jerry KH","PHW-TS-0038","","Completion Date","","46262","Master Register!BS73"
"28/08/2026 13:15","Jerry KH","PHW-TS-0039","","Complete","","Yes","Master Register!BR74"
"28/08/2026 13:15","Jerry KH","PHW-TS-0039","","Completion Date","","46262","Master Register!BS74"
"28/08/2026 13:15","Jerry KH","PHW-TS-0046","","Complete","","Yes","Master Register!BR83"
"28/08/2026 13:15","Jerry KH","PHW-TS-0046","","Completion Date","","46262","Master Register!BS83"
"28/08/2026 13:15","Jerry KH","PHW-BS-0006","","Complete","","Yes","Master Register!BR84"
"28/08/2026 13:15","Jerry KH","PHW-BS-0006","","Completion Date","","46262","Master Register!BS84"
"28/08/2026 13:15","Jerry KH","PHW-VG-0010","","Complete","","Yes","Master Register!BR85"
"28/08/2026 13:15","Jerry KH","PHW-VG-0010","","Completion Date","","46262","Master Register!BS85"
"28/08/2026 13:15","Jerry KH","PHW-TS-0047","","Complete","","Yes","Master Register!BR86"
"28/08/2026 13:15","Jerry KH","PHW-TS-0047","","Completion Date","","46262","Master Register!BS86"
"28/08/2026 13:15","Jerry KH","PHW-TS-0048","","Complete","","Yes","Master Register!BR89"
"28/08/2026 13:15","Jerry KH","PHW-TS-0048","","Completion Date","","46262","Master Register!BS89"
"28/08/2026 13:15","Jerry KH","PHW-TS-0049","","Complete","","Yes","Master Register!BR90"
"28/08/2026 13:15","Jerry KH","PHW-TS-0049","","Completion Date","","46262","Master Register!BS90"
"28/08/2026 13:15","Jerry KH","PHW-BS-0007","","Complete","","Yes","Master Register!BR91"
"28/08/2026 13:15","Jerry KH","PHW-BS-0007","","Completion Date","","46262","Master Register!BS91"
"28/08/2026 13:15","Jerry KH","PHW-TS-0052","","Complete","","Yes","Master Register!BR94"
"28/08/2026 13:15","Jerry KH","PHW-TS-0052","","Completion Date","","46262","Master Register!BS94"
"28/08/2026 13:15","Jerry KH","PHW-TS-0053","","Complete","","Yes","Master Register!BR95"
"28/08/2026 13:15","Jerry KH","PHW-TS-0053","","Completion Date","","46262","Master Register!BS95"
"28/08/2026 13:15","Jerry KH","PHW-TT-0001","","Trench Complete (m)","100","327.039","Cost Tracker - Linear!K9"
"28/08/2026 13:15","Jerry KH","PHW-TT-0001","","Pipe Laid (m)","88","327.039","Cost Tracker - Linear!Q9"
"28/08/2026 13:15","Jerry KH","PHW-TT-0002","","Trench Complete (m)","","77.82300000000004","Cost Tracker - Linear!K10"
"28/08/2026 13:15","Jerry KH","PHW-TT-0002","","Pipe Laid (m)","","77.82300000000004","Cost Tracker - Linear!Q10"
"28/08/2026 13:15","Jerry KH","PHW-TT-0002","","Pipe Type","","DICL","Cost Tracker - Linear!N10"
"28/08/2026 13:15","Jerry KH","PHW-TT-0002","","As At Date","","46262","Cost Tracker - Linear!X10"
"28/08/2026 13:15","Jerry KH","PHW-TT-0002","","Updated By","","Jerry KH","Cost Tracker - Linear!Y10"
"28/08/2026 13:15","Jerry KH","PHW-TT-0003","","Trench Complete (m)","","21.527999999999963","Cost Tracker - Linear!K11"
"28/08/2026 13:15","Jerry KH","PHW-TT-0003","","Pipe Laid (m)","","21.527999999999963","Cost Tracker - Linear!Q11"
"28/08/2026 13:15","Jerry KH","PHW-TT-0003","","Pipe Type","","DICL","Cost Tracker - Linear!N11"
"28/08/2026 13:15","Jerry KH","PHW-TT-0003","","As At Date","","46262","Cost Tracker - Linear!X11"
"28/08/2026 13:15","Jerry KH","PHW-TT-0003","","Updated By","","Jerry KH","Cost Tracker - Linear!Y11"
"28/08/2026 13:15","Jerry KH","PHW-TT-0004","","Trench Complete (m)","","273.61","Cost Tracker - Linear!K12"
"28/08/2026 13:15","Jerry KH","PHW-TT-0004","","Pipe Laid (m)","","82.61000000000001","Cost Tracker - Linear!Q12"
"28/08/2026 13:15","Jerry KH","PHW-TT-0004","","Pipe Type","","DICL","Cost Tracker - Linear!N12"
"28/08/2026 13:15","Jerry KH","PHW-TT-0004","","As At Date","","46262","Cost Tracker - Linear!X12"
"28/08/2026 13:15","Jerry KH","PHW-TT-0004","","Updated By","","Jerry KH","Cost Tracker - Linear!Y12"
"28/08/2026 13:15","Jerry KH","PHW","","Daily Progress","","30/08/2026 · +500.0 m trench, +222.0 m pipe, 50 item(s)","Daily Progress!B10"
"28/08/2026 13:15","Jerry KH","PHW","","Daily Progress","","31/08/2026 · +100.0 m trench, +199.0 m pipe, 10 item(s)","Daily Progress!B11"
"28/08/2026 13:15","Jerry KH","Supervisor","","Daily Plant and Labour","","30/08/2026 · Supervisor x1 · 10.0 h","Daily Plant and Labour!B12"
"28/08/2026 13:15","Jerry KH","Pipe crew","","Daily Plant and Labour","","30/08/2026 · Pipe crew x6 · 10.0 h","Daily Plant and Labour!B13"
"28/08/2026 13:15","Jerry KH","Excavator 30t","","Daily Plant and Labour","","30/08/2026 · Excavator 30t x1 · 9.0 h","Daily Plant and Labour!B14"
"28/08/2026 13:15","Jerry KH","Sideboom","","Daily Plant and Labour","","30/08/2026 · Sideboom x1 · 9.0 h","Daily Plant and Labour!B15"
"28/08/2026 13:15","Jerry KH","Supervisor","","Daily Plant and Labour","","31/08/2026 · Supervisor x1 · 10.0 h","Daily Plant and Labour!B16"
"28/08/2026 13:15","Jerry KH","Pipe crew","","Daily Plant and Labour","","31/08/2026 · Pipe crew x6 · 10.0 h","Daily Plant and Labour!B17"
"28/08/2026 13:15","Jerry KH","Excavator 30t","","Daily Plant and Labour","","31/08/2026 · Excavator 30t x1 · 9.0 h","Daily Plant and Labour!B18"
"28/08/2026 13:15","Jerry KH","Sideboom","","Daily Plant and Labour","","31/08/2026 · Sideboom x1 · 9.0 h","Daily Plant and Labour!B19"
"28/08/2026 13:15","Jerry KH","","","Daily Safety","","30/08/2026 · toolbox Yes · 7 on site · Nil","Daily Safety!B10"
"28/08/2026 13:15","Jerry KH","","","Daily Safety","","31/08/2026 · toolbox Yes · 7 on site · Nil","Daily Safety!B11"
"28/08/2026 13:15","Jerry KH","457183.11510999996","","Daily Profit","","30/08/2026 · earned $457,183, cost $168,955, profit $288,228","Daily Profit!B10"
"28/08/2026 13:15","Jerry KH","190285.05","","Daily Profit","","31/08/2026 · earned $190,285, cost $43,188, profit $147,097","Daily Profit!B11"
"31/08/2026 10:08","Jerry KH","PHW-VG-0001","","Complete","","Yes","Master Register!BR4"
"31/08/2026 10:08","Jerry KH","PHW-VG-0001","","Completion Date","","46265","Master Register!BS4"
"31/08/2026 10:08","Jerry KH","PHW-TB-001","","Complete","","Yes","Master Register!BR6"
"31/08/2026 10:08","Jerry KH","PHW-TB-001","","Completion Date","","46265","Master Register!BS6"
"31/08/2026 10:08","Jerry KH","PHW-BND-001","","Complete","","Yes","Master Register!BR7"
"31/08/2026 10:08","Jerry KH","PHW-BND-001","","Completion Date","","46265","Master Register!BS7"
"31/08/2026 10:08","Jerry KH","PHW-VG-0002","","Complete","","Yes","Master Register!BR10"
"31/08/2026 10:08","Jerry KH","PHW-VG-0002","","Completion Date","","46265","Master Register!BS10"
"31/08/2026 10:08","Jerry KH","PHW-AV-001","","Complete","","Yes","Master Register!BR12"
"31/08/2026 10:08","Jerry KH","PHW-AV-001","","Completion Date","","46265","Master Register!BS12"
"31/08/2026 10:08","Jerry KH","PHW-TS-0001","","Complete","","Yes","Master Register!BR13"
"31/08/2026 10:08","Jerry KH","PHW-TS-0001","","Completion Date","","46265","Master Register!BS13"
"31/08/2026 10:08","Jerry KH","PHW-TS-0002","","Complete","","Yes","Master Register!BR14"
"31/08/2026 10:08","Jerry KH","PHW-TS-0002","","Completion Date","","46265","Master Register!BS14"
"31/08/2026 10:08","Jerry KH","PHW-TS-0003","","Complete","","Yes","Master Register!BR15"
"31/08/2026 10:08","Jerry KH","PHW-TS-0003","","Completion Date","","46265","Master Register!BS15"
"31/08/2026 10:08","Jerry KH","PHW-TS-0004","","Complete","","Yes","Master Register!BR16"
"31/08/2026 10:08","Jerry KH","PHW-TS-0004","","Completion Date","","46265","Master Register!BS16"
"31/08/2026 10:08","Jerry KH","PHW-TS-0005","","Complete","","Yes","Master Register!BR18"
"31/08/2026 10:08","Jerry KH","PHW-TS-0005","","Completion Date","","46265","Master Register!BS18"
"31/08/2026 10:08","Jerry KH","PHW-TS-0006","","Complete","","Yes","Master Register!BR19"
"31/08/2026 10:08","Jerry KH","PHW-TS-0006","","Completion Date","","46265","Master Register!BS19"
"31/08/2026 10:08","Jerry KH","PHW-TS-0007","","Complete","","Yes","Master Register!BR21"
"31/08/2026 10:08","Jerry KH","PHW-TS-0007","","Completion Date","","46265","Master Register!BS21"
"31/08/2026 10:08","Jerry KH","PHW-VG-0003","","Complete","","Yes","Master Register!BR22"
"31/08/2026 10:08","Jerry KH","PHW-VG-0003","","Completion Date","","46265","Master Register!BS22"
"31/08/2026 10:08","Jerry KH","PHW-TS-0008","","Complete","","Yes","Master Register!BR23"
"31/08/2026 10:08","Jerry KH","PHW-TS-0008","","Completion Date","","46265","Master Register!BS23"
"31/08/2026 10:08","Jerry KH","PHW-TS-0009","","Complete","","Yes","Master Register!BR24"
"31/08/2026 10:08","Jerry KH","PHW-TS-0009","","Completion Date","","46265","Master Register!BS24"
"31/08/2026 10:08","Jerry KH","PHW-TS-0010","","Complete","","Yes","Master Register!BR25"
"31/08/2026 10:08","Jerry KH","PHW-TS-0010","","Completion Date","","46265","Master Register!BS25"
"31/08/2026 10:08","Jerry KH","PHW-TS-0011","","Complete","","Yes","Master Register!BR26"
"31/08/2026 10:08","Jerry KH","PHW-TS-0011","","Completion Date","","46265","Master Register!BS26"
"31/08/2026 10:08","Jerry KH","PHW-TS-0012","","Complete","","Yes","Master Register!BR27"
"31/08/2026 10:08","Jerry KH","PHW-TS-0012","","Completion Date","","46265","Master Register!BS27"
"31/08/2026 10:08","Jerry KH","PHW-TS-0013","","Complete","","Yes","Master Register!BR28"
"31/08/2026 10:08","Jerry KH","PHW-TS-0013","","Completion Date","","46265","Master Register!BS28"
"31/08/2026 10:08","Jerry KH","PHW-TS-0014","","Complete","","Yes","Master Register!BR29"
"31/08/2026 10:08","Jerry KH","PHW-TS-0014","","Completion Date","","46265","Master Register!BS29"
"31/08/2026 10:08","Jerry KH","PHW-TS-0015","","Complete","","Yes","Master Register!BR30"
"31/08/2026 10:08","Jerry KH","PHW-TS-0015","","Completion Date","","46265","Master Register!BS30"
"31/08/2026 10:08","Jerry KH","PHW-TS-0016","","Complete","","Yes","Master Register!BR31"
"31/08/2026 10:08","Jerry KH","PHW-TS-0016","","Completion Date","","46265","Master Register!BS31"
"31/08/2026 10:08","Jerry KH","PHW-TS-0017","","Complete","","Yes","Master Register!BR32"
"31/08/2026 10:08","Jerry KH","PHW-TS-0017","","Completion Date","","46265","Master Register!BS32"
"31/08/2026 10:08","Jerry KH","PHW-TS-0018","","Complete","","Yes","Master Register!BR34"
"31/08/2026 10:08","Jerry KH","PHW-TS-0018","","Completion Date","","46265","Master Register!BS34"
"31/08/2026 10:08","Jerry KH","PHW-VG-0004","","Complete","","Yes","Master Register!BR38"
"31/08/2026 10:08","Jerry KH","PHW-VG-0004","","Completion Date","","46265","Master Register!BS38"
"31/08/2026 10:08","Jerry KH","PHW-VG-0005","","Complete","","Yes","Master Register!BR41"
"31/08/2026 10:08","Jerry KH","PHW-VG-0005","","Completion Date","","46265","Master Register!BS41"
"31/08/2026 10:08","Jerry KH","PHW-TS-0019","","Complete","","Yes","Master Register!BR46"
"31/08/2026 10:08","Jerry KH","PHW-TS-0019","","Completion Date","","46265","Master Register!BS46"
"31/08/2026 10:08","Jerry KH","PHW-VG-0006","","Complete","","Yes","Master Register!BR47"
"31/08/2026 10:08","Jerry KH","PHW-VG-0006","","Completion Date","","46265","Master Register!BS47"
"31/08/2026 10:08","Jerry KH","PHW-TS-0020","","Complete","","Yes","Master Register!BR48"
"31/08/2026 10:08","Jerry KH","PHW-TS-0020","","Completion Date","","46265","Master Register!BS48"
"31/08/2026 10:08","Jerry KH","PHW-TS-0021","","Complete","","Yes","Master Register!BR49"
"31/08/2026 10:08","Jerry KH","PHW-TS-0021","","Completion Date","","46265","Master Register!BS49"
"31/08/2026 10:08","Jerry KH","PHW-TS-0022","","Complete","","Yes","Master Register!BR50"
"31/08/2026 10:08","Jerry KH","PHW-TS-0022","","Completion Date","","46265","Master Register!BS50"
"31/08/2026 10:08","Jerry KH","PHW-TS-0023","","Complete","","Yes","Master Register!BR51"
"31/08/2026 10:08","Jerry KH","PHW-TS-0023","","Completion Date","","46265","Master Register!BS51"
"31/08/2026 10:08","Jerry KH","PHW-BS-0001","","Complete","","Yes","Master Register!BR52"
"31/08/2026 10:08","Jerry KH","PHW-BS-0001","","Completion Date","","46265","Master Register!BS52"
"31/08/2026 10:08","Jerry KH","PHW-TS-0024","","Complete","","Yes","Master Register!BR53"
"31/08/2026 10:08","Jerry KH","PHW-TS-0024","","Completion Date","","46265","Master Register!BS53"
"31/08/2026 10:08","Jerry KH","PHW-TS-0025","","Complete","","Yes","Master Register!BR54"
"31/08/2026 10:08","Jerry KH","PHW-TS-0025","","Completion Date","","46265","Master Register!BS54"
"31/08/2026 10:08","Jerry KH","PHW-VG-0007","","Complete","","Yes","Master Register!BR55"
"31/08/2026 10:08","Jerry KH","PHW-VG-0007","","Completion Date","","46265","Master Register!BS55"
"31/08/2026 10:08","Jerry KH","PHW-TS-0026","","Complete","","Yes","Master Register!BR56"
"31/08/2026 10:08","Jerry KH","PHW-TS-0026","","Completion Date","","46265","Master Register!BS56"
"31/08/2026 10:08","Jerry KH","PHW-BS-0002","","Complete","","Yes","Master Register!BR57"
"31/08/2026 10:08","Jerry KH","PHW-BS-0002","","Completion Date","","46265","Master Register!BS57"
"31/08/2026 10:08","Jerry KH","PHW-TS-0027","","Complete","","Yes","Master Register!BR58"
"31/08/2026 10:08","Jerry KH","PHW-TS-0027","","Completion Date","","46265","Master Register!BS58"
"31/08/2026 10:08","Jerry KH","PHW-TS-0028","","Complete","","Yes","Master Register!BR59"
"31/08/2026 10:08","Jerry KH","PHW-TS-0028","","Completion Date","","46265","Master Register!BS59"
"31/08/2026 10:08","Jerry KH","PHW-BS-0003","","Complete","","Yes","Master Register!BR60"
"31/08/2026 10:08","Jerry KH","PHW-BS-0003","","Completion Date","","46265","Master Register!BS60"
"31/08/2026 10:08","Jerry KH","PHW-VG-0008","","Complete","","Yes","Master Register!BR61"
"31/08/2026 10:08","Jerry KH","PHW-VG-0008","","Completion Date","","46265","Master Register!BS61"
"31/08/2026 10:08","Jerry KH","PHW-TS-0029","","Complete","","Yes","Master Register!BR62"
"31/08/2026 10:08","Jerry KH","PHW-TS-0029","","Completion Date","","46265","Master Register!BS62"
"31/08/2026 10:08","Jerry KH","PHW-TS-0030","","Complete","","Yes","Master Register!BR63"
"31/08/2026 10:08","Jerry KH","PHW-TS-0030","","Completion Date","","46265","Master Register!BS63"
"31/08/2026 10:08","Jerry KH","PWG-TB-001","","Complete","","Yes","Master Register!BR1278"
"31/08/2026 10:08","Jerry KH","PWG-TB-001","","Completion Date","","46265","Master Register!BS1278"
"31/08/2026 10:08","Jerry KH","PWG-TS-0001","","Complete","","Yes","Master Register!BR1280"
"31/08/2026 10:08","Jerry KH","PWG-TS-0001","","Completion Date","","46265","Master Register!BS1280"
"31/08/2026 10:08","Jerry KH","PWG-BS-0001","","Complete","","Yes","Master Register!BR1284"
"31/08/2026 10:08","Jerry KH","PWG-BS-0001","","Completion Date","","46265","Master Register!BS1284"
"31/08/2026 10:08","Jerry KH","PWG-TS-0002","","Complete","","Yes","Master Register!BR1286"
"31/08/2026 10:08","Jerry KH","PWG-TS-0002","","Completion Date","","46265","Master Register!BS1286"
"31/08/2026 10:08","Jerry KH","PWG-TB-002","","Complete","","Yes","Master Register!BR1287"
"31/08/2026 10:08","Jerry KH","PWG-TB-002","","Completion Date","","46265","Master Register!BS1287"
"31/08/2026 10:08","Jerry KH","PWG-BND-001","","Complete","","Yes","Master Register!BR1289"
"31/08/2026 10:08","Jerry KH","PWG-BND-001","","Completion Date","","46265","Master Register!BS1289"
"31/08/2026 10:08","Jerry KH","PWG-RD-0001","","Complete","","Yes","Master Register!BR1291"
"31/08/2026 10:08","Jerry KH","PWG-RD-0001","","Completion Date","","46265","Master Register!BS1291"
"31/08/2026 10:08","Jerry KH","PWG-TB-003","","Complete","","Yes","Master Register!BR1292"
"31/08/2026 10:08","Jerry KH","PWG-TB-003","","Completion Date","","46265","Master Register!BS1292"
"31/08/2026 10:08","Jerry KH","PWG-BND-002","","Complete","","Yes","Master Register!BR1294"
"31/08/2026 10:08","Jerry KH","PWG-BND-002","","Completion Date","","46265","Master Register!BS1294"
"31/08/2026 10:08","Jerry KH","PWG-TB-132","","Complete","","Yes","Master Register!BR1296"
"31/08/2026 10:08","Jerry KH","PWG-TB-132","","Completion Date","","46265","Master Register!BS1296"
"31/08/2026 10:08","Jerry KH","PWG-PIG-001","","Complete","","Yes","Master Register!BR1297"
"31/08/2026 10:08","Jerry KH","PWG-PIG-001","","Completion Date","","46265","Master Register!BS1297"
"31/08/2026 10:08","Jerry KH","PWG-TB-004","","Complete","","Yes","Master Register!BR1299"
"31/08/2026 10:08","Jerry KH","PWG-TB-004","","Completion Date","","46265","Master Register!BS1299"
"31/08/2026 10:08","Jerry KH","PWG-BND-003","","Complete","","Yes","Master Register!BR1300"
"31/08/2026 10:08","Jerry KH","PWG-BND-003","","Completion Date","","46265","Master Register!BS1300"
"31/08/2026 10:08","Jerry KH","PWG-TB-103","","Complete","","Yes","Master Register!BR1301"
"31/08/2026 10:08","Jerry KH","PWG-TB-103","","Completion Date","","46265","Master Register!BS1301"
"31/08/2026 10:08","Jerry KH","PWG-SCV-001","","Complete","","Yes","Master Register!BR1302"
"31/08/2026 10:08","Jerry KH","PWG-SCV-001","","Completion Date","","46265","Master Register!BS1302"
"31/08/2026 10:08","Jerry KH","PWG-TB-005","","Complete","","Yes","Master Register!BR1304"
"31/08/2026 10:08","Jerry KH","PWG-TB-005","","Completion Date","","46265","Master Register!BS1304"
"31/08/2026 10:08","Jerry KH","PWG-BND-004","","Complete","","Yes","Master Register!BR1305"
"31/08/2026 10:08","Jerry KH","PWG-BND-004","","Completion Date","","46265","Master Register!BS1305"
"31/08/2026 10:08","Jerry KH","PWG-VG-0001","","Complete","","Yes","Master Register!BR1306"
"31/08/2026 10:08","Jerry KH","PWG-VG-0001","","Completion Date","","46265","Master Register!BS1306"
"31/08/2026 10:08","Jerry KH","PWG-TB-006","","Complete","","Yes","Master Register!BR1307"
"31/08/2026 10:08","Jerry KH","PWG-TB-006","","Completion Date","","46265","Master Register!BS1307"
"31/08/2026 10:08","Jerry KH","PWG-BND-005","","Complete","","Yes","Master Register!BR1308"
"31/08/2026 10:08","Jerry KH","PWG-BND-005","","Completion Date","","46265","Master Register!BS1308"
"31/08/2026 10:08","Jerry KH","PWG-VG-0002","","Complete","","Yes","Master Register!BR1309"
"31/08/2026 10:08","Jerry KH","PWG-VG-0002","","Completion Date","","46265","Master Register!BS1309"
"31/08/2026 10:08","Jerry KH","PWG-VG-0003","","Complete","","Yes","Master Register!BR1310"
"31/08/2026 10:08","Jerry KH","PWG-VG-0003","","Completion Date","","46265","Master Register!BS1310"
"31/08/2026 10:08","Jerry KH","PHW-TT-0001","","Trench Complete (m)","","327.039","Cost Tracker - Linear!K9"
"31/08/2026 10:08","Jerry KH","PHW-TT-0001","","Pipe Laid (m)","","327.039","Cost Tracker - Linear!Q9"
"31/08/2026 10:08","Jerry KH","PHW-TT-0001","","Pipe Type","","DICL","Cost Tracker - Linear!N9"
"31/08/2026 10:08","Jerry KH","PHW-TT-0001","","As At Date","46262","46265","Cost Tracker - Linear!X9"
"31/08/2026 10:08","Jerry KH","PHW-TT-0002","","Trench Complete (m)","","77.82300000000004","Cost Tracker - Linear!K10"
"31/08/2026 10:08","Jerry KH","PHW-TT-0002","","Pipe Laid (m)","","77.82300000000004","Cost Tracker - Linear!Q10"
"31/08/2026 10:08","Jerry KH","PHW-TT-0002","","Pipe Type","","DICL","Cost Tracker - Linear!N10"
"31/08/2026 10:08","Jerry KH","PHW-TT-0002","","As At Date","46262","46265","Cost Tracker - Linear!X10"
"31/08/2026 10:08","Jerry KH","PHW-TT-0003","","Trench Complete (m)","","21.527999999999963","Cost Tracker - Linear!K11"
"31/08/2026 10:08","Jerry KH","PHW-TT-0003","","Pipe Laid (m)","","21.527999999999963","Cost Tracker - Linear!Q11"
"31/08/2026 10:08","Jerry KH","PHW-TT-0003","","Pipe Type","","DICL","Cost Tracker - Linear!N11"
"31/08/2026 10:08","Jerry KH","PHW-TT-0003","","As At Date","46262","46265","Cost Tracker - Linear!X11"
"31/08/2026 10:08","Jerry KH","PHW-TT-0004","","Trench Complete (m)","","123.61000000000001","Cost Tracker - Linear!K12"
"31/08/2026 10:08","Jerry KH","PHW-TT-0004","","Pipe Laid (m)","","98.61000000000001","Cost Tracker - Linear!Q12"
"31/08/2026 10:08","Jerry KH","PHW-TT-0004","","Pipe Type","","DICL","Cost Tracker - Linear!N12"
"31/08/2026 10:08","Jerry KH","PHW-TT-0004","","As At Date","46262","46265","Cost Tracker - Linear!X12"
"31/08/2026 10:08","Jerry KH","PWG-TT-0001","","Trench Complete (m)","","3.804","Cost Tracker - Linear!K111"
"31/08/2026 10:08","Jerry KH","PWG-TT-0001","","Pipe Laid (m)","","3.804","Cost Tracker - Linear!Q111"
"31/08/2026 10:08","Jerry KH","PWG-TT-0001","","Pipe Type","","DICL","Cost Tracker - Linear!N111"
"31/08/2026 10:08","Jerry KH","PWG-TT-0001","","As At Date","","46265","Cost Tracker - Linear!X111"
"31/08/2026 10:08","Jerry KH","PWG-TT-0001","","Updated By","","Jerry KH","Cost Tracker - Linear!Y111"
"31/08/2026 10:08","Jerry KH","PWG-TT-0002","","Trench Complete (m)","","2.4250000000000003","Cost Tracker - Linear!K112"
"31/08/2026 10:08","Jerry KH","PWG-TT-0002","","Pipe Laid (m)","","2.4250000000000003","Cost Tracker - Linear!Q112"
"31/08/2026 10:08","Jerry KH","PWG-TT-0002","","Pipe Type","","DICL","Cost Tracker - Linear!N112"
"31/08/2026 10:08","Jerry KH","PWG-TT-0002","","As At Date","","46265","Cost Tracker - Linear!X112"
"31/08/2026 10:08","Jerry KH","PWG-TT-0002","","Updated By","","Jerry KH","Cost Tracker - Linear!Y112"
"31/08/2026 10:08","Jerry KH","PWG-TT-0003","","Trench Complete (m)","","7.9430000000000005","Cost Tracker - Linear!K113"
"31/08/2026 10:08","Jerry KH","PWG-TT-0003","","Pipe Laid (m)","","7.9430000000000005","Cost Tracker - Linear!Q113"
"31/08/2026 10:08","Jerry KH","PWG-TT-0003","","Pipe Type","","DICL","Cost Tracker - Linear!N113"
"31/08/2026 10:08","Jerry KH","PWG-TT-0003","","As At Date","","46265","Cost Tracker - Linear!X113"
"31/08/2026 10:08","Jerry KH","PWG-TT-0003","","Updated By","","Jerry KH","Cost Tracker - Linear!Y113"
"31/08/2026 10:08","Jerry KH","PWG-TT-0004","","Trench Complete (m)","","28.340999999999998","Cost Tracker - Linear!K114"
"31/08/2026 10:08","Jerry KH","PWG-TT-0004","","Pipe Laid (m)","","28.340999999999998","Cost Tracker - Linear!Q114"
"31/08/2026 10:08","Jerry KH","PWG-TT-0004","","Pipe Type","","DICL","Cost Tracker - Linear!N114"
"31/08/2026 10:08","Jerry KH","PWG-TT-0004","","As At Date","","46265","Cost Tracker - Linear!X114"
"31/08/2026 10:08","Jerry KH","PWG-TT-0004","","Updated By","","Jerry KH","Cost Tracker - Linear!Y114"
"31/08/2026 10:08","Jerry KH","PWG-TT-0005","","Trench Complete (m)","","507.487","Cost Tracker - Linear!K115"
"31/08/2026 10:08","Jerry KH","PWG-TT-0005","","Pipe Laid (m)","","407.487","Cost Tracker - Linear!Q115"
"31/08/2026 10:08","Jerry KH","PWG-TT-0005","","Pipe Type","","DICL","Cost Tracker - Linear!N115"
"31/08/2026 10:08","Jerry KH","PWG-TT-0005","","As At Date","","46265","Cost Tracker - Linear!X115"
"31/08/2026 10:08","Jerry KH","PWG-TT-0005","","Updated By","","Jerry KH","Cost Tracker - Linear!Y115"
"31/08/2026 10:08","Jerry KH","Workbook File Name","","Settings","T2W_Pipeline_Master_Asset_Registe.xlsx","T2W_Pipeline_Master_Asset_Register.xlsx","Settings!C12"
"31/08/2026 10:08","Jerry KH","PWG","","Daily Progress","","31/08/2026 · +100.0 m trench, +100.0 m pipe, 11 item(s)","Daily Progress!B12"
"31/08/2026 10:08","Jerry KH","PHW","","Daily Progress","","01/09/2026 · +150.0 m trench, +125.0 m pipe, 4 item(s)","Daily Progress!B13"
"31/08/2026 10:08","Jerry KH","PWG","","Daily Progress","","02/09/2026 · +200.0 m trench, +150.0 m pipe, 4 item(s)","Daily Progress!B14"
"31/08/2026 10:08","Jerry KH","PHW","","Daily Progress","","02/09/2026 · +400.0 m trench, +400.0 m pipe, 40 item(s)","Daily Progress!B15"
"31/08/2026 10:08","Jerry KH","PWG","","Daily Progress","","02/09/2026 · +250.0 m trench, +200.0 m pipe, 7 item(s)","Daily Progress!B16"
"31/08/2026 10:08","Jerry KH","Supervisor","","Daily Plant and Labour","","31/08/2026 · Supervisor x1 · 10.0 h","Daily Plant and Labour!B20"
"31/08/2026 10:08","Jerry KH","Pipe crew","","Daily Plant and Labour","","31/08/2026 · Pipe crew x6 · 10.0 h","Daily Plant and Labour!B21"
"31/08/2026 10:08","Jerry KH","Excavator 30t","","Daily Plant and Labour","","31/08/2026 · Excavator 30t x1 · 9.0 h","Daily Plant and Labour!B22"
"31/08/2026 10:08","Jerry KH","Sideboom","","Daily Plant and Labour","","31/08/2026 · Sideboom x1 · 9.0 h","Daily Plant and Labour!B23"
"31/08/2026 10:08","Jerry KH","Supervisor","","Daily Plant and Labour","","01/09/2026 · Supervisor x1 · 10.0 h","Daily Plant and Labour!B24"
"31/08/2026 10:08","Jerry KH","Pipe crew","","Daily Plant and Labour","","01/09/2026 · Pipe crew x8 · 10.0 h","Daily Plant and Labour!B25"
"31/08/2026 10:08","Jerry KH","Excavator 30t","","Daily Plant and Labour","","01/09/2026 · Excavator 30t x1 · 9.0 h","Daily Plant and Labour!B26"
"31/08/2026 10:08","Jerry KH","Sideboom","","Daily Plant and Labour","","01/09/2026 · Sideboom x1 · 9.0 h","Daily Plant and Labour!B27"
"31/08/2026 10:08","Jerry KH","Supervisor","","Daily Plant and Labour","","02/09/2026 · Supervisor x1 · 10.0 h","Daily Plant and Labour!B28"
"31/08/2026 10:08","Jerry KH","Pipe crew","","Daily Plant and Labour","","02/09/2026 · Pipe crew x8 · 10.0 h","Daily Plant and Labour!B29"
"31/08/2026 10:08","Jerry KH","Excavator 30t","","Daily Plant and Labour","","02/09/2026 · Excavator 30t x1 · 9.0 h","Daily Plant and Labour!B30"
"31/08/2026 10:08","Jerry KH","Sideboom","","Daily Plant and Labour","","02/09/2026 · Sideboom x1 · 9.0 h","Daily Plant and Labour!B31"
"31/08/2026 10:08","Jerry KH","Supervisor","","Daily Plant and Labour","","02/09/2026 · Supervisor x1 · 10.0 h","Daily Plant and Labour!B32"
"31/08/2026 10:08","Jerry KH","Pipe crew","","Daily Plant and Labour","","02/09/2026 · Pipe crew x12 · 10.0 h","Daily Plant and Labour!B33"
"31/08/2026 10:08","Jerry KH","Excavator 30t","","Daily Plant and Labour","","02/09/2026 · Excavator 30t x1 · 9.0 h","Daily Plant and Labour!B34"
"31/08/2026 10:08","Jerry KH","Sideboom","","Daily Plant and Labour","","02/09/2026 · Sideboom x1 · 9.0 h","Daily Plant and Labour!B35"
"31/08/2026 10:08","Jerry KH","","","Daily Safety","","31/08/2026 · toolbox Yes · 7 on site · Nil","Daily Safety!B12"
"31/08/2026 10:08","Jerry KH","","","Daily Safety","","01/09/2026 · toolbox Yes · 9 on site · Nil","Daily Safety!B13"
"31/08/2026 10:08","Jerry KH","","","Daily Safety","","02/09/2026 · toolbox Yes · 9 on site · Nil","Daily Safety!B14"
"31/08/2026 10:08","Jerry KH","","","Daily Safety","","02/09/2026 · toolbox Yes · 13 on site · Nil","Daily Safety!B15"
"31/08/2026 10:08","Jerry KH","121267.88863999999","","Daily Profit","","31/08/2026 · earned $121,268, cost $85,437, profit $35,831","Daily Profit!B12"
"31/08/2026 10:08","Jerry KH","143213.75","","Daily Profit","","01/09/2026 · earned $143,214, cost $74,136, profit $69,078","Daily Profit!B13"
"31/08/2026 10:08","Jerry KH","86388","","Daily Profit","","02/09/2026 · earned $86,388, cost $77,172, profit $9,216","Daily Profit!B14"
"31/08/2026 10:08","Jerry KH","567643.71511","","Daily Profit","","02/09/2026 · earned $567,644, cost $231,095, profit $336,549","Daily Profit!B15"
"2026-03-09 15:00:00","Jerry KH","PHW-BND-095","PHW-BND-095","RECORD ADDED","","Bend @ 6101.187 m (HOR 22.5°)","Master Register!A835"
"2026-03-09 15:00:00","Jerry KH","PHW-BND-096","PHW-BND-096","RECORD ADDED","","Bend @ 11370.095 m (HOR 45°)","Master Register!A974"
"2026-03-09 15:00:00","Jerry KH","PHW-BND-003","PHW-BND-003","Chainage Start (m)","1092.986","1086.423","Master Register!B178"
"2026-03-09 15:00:00","Jerry KH","PHW-BND-097","PHW-BND-097","RECORD ADDED","","Bend @ 899.995 m (HOR 11.25°) — D-DWG-PHW-029.2.IFC.pdf","Master Register!A2205"
"2026-03-09 15:00:00","Jerry KH","PHW-BND-098","PHW-BND-098","RECORD ADDED","","Bend @ 1137.626 m (HOR 11.25°) — D-DWG-PHW-029.2.IFC.pdf","Master Register!A2206"
"2026-03-09 15:00:00","Jerry KH","PHW-BND-099","PHW-BND-099","RECORD ADDED","","Bend @ 2336.958 m (HOR 11.25°) — D-DWG-PHW-030.1.IFC.pdf","Master Register!A2207"
"2026-03-09 15:00:00","Jerry KH","PHW-BND-100","PHW-BND-100","RECORD ADDED","","Bend @ 2679.259 m (HOR 11.25°) — D-DWG-PHW-030.1.IFC.pdf","Master Register!A2208"
"2026-03-09 15:00:00","Jerry KH","PHW-BND-101","PHW-BND-101","RECORD ADDED","","Bend @ 5909.993 m (HOR 11.25°) — D-DWG-PHW-031.1.IFC.pdf","Master Register!A2209"
"2026-03-09 15:00:00","Jerry KH","PHW-BND-102","PHW-BND-102","RECORD ADDED","","Bend @ 7936.403 m (HOR 11.25°) — D-DWG-PHW-032.1.IFC.pdf","Master Register!A2210"
"2026-03-09 15:00:00","Jerry KH","PHW-BND-103","PHW-BND-103","RECORD ADDED","","Bend @ 8350.304 m (HOR 11.25°) — D-DWG-PHW-032.1.IFC.pdf","Master Register!A2211"
"2026-03-09 15:00:00","Jerry KH","PHW-BND-104","PHW-BND-104","RECORD ADDED","","Bend @ 9056.493 m (HOR 11.25°) — D-DWG-PHW-032.1.IFC.pdf","Master Register!A2212"
"2026-03-09 15:00:00","Jerry KH","PHW-BND-105","PHW-BND-105","RECORD ADDED","","Bend @ 9411.852 m (HOR 11.25°) — D-DWG-PHW-032.1.IFC.pdf","Master Register!A2213"
"2026-03-09 15:00:00","Jerry KH","PHW-BND-106","PHW-BND-106","RECORD ADDED","","Bend @ 9422.385 m (HOR 11.25°) — D-DWG-PHW-032.1.IFC.pdf","Master Register!A2214"
"2026-03-09 15:00:00","Jerry KH","PHW-BND-107","PHW-BND-107","RECORD ADDED","","Bend @ 9885.484 m (HOR 11.25°) — D-DWG-PHW-032.1.IFC.pdf","Master Register!A2215"
"2026-09-04 09:00:00","Jerry KH","PWG-BND-001","PWG-BND-001","RECORD ADDED","","Bend @ 14.172 m (VERT 11.25°) — PWG_DN375_Pipeline_Setout.xlsx","Master Register!A1290"
"2026-09-04 09:00:00","Jerry KH","PWG-BND-002","PWG-BND-002","RECORD ADDED","","Bend @ 42.513 m (HOR 45°) — PWG_DN375_Pipeline_Setout.xlsx","Master Register!A1295"
"2026-09-04 09:00:00","Jerry KH","PWG-BND-003","PWG-BND-003","RECORD ADDED","","Bend @ 228.027 m (HOR 11.25°) — PWG_DN375_Pipeline_Setout.xlsx","Master Register!A1301"
"2026-09-04 09:00:00","Jerry KH","PWG-BND-004","PWG-BND-004","RECORD ADDED","","Bend @ 323.528 m (HOR 22.5°) — PWG_DN375_Pipeline_Setout.xlsx","Master Register!A1306"
"2026-09-04 09:00:00","Jerry KH","PWG-BND-005","PWG-BND-005","RECORD ADDED","","Bend @ 424.209 m (HOR 22.5°) — PWG_DN375_Pipeline_Setout.xlsx","Master Register!A1309"
"2026-09-04 09:00:00","Jerry KH","PWG-BND-006","PWG-BND-006","RECORD ADDED","","Bend @ 611.583 m (HOR 11.25°) — PWG_DN375_Pipeline_Setout.xlsx","Master Register!A1314"
"2026-09-04 09:00:00","Jerry KH","PWG-BND-007","PWG-BND-007","RECORD ADDED","","Bend @ 700.553 m (HOR 11.25°) — PWG_DN375_Pipeline_Setout.xlsx","Master Register!A1320"
"2026-09-04 09:00:00","Jerry KH","PWG-BND-008","PWG-BND-008","RECORD ADDED","","Bend @ 995.153 m (HOR 11.25°) — PWG_DN375_Pipeline_Setout.xlsx","Master Register!A1336"
"2026-09-04 09:00:00","Jerry KH","PWG-BND-009","PWG-BND-009","RECORD ADDED","","Bend @ 1488.930 m (HOR 45°) — PWG_DN375_Pipeline_Setout.xlsx","Master Register!A1354"
"2026-09-04 09:00:00","Jerry KH","PWG-BND-010","PWG-BND-010","RECORD ADDED","","Bend @ 1507.505 m (HOR 45°) — PWG_DN375_Pipeline_Setout.xlsx","Master Register!A1360"
"2026-09-04 09:00:00","Jerry KH","PWG-BND-011","PWG-BND-011","RECORD ADDED","","Bend @ 1570.993 m (HOR 11.25°) — PWG_DN375_Pipeline_Setout.xlsx","Master Register!A1364"
"2026-09-04 09:00:00","Jerry KH","PWG-BND-012","PWG-BND-012","RECORD ADDED","","Bend @ 1630.183 m (HOR 11.25°) — PWG_DN375_Pipeline_Setout.xlsx","Master Register!A1368"
"2026-09-04 09:00:00","Jerry KH","PWG-BND-013","PWG-BND-013","RECORD ADDED","","Bend @ 1883.634 m (HOR 45°) — PWG_DN375_Pipeline_Setout.xlsx","Master Register!A1380"
"2026-09-04 09:00:00","Jerry KH","PWG-BND-014","PWG-BND-014","RECORD ADDED","","Bend @ 1906.136 m (HOR 45°) — PWG_DN375_Pipeline_Setout.xlsx","Master Register!A1389"
"2026-09-04 09:00:00","Jerry KH","PWG-BND-015","PWG-BND-015","RECORD ADDED","","Bend @ 2545.832 m (HOR 7.8°) — PWG_DN375_Pipeline_Setout.xlsx","Master Register!A1405"
"2026-09-04 09:00:00","Jerry KH","PWG-BND-016","PWG-BND-016","RECORD ADDED","","Bend @ 2564.395 m (HOR 6.1°) — PWG_DN375_Pipeline_Setout.xlsx","Master Register!A1409"
"2026-09-04 09:00:00","Jerry KH","PWG-BND-017","PWG-BND-017","RECORD ADDED","","Bend @ 2596.042 m (HOR 11.25°) — PWG_DN375_Pipeline_Setout.xlsx","Master Register!A1416"
"2026-09-04 09:00:00","Jerry KH","PWG-BND-018","PWG-BND-018","RECORD ADDED","","Bend @ 2691.626 m (HOR 11.25°) — PWG_DN375_Pipeline_Setout.xlsx","Master Register!A1424"
"2026-09-04 09:00:00","Jerry KH","PWG-BND-019","PWG-BND-019","RECORD ADDED","","Bend @ 2750.013 m (HOR 33.3°) — PWG_DN375_Pipeline_Setout.xlsx","Master Register!A1445"
"2026-09-04 09:00:00","Jerry KH","PWG-BND-020","PWG-BND-020","RECORD ADDED","","Bend @ 2783.074 m (HOR 39.1°) — PWG_DN375_Pipeline_Setout.xlsx","Master Register!A1454"
"2026-09-04 09:00:00","Jerry KH","PWG-BND-021","PWG-BND-021","RECORD ADDED","","Bend @ 2864.868 m (HOR 20°) — PWG_DN375_Pipeline_Setout.xlsx","Master Register!A1460"
"2026-09-04 09:00:00","Jerry KH","PWG-BND-022","PWG-BND-022","RECORD ADDED","","Bend @ 2916.826 m (HOR 22.5°) — PWG_DN375_Pipeline_Setout.xlsx","Master Register!A1469"
"2026-09-04 09:00:00","Jerry KH","PWG-BND-023","PWG-BND-023","RECORD ADDED","","Bend @ 4005.999 m (VERT 11.25°) — PWG_DN375_Pipeline_Setout.xlsx","Master Register!A1486"
"2026-09-04 09:00:00","Jerry KH","PWG-BND-024","PWG-BND-024","RECORD ADDED","","Bend @ 5442.668 m (VERT 11.25°) — PWG_DN375_Pipeline_Setout.xlsx","Master Register!A1500"
"2026-09-04 09:00:00","Jerry KH","PWG-BND-025","PWG-BND-025","RECORD ADDED","","Bend @ 5453.681 m (VERT 14.1°) — PWG_DN375_Pipeline_Setout.xlsx","Master Register!A1506"
"2026-09-04 09:00:00","Jerry KH","PWG-BND-026","PWG-BND-026","RECORD ADDED","","Bend @ 5465.147 m (VERT 11.4°) — PWG_DN375_Pipeline_Setout.xlsx","Master Register!A1507"
"2026-09-04 09:00:00","Jerry KH","PWG-BND-027","PWG-BND-027","RECORD ADDED","","Bend @ 5475.997 m (VERT 8.9°) — PWG_DN375_Pipeline_Setout.xlsx","Master Register!A1510"
"2026-09-04 09:00:00","Jerry KH","PWG-BND-028","PWG-BND-028","RECORD ADDED","","Bend @ 7122.979 m (HOR 22.5°) — PWG_DN375_Pipeline_Setout.xlsx","Master Register!A1528"
"2026-09-04 09:00:00","Jerry KH","PWG-BND-029","PWG-BND-029","RECORD ADDED","","Bend @ 7177.914 m (HOR 22.5°) — PWG_DN375_Pipeline_Setout.xlsx","Master Register!A1535"
"2026-09-04 09:00:00","Jerry KH","PWG-BND-030","PWG-BND-030","RECORD ADDED","","Bend @ 7542.564 m (HOR 31.9°) — PWG_DN375_Pipeline_Setout.xlsx","Master Register!A1542"
"2026-09-04 09:00:00","Jerry KH","PWG-BND-031","PWG-BND-031","RECORD ADDED","","Bend @ 7546.037 m (HOR 37.5°) — PWG_DN375_Pipeline_Setout.xlsx","Master Register!A1544"
"2026-09-04 09:00:00","Jerry KH","PWG-BND-032","PWG-BND-032","RECORD ADDED","","Bend @ 7547.413 m (VERT 7.8°) — PWG_DN375_Pipeline_Setout.xlsx","Master Register!A1547"
"2026-09-04 09:00:00","Jerry KH","PWG-BND-033","PWG-BND-033","RECORD ADDED","","Bend @ 7583.581 m (HOR 45°) — PWG_DN375_Pipeline_Setout.xlsx","Master Register!A1553"
"2026-09-04 09:00:00","Jerry KH","PWG-BND-034","PWG-BND-034","RECORD ADDED","","Bend @ 7587.138 m (HOR 45°) — PWG_DN375_Pipeline_Setout.xlsx","Master Register!A1555"
"2026-09-04 09:00:00","Jerry KH","PWG-BND-035","PWG-BND-035","RECORD ADDED","","Bend @ 7618.704 m (HOR 22.5°) — PWG_DN375_Pipeline_Setout.xlsx","Master Register!A1562"
"2026-09-04 09:00:00","Jerry KH","PWG-BND-036","PWG-BND-036","RECORD ADDED","","Bend @ 7619.979 m (VERT 11.25°) — PWG_DN375_Pipeline_Setout.xlsx","Master Register!A1564"
"2026-09-04 09:00:00","Jerry KH","PWG-BND-037","PWG-BND-037","RECORD ADDED","","Bend @ 7628.193 m (VERT 8.5°) — PWG_DN375_Pipeline_Setout.xlsx","Master Register!A1567"
"2026-09-04 09:00:00","Jerry KH","PWG-BND-038","PWG-BND-038","RECORD ADDED","","Bend @ 7638.763 m (VERT 10.9°) — PWG_DN375_Pipeline_Setout.xlsx","Master Register!A1569"
"2026-09-04 09:00:00","Jerry KH","PWG-BND-039","PWG-BND-039","RECORD ADDED","","Bend @ 7646.073 m (VERT 11.25°) — PWG_DN375_Pipeline_Setout.xlsx","Master Register!A1572"
"2026-09-04 09:00:00","Jerry KH","PWG-BND-040","PWG-BND-040","RECORD ADDED","","Bend @ 7862.684 m (HOR 11.25°) — PWG_DN375_Pipeline_Setout.xlsx","Master Register!A1585"
"2026-09-04 09:00:00","Jerry KH","PWG-BND-041","PWG-BND-041","RECORD ADDED","","Bend @ 7910.660 m (HOR 11.25°) — PWG_DN375_Pipeline_Setout.xlsx","Master Register!A1594"
"2026-09-04 09:00:00","Jerry KH","PWG-BND-042","PWG-BND-042","RECORD ADDED","","Bend @ 7957.939 m (HOR 11.25°) — PWG_DN375_Pipeline_Setout.xlsx","Master Register!A1597"
"2026-09-04 09:00:00","Jerry KH","PWG-BND-043","PWG-BND-043","RECORD ADDED","","Bend @ 7973.150 m (HOR 11.25°) — PWG_DN375_Pipeline_Setout.xlsx","Master Register!A1604"
"2026-09-04 09:00:00","Jerry KH","PWG-BND-044","PWG-BND-044","RECORD ADDED","","Bend @ 8109.465 m (HOR 11.25°) — PWG_DN375_Pipeline_Setout.xlsx","Master Register!A1608"
"2026-09-04 09:00:00","Jerry KH","PWG-BND-045","PWG-BND-045","RECORD ADDED","","Bend @ 8202.694 m (HOR 11.25°) — PWG_DN375_Pipeline_Setout.xlsx","Master Register!A1612"
"2026-09-04 09:00:00","Jerry KH","PWG-BND-046","PWG-BND-046","RECORD ADDED","","Bend @ 8245.381 m (HOR 11.25°) — PWG_DN375_Pipeline_Setout.xlsx","Master Register!A1618"
"2026-09-04 09:00:00","Jerry KH","PWG-BND-047","PWG-BND-047","RECORD ADDED","","Bend @ 8288.124 m (HOR 45°) — PWG_DN375_Pipeline_Setout.xlsx","Master Register!A1629"
"2026-09-04 09:00:00","Jerry KH","PWG-BND-048","PWG-BND-048","RECORD ADDED","","Bend @ 8328.858 m (HOR 27°) — PWG_DN375_Pipeline_Setout.xlsx","Master Register!A1640"
"2026-09-04 09:00:00","Jerry KH","PWG-BND-049","PWG-BND-049","RECORD ADDED","","Bend @ 8439.328 m (HOR 37°) — PWG_DN375_Pipeline_Setout.xlsx","Master Register!A1642"
"2026-09-04 09:00:00","Jerry KH","PWG-BND-050","PWG-BND-050","RECORD ADDED","","Bend @ 8450.400 m (COMPOUND 37.6°) — PWG_DN375_Pipeline_Setout.xlsx","Master Register!A1645"
"2026-09-04 09:00:00","Jerry KH","PWG-BND-051","PWG-BND-051","RECORD ADDED","","Bend @ 8465.757 m (VERT 8.6°) — PWG_DN375_Pipeline_Setout.xlsx","Master Register!A1650"
"2026-09-04 09:00:00","Jerry KH","PWG-BND-052","PWG-BND-052","RECORD ADDED","","Bend @ 8481.865 m (HOR 45°) — PWG_DN375_Pipeline_Setout.xlsx","Master Register!A1652"
"2026-09-04 09:00:00","Jerry KH","PWG-BND-053","PWG-BND-053","RECORD ADDED","","Bend @ 8485.834 m (HOR 45°) — PWG_DN375_Pipeline_Setout.xlsx","Master Register!A1664"
"2026-09-04 09:00:00","Jerry KH","PWG-BND-054","PWG-BND-054","RECORD ADDED","","Bend @ 8545.354 m (HOR 45°) — PWG_DN375_Pipeline_Setout.xlsx","Master Register!A1667"
"2026-09-04 09:00:00","Jerry KH","PWG-BND-055","PWG-BND-055","RECORD ADDED","","Bend @ 8547.890 m (HOR 45°) — PWG_DN375_Pipeline_Setout.xlsx","Master Register!A1709"
"2026-09-04 09:00:00","Jerry KH","PWG-BND-056","PWG-BND-056","RECORD ADDED","","Bend @ 9455.661 m (HOR 11.25°) — PWG_DN375_Pipeline_Setout.xlsx","Master Register!A1738"
"2026-09-04 09:00:00","Jerry KH","PWG-BND-057","PWG-BND-057","RECORD ADDED","","Bend @ 10741.055 m (HOR 11.25°) — PWG_DN375_Pipeline_Setout.xlsx","Master Register!A1739"
"2026-09-04 09:00:00","Jerry KH","PWG-BND-058","PWG-BND-058","RECORD ADDED","","Bend @ 10780.713 m (HOR 11.25°) — PWG_DN375_Pipeline_Setout.xlsx","Master Register!A1755"
"2026-09-04 09:00:00","Jerry KH","PWG-BND-059","PWG-BND-059","RECORD ADDED","","Bend @ 11468.159 m (HOR 11.25°) — PWG_DN375_Pipeline_Setout.xlsx","Master Register!A1763"
"2026-09-04 09:00:00","Jerry KH","PWG-BND-060","PWG-BND-060","RECORD ADDED","","Bend @ 11759.158 m (HOR 22.5°) — PWG_DN375_Pipeline_Setout.xlsx","Master Register!A1766"
"2026-09-04 09:00:00","Jerry KH","PWG-BND-061","PWG-BND-061","RECORD ADDED","","Bend @ 11768.094 m (HOR 22.5°) — PWG_DN375_Pipeline_Setout.xlsx","Master Register!A1770"
"2026-09-04 09:00:00","Jerry KH","PWG-BND-062","PWG-BND-062","RECORD ADDED","","Bend @ 11773.094 m (HOR 22.5°) — PWG_DN375_Pipeline_Setout.xlsx","Master Register!A1780"
"2026-09-04 09:00:00","Jerry KH","PWG-BND-063","PWG-BND-063","RECORD ADDED","","Bend @ 11782.037 m (HOR 22.5°) — PWG_DN375_Pipeline_Setout.xlsx","Master Register!A1800"
"2026-09-04 09:00:00","Jerry KH","PWG-BND-064","PWG-BND-064","RECORD ADDED","","Bend @ 12099.939 m (HOR 11.25°) — PWG_DN375_Pipeline_Setout.xlsx","Master Register!A1808"
"2026-09-04 09:00:00","Jerry KH","PWG-BND-065","PWG-BND-065","RECORD ADDED","","Bend @ 12694.713 m (HOR 45°) — PWG_DN375_Pipeline_Setout.xlsx","Master Register!A1810"
"2026-09-04 09:00:00","Jerry KH","PWG-BND-066","PWG-BND-066","RECORD ADDED","","Bend @ 12747.863 m (HOR 45°) — PWG_DN375_Pipeline_Setout.xlsx","Master Register!A1831"
"2026-09-04 09:00:00","Jerry KH","PWG-BND-067","PWG-BND-067","RECORD ADDED","","Bend @ 12782.914 m (HOR 11.25°) — PWG_DN375_Pipeline_Setout.xlsx","Master Register!A1833"
"2026-09-04 09:00:00","Jerry KH","PWG-BND-068","PWG-BND-068","RECORD ADDED","","Bend @ 13394.686 m (VERT 11.25°) — PWG_DN375_Pipeline_Setout.xlsx","Master Register!A1845"
"2026-09-04 09:00:00","Jerry KH","PWG-BND-069","PWG-BND-069","RECORD ADDED","","Bend @ 13416.368 m (HOR 11.25°) — PWG_DN375_Pipeline_Setout.xlsx","Master Register!A1848"
"2026-09-04 09:00:00","Jerry KH","PWG-BND-070","PWG-BND-070","RECORD ADDED","","Bend @ 14076.214 m (VERT 10.1°) — PWG_DN375_Pipeline_Setout.xlsx","Master Register!A1849"
"2026-09-04 09:00:00","Jerry KH","PWG-BND-071","PWG-BND-071","RECORD ADDED","","Bend @ 14101.293 m (VERT 11°) — PWG_DN375_Pipeline_Setout.xlsx","Master Register!A1851"
"2026-09-04 09:00:00","Jerry KH","PWG-BND-072","PWG-BND-072","RECORD ADDED","","Bend @ 14120.815 m (VERT 11.9°) — PWG_DN375_Pipeline_Setout.xlsx","Master Register!A1854"
"2026-09-04 09:00:00","Jerry KH","PWG-BND-073","PWG-BND-073","RECORD ADDED","","Bend @ 14136.236 m (HOR 15.6°) — PWG_DN375_Pipeline_Setout.xlsx","Master Register!A1861"
"2026-09-04 09:00:00","Jerry KH","PWG-BND-074","PWG-BND-074","RECORD ADDED","","Bend @ 14139.442 m (VERT 10.3°) — PWG_DN375_Pipeline_Setout.xlsx","Master Register!A1864"
"2026-09-04 09:00:00","Jerry KH","PWG-BND-075","PWG-BND-075","RECORD ADDED","","Bend @ 14178.758 m (VERT 10.6°) — PWG_DN375_Pipeline_Setout.xlsx","Master Register!A1899"
"2026-09-04 09:00:00","Jerry KH","PWG-BND-076","PWG-BND-076","RECORD ADDED","","Bend @ 14194.829 m (VERT 12.8°) — PWG_DN375_Pipeline_Setout.xlsx","Master Register!A1927"
"2026-09-04 09:00:00","Jerry KH","PWG-BND-077","PWG-BND-077","RECORD ADDED","","Bend @ 14883.120 m (HOR 11.25°) — PWG_DN375_Pipeline_Setout.xlsx","Master Register!A1935"
"2026-09-04 09:00:00","Jerry KH","PWG-BND-078","PWG-BND-078","RECORD ADDED","","Bend @ 16429.262 m (HOR 11.25°) — PWG_DN375_Pipeline_Setout.xlsx","Master Register!A1939"
"2026-09-04 09:00:00","Jerry KH","PWG-BND-079","PWG-BND-079","RECORD ADDED","","Bend @ 16975.581 m (HOR 11.25°) — PWG_DN375_Pipeline_Setout.xlsx","Master Register!A1945"
"2026-09-04 09:00:00","Jerry KH","PWG-BND-080","PWG-BND-080","RECORD ADDED","","Bend @ 16982.790 m (HOR 11.25°) — PWG_DN375_Pipeline_Setout.xlsx","Master Register!A1947"
"2026-09-04 09:00:00","Jerry KH","PWG-BND-081","PWG-BND-081","RECORD ADDED","","Bend @ 17433.278 m (HOR 22.5°) — PWG_DN375_Pipeline_Setout.xlsx","Master Register!A1955"
"2026-09-04 09:00:00","Jerry KH","PWG-BND-082","PWG-BND-082","RECORD ADDED","","Bend @ 17433.278 m (HOR 11.25°) — PWG_DN375_Pipeline_Setout.xlsx","Master Register!A1959"
"2026-09-04 09:00:00","Jerry KH","PWG-BND-083","PWG-BND-083","RECORD ADDED","","Bend @ 17830.527 m (HOR 22.5°) — PWG_DN375_Pipeline_Setout.xlsx","Master Register!A1962"
"2026-09-04 09:00:00","Jerry KH","PWG-BND-084","PWG-BND-084","RECORD ADDED","","Bend @ 18027.533 m (HOR 11.25°) — PWG_DN375_Pipeline_Setout.xlsx","Master Register!A1967"
"2026-09-04 09:00:00","Jerry KH","PWG-BND-085","PWG-BND-085","RECORD ADDED","","Bend @ 18096.401 m (HOR 11.25°) — PWG_DN375_Pipeline_Setout.xlsx","Master Register!A1971"
"2026-09-04 09:00:00","Jerry KH","PWG-BND-086","PWG-BND-086","RECORD ADDED","","Bend @ 18147.994 m (HOR 45°) — PWG_DN375_Pipeline_Setout.xlsx","Master Register!A1974"
"2026-09-04 09:00:00","Jerry KH","PWG-BND-087","PWG-BND-087","RECORD ADDED","","Bend @ 18150.734 m (HOR 45°) — PWG_DN375_Pipeline_Setout.xlsx","Master Register!A1988"
"2026-09-04 09:00:00","Jerry KH","PWG-BND-088","PWG-BND-088","RECORD ADDED","","Bend @ 18166.781 m (HOR 22.5°) — PWG_DN375_Pipeline_Setout.xlsx","Master Register!A2000"
"2026-09-04 09:00:00","Jerry KH","PWG-BND-089","PWG-BND-089","RECORD ADDED","","Bend @ 18166.781 m (HOR 11.25°) — PWG_DN375_Pipeline_Setout.xlsx","Master Register!A2006"
"2026-09-04 09:00:00","Jerry KH","PWG-BND-090","PWG-BND-090","RECORD ADDED","","Bend @ 18181.794 m (HOR 22.5°) — PWG_DN375_Pipeline_Setout.xlsx","Master Register!A2011"
"2026-09-04 09:00:00","Jerry KH","PWG-BND-091","PWG-BND-091","RECORD ADDED","","Bend @ 18181.794 m (HOR 11.25°) — PWG_DN375_Pipeline_Setout.xlsx","Master Register!A2014"
"2026-09-04 09:00:00","Jerry KH","PWG-BND-092","PWG-BND-092","RECORD ADDED","","Bend @ 18785.871 m (VERT 11.25°) — PWG_DN375_Pipeline_Setout.xlsx","Master Register!A2022"
"2026-09-04 09:00:00","Jerry KH","PWG-BND-093","PWG-BND-093","RECORD ADDED","","Bend @ 20066.024 m (HOR 11.25°) — PWG_DN375_Pipeline_Setout.xlsx","Master Register!A2029"
"2026-09-04 09:00:00","Jerry KH","PWG-BND-094","PWG-BND-094","RECORD ADDED","","Bend @ 20282.529 m (HOR 11.25°) — PWG_DN375_Pipeline_Setout.xlsx","Master Register!A2032"
"2026-09-04 09:00:00","Jerry KH","PWG-BND-095","PWG-BND-095","RECORD ADDED","","Bend @ 20818.272 m (HOR 22.5°) — PWG_DN375_Pipeline_Setout.xlsx","Master Register!A2034"
"2026-09-04 09:00:00","Jerry KH","PWG-BND-096","PWG-BND-096","RECORD ADDED","","Bend @ 20947.014 m (HOR 11.25°) — PWG_DN375_Pipeline_Setout.xlsx","Master Register!A2041"
"2026-09-04 09:00:00","Jerry KH","PWG-BND-097","PWG-BND-097","RECORD ADDED","","Bend @ 21445.551 m (HOR 11.25°) — PWG_DN375_Pipeline_Setout.xlsx","Master Register!A2047"
"2026-09-04 09:00:00","Jerry KH","PWG-BND-098","PWG-BND-098","RECORD ADDED","","Bend @ 21581.657 m (HOR 11.25°) — PWG_DN375_Pipeline_Setout.xlsx","Master Register!A2055"
"2026-09-04 09:00:00","Jerry KH","PWG-BND-099","PWG-BND-099","RECORD ADDED","","Bend @ 21602.601 m (HOR 11.25°) — PWG_DN375_Pipeline_Setout.xlsx","Master Register!A2059"
"2026-09-04 09:00:00","Jerry KH","PWG-BND-100","PWG-BND-100","RECORD ADDED","","Bend @ 21631.157 m (HOR 11.25°) — PWG_DN375_Pipeline_Setout.xlsx","Master Register!A2064"
"2026-09-04 09:00:00","Jerry KH","PWG-BND-101","PWG-BND-101","RECORD ADDED","","Bend @ 22176.234 m (HOR 11.25°) — PWG_DN375_Pipeline_Setout.xlsx","Master Register!A2066"
"2026-09-04 09:00:00","Jerry KH","PWG-BND-102","PWG-BND-102","RECORD ADDED","","Bend @ 22337.962 m (HOR 17.4°) — PWG_DN375_Pipeline_Setout.xlsx","Master Register!A2072"
"2026-09-04 09:00:00","Jerry KH","PWG-BND-103","PWG-BND-103","RECORD ADDED","","Bend @ 22504.051 m (HOR 11.25°) — PWG_DN375_Pipeline_Setout.xlsx","Master Register!A2073"
"2026-09-04 09:00:00","Jerry KH","PWG-BND-104","PWG-BND-104","RECORD ADDED","","Bend @ 22650.050 m (HOR 11.25°) — PWG_DN375_Pipeline_Setout.xlsx","Master Register!A2075"
"2026-09-04 09:00:00","Jerry KH","PWG-BND-105","PWG-BND-105","RECORD ADDED","","Bend @ 23112.750 m (HOR 11.25°) — PWG_DN375_Pipeline_Setout.xlsx","Master Register!A2085"
"2026-09-04 09:00:00","Jerry KH","PWG-BND-106","PWG-BND-106","RECORD ADDED","","Bend @ 23373.352 m (HOR 11.25°) — PWG_DN375_Pipeline_Setout.xlsx","Master Register!A2091"
"2026-09-04 09:00:00","Jerry KH","PWG-BND-107","PWG-BND-107","RECORD ADDED","","Bend @ 23414.166 m (HOR 11.25°) — PWG_DN375_Pipeline_Setout.xlsx","Master Register!A2096"
"2026-09-04 09:00:00","Jerry KH","PWG-BND-108","PWG-BND-108","RECORD ADDED","","Bend @ 23666.289 m (HOR 11.25°) — PWG_DN375_Pipeline_Setout.xlsx","Master Register!A2103"
"2026-09-04 09:00:00","Jerry KH","PWG-BND-109","PWG-BND-109","RECORD ADDED","","Bend @ 23999.457 m (HOR 11.25°) — PWG_DN375_Pipeline_Setout.xlsx","Master Register!A2115"
"2026-09-04 09:00:00","Jerry KH","PWG-BND-110","PWG-BND-110","RECORD ADDED","","Bend @ 24426.900 m (HOR 22.5°) — PWG_DN375_Pipeline_Setout.xlsx","Master Register!A2117"
"2026-09-04 09:00:00","Jerry KH","PWG-BND-111","PWG-BND-111","RECORD ADDED","","Bend @ 24713.951 m (HOR 22.5°) — PWG_DN375_Pipeline_Setout.xlsx","Master Register!A2123"
"2026-09-04 09:00:00","Jerry KH","PWG-BND-112","PWG-BND-112","RECORD ADDED","","Bend @ 24909.165 m (HOR 11.25°) — PWG_DN375_Pipeline_Setout.xlsx","Master Register!A2140"
"2026-09-04 09:00:00","Jerry KH","PWG-BND-113","PWG-BND-113","RECORD ADDED","","Bend @ 24972.933 m (VERT 6°) — PWG_DN375_Pipeline_Setout.xlsx","Master Register!A2142"
"2026-09-04 09:00:00","Jerry KH","PWG-BND-114","PWG-BND-114","RECORD ADDED","","Bend @ 25129.481 m (HOR 22.5°) — PWG_DN375_Pipeline_Setout.xlsx","Master Register!A2144"
"2026-09-04 09:00:00","Jerry KH","PWG-BND-115","PWG-BND-115","RECORD ADDED","","Bend @ 25162.559 m (HOR 22.5°) — PWG_DN375_Pipeline_Setout.xlsx","Master Register!A2160"
"2026-09-04 09:00:00","Jerry KH","PWG-BND-116","PWG-BND-116","RECORD ADDED","","Bend @ 25162.559 m (HOR 11.25°) — PWG_DN375_Pipeline_Setout.xlsx","Master Register!A2170"
"2026-09-04 09:00:00","Jerry KH","PWG-BND-117","PWG-BND-117","RECORD ADDED","","Bend @ 25169.588 m (HOR 22.5°) — PWG_DN375_Pipeline_Setout.xlsx","Master Register!A2184"
"2026-09-04 09:00:00","Jerry KH","PWG-BND-118","PWG-BND-118","RECORD ADDED","","Bend @ 25391.145 m (HOR 11.25°) — PWG_DN375_Pipeline_Setout.xlsx","Master Register!A2186"
"2026-09-04 09:00:00","Jerry KH","PWG-BND-119","PWG-BND-119","RECORD ADDED","","Bend @ 25800.795 m (HOR 22.5°) — PWG_DN375_Pipeline_Setout.xlsx","Master Register!A2217"
"2026-09-04 09:00:00","Jerry KH","PWG-BND-120","PWG-BND-120","RECORD ADDED","","Bend @ 25804.926 m (HOR 22.5°) — PWG_DN375_Pipeline_Setout.xlsx","Master Register!A2218"
"2026-09-04 09:00:00","Jerry KH","PWG-BND-121","PWG-BND-121","RECORD ADDED","","Bend @ 25817.226 m (HOR 11.25°) — PWG_DN375_Pipeline_Setout.xlsx","Master Register!A2219"
"2026-09-04 09:00:00","Jerry KH","PWG-BND-122","PWG-BND-122","RECORD ADDED","","Bend @ 26038.676 m (HOR 11.25°) — PWG_DN375_Pipeline_Setout.xlsx","Master Register!A2220"
"2026-09-04 09:00:00","Jerry KH","PWG-BND-123","PWG-BND-123","RECORD ADDED","","Bend @ 26195.427 m (HOR 11.25°) — PWG_DN375_Pipeline_Setout.xlsx","Master Register!A2221"
"2026-09-04 09:00:00","Jerry KH","PWG-BND-124","PWG-BND-124","RECORD ADDED","","Bend @ 26560.798 m (HOR 11.25°) — PWG_DN375_Pipeline_Setout.xlsx","Master Register!A2222"
"2026-09-04 09:00:00","Jerry KH","PWG-BND-125","PWG-BND-125","RECORD ADDED","","Bend @ 26662.937 m (HOR 22.5°) — PWG_DN375_Pipeline_Setout.xlsx","Master Register!A2223"
"2026-09-04 09:00:00","Jerry KH","Bend register","Bend register","Bend Rate Class","TEXT(angle,""0.##"")","Whole-number angles returned a trailing point (""45.""), which matched no Rate Library key. Formula now returns ""45"". Applied to all 233 bends.","Master Register!CJ"
